记录ID,台区编号,线路名称,设备类型,设备编号,缺陷类型,缺陷等级,发现日期,负荷值,温度,湿度,处理状态,备注
31,STATION_C_03,LINE_EPSILON_5,互感器,CT_006,渗漏油,一般,2026-05-03,89.96,28.8,70.9,已处理,
117,STATION_A_01,LINE_EPSILON_5,断路器,CB_024,发热,严重,2026-05-10,180.09,-0.9,79.2,已 处理,
80,STATION_E_01,LINE_ZETA_6,避雷器,LA_009,异物,严重,2026-03-10,48.31,13.7,41.1,已处理,
128,STATION_E_02,LINE_EPSILON_5,绝缘子,IN_026,锈蚀,一般,2026-05-20,39.42,17.7,44.8,已处理,
197,STATION_C_01,LINE_ALPHA_1,绝缘子,IN_044,渗漏油,一般,2026-01-31,45.41,,40.1,已处理,已复核
138,STATION_A_01,LINE_BETA_2,避雷器,LA_024,异物搭挂,一般,2026-05-25,5.0,20.4,51.1,已 处理,
210,STATION_E_03,LINE_ZETA_6,避雷器,LA_042,异物,一般,2026-06-18,5.0,20.5,68.3,处理中,已复核
46,STATION_F_03,LINE_ALPHA_1,断路器,CB_007,渗油,严重,2026-06-29,142.75,12.6,45.2,已 处理,
159,STATION_D_01,LINE_BETA_2,绝缘子,IN_033,破损,一般,2026-01-09,14.78,33.2,63.8,未处理,已复核
248,STATION_C_02,LINE_BETA_2,绝缘子,IN_053,锈蚀,一般,2026-01-29,36.09,29.2,74.6,已处理,
184,STATION_E_01,LINE_GAMMA_3,变压器,TR_039,锈蚀 ,严重,2026-03-16,538.39,19.5,58.6,已处理,已复核
903,STATION_C_02,LINE_ALPHA_1,避雷器,LA_020,渗漏油,严重,2026-01-13,36.9,22.8,44.3,已 处理,业务重复样本
228,STATION_D_02,LINE_DELTA_4,断路器,CB_036,发热,一般,2026-02-16,,17.0,43.0,已处理,
83,STATION_A_03,LINE_DELTA_4,避雷器,LA_012,渗漏油,危急,2026-06-27,5.0,16.1,77.8,处理中,已复核
166,STATION_E_03,LINE_BETA_2,互感器,CT_039,渗油,一般,2026-03-19,55.52,19.8,86.7,已处理,已复核
195,STATION_F_03,LINE_DELTA_4,互感器,CT_043,渗漏油,严重,2026-04-15,58.25,24.9,85.3,处理完成,
227,STATION_E_03,LINE_GAMMA_3,绝缘子,IN_049,放电痕迹,一般,2026-02-23,26.32,21.8,-3.0,未处理,已复核
147,STATION_A_01,LINE_GAMMA_3,绝缘子,IN_031,发热,严重,2026-06-27,88.88,39.8,53.0,done,
105,STATION_E_03,LINE_ALPHA_1,避雷器,LA_016,异物,危急,2026-01-07,70.21,29.7,82.0,已处理,
61,STATION_F_02,LINE_BETA_2,变压器,TR_018,锈蚀,一般,2026-01-14,518.19,29.7,74.8,done,
222,STATION_C_03,LINE_EPSILON_5,避雷器,LA_048,异物,一般,2026-05-28,,29.0,49.8,已处理,
901,STATION_E_03,LINE_ZETA_6,绝缘子,IN_019,渗油,严重,2026-05-25,81.02,25.0,81.1,done,业务重复样本
47,STATION_C_03,LINE_BETA_2,断路器,CB_008,异物,严重,2026-03-30,173.88,,76.5,已处理,
43,STATION_E_01,LINE_ALPHA_1,绝缘子,IN_010,渗漏油,严重,2026-03-17,76.28,31.9,45.9,done,已复核
186,STATION_C_03,LINE_DELTA_4,绝缘子,IN_039,发热,一般,2026-05-30,105.95,19.4,68.4,已处理,已复核
10,STATION_A_02,LINE_DELTA_4,互感器,CT_004,渗漏油,一般,2026-03-26,58.65,17.0,36.5,已处理,已复核
23,STATION_B_01,LINE_EPSILON_5,变压器,TR_010,发热,严重,2026-05-15,521.08,21.8,63.4,待处理,
200,STATION_F_03,LINE_ALPHA_1,绝缘子,IN_046,发热,危急,2026-04-06,40.48,29.9,37.2,已处理,
110,STATION_E_01,LINE_EPSILON_5,断路器,CB_021,锈蚀,严重,2026-06-02,183.06,21.8,76.9,处理中,
25,STATION_E_03,LINE_GAMMA_3,互感器,CT_005,异物,一般,2026-04-13,121.37,28.6,40.2,已处理,
114,STATION_C_03,LINE_GAMMA_3,断路器,CB_023,放电痕迹,一般,2026-03-20,190.56,,82.6,已处理,已复核
69,STATION_A_02,LINE_ALPHA_1,互感器,CT_017,异物,一般,2026-05-18,42.22,24.2,71.4,已处理,已复核
145,STATION_F_03,LINE_GAMMA_3,绝缘子,IN_030,锈蚀,一般,2026-05-17,90.91,26.1,47.0,已处理,
225,STATION_E_01,LINE_GAMMA_3,避雷器,LA_050,渗漏油,一般,2026-04-03,61.99,23.4,34.7,处理中,
253,STATION_B_01,LINE_ZETA_6,变压器,TR_052,异物搭挂,一般,2026-05-19,518.84,32.5,58.4,已处理,已复核
7,STATION_A_02,LINE_GAMMA_3,互感器,CT_002,漏油,危急,2026-02-24,133.27,33.6,64.1,处理中 ,
121,STATION_C_02,LINE_ALPHA_1,避雷器,LA_020,渗漏油,严重,2026-01-13,36.9,22.8,44.3,已 处理,
68,STATION_C_01,LINE_ALPHA_1,变压器,TR_021,漏油,一般,2026-01-20,513.12,,68.5,处理中 ,
120,STATION_A_03,LINE_BETA_2,互感器,CT_027,发热,严重,2026-02-25,-1.0,8.0,37.1,已处理,
119,STATION_B_02,LINE_GAMMA_3,避雷器,LA_019,渗漏油,严重,2026-05-19,37.93,20.7,47.3,已处理,已复核
26,STATION_D_03,LINE_ZETA_6,变压器,TR_012,异物,一般,2026-03-31,555.63,23.4,41.7,处理完成,已复核
126,STATION_D_02,LINE_ALPHA_1,断路器,CB_026,异物,严重,2026-06-29,153.17,16.6,77.2,处理中,
245,STATION_D_03,LINE_BETA_2,断路器,CB_039,异物搭挂,危急,2026-03-30,133.22,23.1,35.2,处理中,
20,STATION_C_03,LINE_ALPHA_1,变压器,TR_008,破损,严重,2026-06-12,456.76,22.5,66.4,处理中,已复核
78,STATION_B_02,LINE_BETA_2,避雷器,LA_007,渗漏油,严重,2026-02-04,57.98,25.5,58.1,未处理,
217,STATION_A_02,LINE_ZETA_6,避雷器,LA_046,发热,一般,2026-02-17,83.72,26.5,77.8,处理中,
91,STATION_C_02,LINE_DELTA_4,互感器,CT_026,破损,一般,2026-02-10,9999.0,,54.1,处理中,已复核
209,STATION_B_02,LINE_BETA_2,绝缘子,IN_047,锈蚀,一般,2026-01-31,38.59,3.9,82.9,已处理,
94,STATION_C_01,LINE_GAMMA_3,断路器,CB_015,漏油,危急,2026-05-17,209.21,18.7,54.0,处理完成,
181,STATION_F_02,LINE_ZETA_6,绝缘子,IN_038,漏油,一般,2026-04-21,18.71,24.3,68.1,已 处理,
16,STATION_E_03,LINE_GAMMA_3,变压器,TR_006,锈蚀,一般,2026-04-14,9999.0,31.5,83.4,已处理,已复核
153,STATION_F_02,LINE_BETA_2,避雷器,LA_028,锈蚀,危急,2026-03-25,89.19,30.0,66.4,已处理,
233,STATION_A_01,LINE_EPSILON_5,变压器,TR_048,锈蚀,一般,2026-03-14,,12.8,47.4,已处理,
251,STATION_B_01,LINE_ZETA_6,避雷器,LA_055,破损,一般,2026-05-11,26.15,23.7,62.7,已处理,
116,STATION_D_02,LINE_ALPHA_1,避雷器,LA_018,发热,一般,2026-05-19,58.51,,74.7,未处理,已复核
34,STATION_D_01,LINE_BETA_2,断路器,CB_006,锈蚀,危急,2026-01-24,5000.0,12.7,78.7,已处理,
185,STATION_C_03,LINE_DELTA_4,变压器,TR_040,放电痕迹,一般,2026-03-29,9999.0,17.3,57.0,未处理,
143,STATION_B_02,LINE_BETA_2,变压器,TR_029,破损,一般,2026-03-04,,27.2,54.7,已处理,
198,STATION_A_03,LINE_DELTA_4,绝缘子,IN_045,发热,一般,2026-01-26,72.61,15.2,42.7,已处理,已复核
38,STATION_E_03,LINE_GAMMA_3,互感器,CT_009,渗漏油,一般,2026-06-19,110.96,26.9,70.7,已处理,
17,STATION_D_01,LINE_GAMMA_3,绝缘子,IN_003,放电痕迹,一般,2026-02-18,69.48,,48.9,已处理,
76,STATION_C_03,LINE_EPSILON_5,互感器,CT_022,放电痕迹,一般,2026-02-20,97.31,15.6,75.3,已处理,
149,STATION_E_03,LINE_ZETA_6,互感器,CT_034,破损,一般,2026-06-04,73.16,32.1,83.0,已处理,
11,STATION_D_01,LINE_BETA_2,绝缘子,IN_001,渗漏油,严重,2026-04-29,29.37,22.2,43.5,已处理,已复核
234,STATION_E_02,LINE_DELTA_4,互感器,CT_050,锈蚀,一般,2026-06-19,108.55,27.7,63.3,未处理,已复核
67,STATION_F_02,LINE_BETA_2,避雷器,LA_006,渗漏油,一般,2026-06-21,11.56,13.4,81.7,已处理,
254,STATION_B_03,LINE_EPSILON_5,避雷器,LA_056,锈蚀,严重,2026-03-24,-1.0,19.5,60.0,未处理,
226,STATION_B_03,LINE_BETA_2,断路器,CB_035,放电痕迹,一般,2026-04-03,163.51,17.1,75.9,已处理,
183,STATION_C_03,LINE_ALPHA_1,变压器,TR_038,放电痕迹,一般,2026-04-10,5000.0,,61.9,已处理,已复核
74,STATION_A_03,LINE_EPSILON_5,互感器,CT_021,锈蚀,一般,2026-01-06,72.4,43.7,44.8,未处理,已复核
19,STATION_F_01,LINE_ALPHA_1,绝缘子,IN_004,锈蚀,一般,2026-01-08,78.48,28.4,46.1,处理中,
102,STATION_B_01,LINE_ZETA_6,绝缘子,IN_020,放电痕迹,一般,2026-04-07,19.33,13.0,80.9,已处理,
196,STATION_A_02,LINE_DELTA_4,避雷器,LA_039,锈蚀,一般,2026-06-01,5.32,29.7,49.9,已处理,
113,STATION_D_02,LINE_GAMMA_3,绝缘子,IN_023,发热,一般,2026-01-31,49.16,23.4,56.5,已处理,
171,STATION_A_02,LINE_ALPHA_1,互感器,CT_040,渗漏油,一般,2026-01-10,41.99,21.3,74.8,done,
87,STATION_A_02,LINE_ZETA_6,断路器,CB_014,异物,严重,2026-03-01,180.26,26.5,46.4,未处理,已复核
56,STATION_A_01,LINE_DELTA_4,断路器,CB_011,异物搭挂,一般,2026-02-02,175.39,15.9,42.5,已处理,
98,STATION_E_01,LINE_ZETA_6,断路器,CB_017,异物搭挂,一般,2026-06-18,197.95,8.1,77.0,已处理,
201,STATION_C_01,LINE_EPSILON_5,变压器,TR_042,发热,一般,2026-04-12,499.77,22.3,34.3,未处理,
39,STATION_B_02,LINE_BETA_2,避雷器,LA_004,发热,一般,2026-02-10,48.06,28.0,78.9,处理中,
155,STATION_C_02,LINE_ALPHA_1,避雷器,LA_029,破损,一般,2026-06-25,5.0,22.2,79.8,处理中 ,已复核
85,STATION_D_03,LINE_ZETA_6,互感器,CT_023,放电痕迹,危急,2026-03-03,81.7,21.1,78.2,已处理,
252,STATION_C_03,LINE_EPSILON_5,互感器,CT_053,锈蚀,一般,2026-06-30,113.23,16.3,75.6,处理中 ,
93,STATION_F_01,LINE_BETA_2,避雷器,LA_013,渗油,危急,2026-02-22,59.84,17.9,80.8,未处理,
202,STATION_F_02,LINE_ALPHA_1,互感器,CT_044,异物,一般,2026-01-31,68.63,11.7,89.4,处理中,
127,STATION_A_02,LINE_ALPHA_1,绝缘子,IN_025,破损,一般,2026-03-22,52.11,33.8,84.8,已处理,已复核
125,STATION_F_01,LINE_ALPHA_1,避雷器,LA_021,破损,严重,2026-06-17,5.0,14.7,53.7,未处理,
79,STATION_D_02,LINE_BETA_2,避雷器,LA_008,异物,危急,2026-06-15,,,42.0,已处理,已复核
182,STATION_A_03,LINE_BETA_2,避雷器,LA_035,破损,一般,2026-04-13,35.51,40.6,74.6,已 处理,
112,STATION_E_03,LINE_DELTA_4,断路器,CB_022,异物,严重,2026-06-12,9999.0,26.4,73.7,未处理,
230,STATION_B_01,LINE_DELTA_4,变压器,TR_046,发热,严重,2026-04-30,529.81,19.2,84.6,done,
258,STATION_A_02,LINE_ALPHA_1,变压器,TR_053,渗漏油,一般,2026-03-29,,20.1,61.7,已处理,
10,STATION_A_02,LINE_DELTA_4,互感器,CT_004,渗漏油,一般,2026-03-26,58.65,17.0,36.5,已处理,已复核
211,STATION_B_02,LINE_EPSILON_5,避雷器,LA_043,破损,一般,2026-06-20,5.0,20.7,61.3,处理中,
194,STATION_C_01,LINE_ALPHA_1,避雷器,LA_038,破损,危急,2026-06-25,89.55,36.3,84.2,待处理,
156,STATION_D_03,LINE_EPSILON_5,避雷器,LA_030,放电痕迹,一般,2026-03-13,9.39,20.3,31.5,已处理,
70,STATION_C_03,LINE_DELTA_4,互感器,CT_018,发热,一般,2026-02-13,62.61,,89.0,未处理,
3,STATION_D_03,LINE_BETA_2,变压器,TR_002,渗漏油,一般,2026-04-02,508.75,27.3,30.9,已处理,
77,STATION_B_03,LINE_ZETA_6,绝缘子,IN_015,锈蚀,严重,2026-02-19,55.46,25.4,35.9,处理中,已复核
148,STATION_B_02,LINE_ALPHA_1,互感器,CT_033,锈蚀,危急,2026-03-16,98.18,9.5,88.8,处理中,
140,STATION_C_02,LINE_BETA_2,断路器,CB_028,发热,一般,2026-04-20,180.44,17.4,58.4,已处理,
144,STATION_C_02,LINE_ZETA_6,断路器,CB_029,渗漏油,一般,2026-01-18,210.57,21.9,82.5,done,
97,STATION_B_02,LINE_ALPHA_1,断路器,CB_016,发热,严重,2026-03-05,198.42,29.3,68.4,已处理,
109,STATION_C_03,LINE_ALPHA_1,绝缘子,IN_022,渗漏油,一般,2026-05-13,52.79,,37.7,已处理,
141,STATION_F_03,LINE_ZETA_6,变压器,TR_028,放电痕迹,一般,2026-04-05,540.7,27.6,89.2,已处理,已复核
174,STATION_E_02,LINE_ALPHA_1,互感器,CT_042,破损,一般,2026-02-16,100.99,12.0,61.9,已处理,
30,STATION_C_02,LINE_GAMMA_3,避雷器,LA_002,放电痕迹,一般,2026-02-13,29.16,24.1,80.0,待处理,
75,STATION_E_01,LINE_GAMMA_3,断路器,CB_013,锈蚀 ,一般,2026-03-05,223.06,20.3,73.8,已 处理,已复核
118,STATION_A_03,LINE_EPSILON_5,断路器,CB_025,渗漏油,严重,2026-05-26,157.51,19.5,75.0,已处理,
30,STATION_C_02,LINE_GAMMA_3,避雷器,LA_002,放电痕迹,一般,2026-02-13,29.16,24.1,80.0,待处理,
216,STATION_B_02,LINE_EPSILON_5,避雷器,LA_045,发热,严重,2026-05-11,43.67,25.6,40.2,已处理,
193,STATION_D_02,LINE_GAMMA_3,避雷器,LA_037,破损,严重,2026-03-31,17.2,22.7,88.3,已处理,已复核
235,STATION_C_03,LINE_BETA_2,绝缘子,IN_050,发热,严重,2026-02-17,,12.5,67.3,已处理,已复核
178,STATION_A_03,LINE_ZETA_6,绝缘子,IN_037,发热,一般,2026-01-28,35.99,10.9,31.6,已处理,
40,STATION_D_03,LINE_ALPHA_1,互感器,CT_010,放电痕迹,一般,2026-04-20,67.13,20.0,44.1,已处理,
6,STATION_F_01,LINE_DELTA_4,断路器,CB_003,发热,一般,2026-03-05,142.96,34.3,54.4,已 处理,
57,STATION_D_01,LINE_EPSILON_5,互感器,CT_013,异物搭挂,危急,2026-03-23,133.62,17.5,61.1,处理中,
260,STATION_D_02,LINE_DELTA_4,互感器,CT_056,异物,严重,2026-06-16,88.51,18.6,74.3,已处理,
176,STATION_C_03,LINE_ALPHA_1,断路器,CB_030,发热,一般,2026-04-01,140.39,,44.7,待处理,
165,STATION_C_02,LINE_GAMMA_3,变压器,TR_034,渗油,严重,2026-06-15,509.09,28.0,53.8,已处理,已复核
66,STATION_B_03,LINE_BETA_2,互感器,CT_016,渗漏油,严重,2026-01-08,84.09,7.0,58.8,待处理,已复核
158,STATION_D_02,LINE_ALPHA_1,变压器,TR_032,漏油,一般,2026-03-18,512.36,25.1,72.7,处理完成,
86,STATION_E_01,LINE_BETA_2,绝缘子,IN_016,异物,严重,2026-03-01,,20.0,46.0,未处理,已复核
115,STATION_D_01,LINE_ZETA_6,变压器,TR_026,异物搭挂,一般,2026-01-23,,33.8,61.6,处理中 ,已复核
246,STATION_A_02,LINE_GAMMA_3,避雷器,LA_053,渗漏油,一般,2026-03-22,74.02,22.5,43.3,已处理,
173,STATION_E_02,LINE_EPSILON_5,互感器,CT_041,发热,一般,2026-03-26,,-1.6,43.0,已处理,
32,STATION_B_02,LINE_BETA_2,断路器,CB_005,放电痕迹,一般,2026-05-16,209.58,9.4,41.5,done,已复核
13,STATION_E_02,LINE_ALPHA_1,变压器,TR_005,异物搭挂,一般,2026-01-19,511.78,35.0,80.9,处理完成,
36,STATION_A_02,LINE_DELTA_4,绝缘子,IN_008,放电痕迹,一般,2026-05-27,31.36,22.4,84.8,未处理,
29,STATION_D_01,LINE_DELTA_4,绝缘子,IN_007,破损,严重,2026-06-22,74.55,5.0,54.2,done,
133,STATION_A_02,LINE_GAMMA_3,断路器,CB_027,破损,严重,2026-01-25,181.12,20.5,77.7,未处理,已复核
52,STATION_B_01,LINE_EPSILON_5,绝缘子,IN_012,锈蚀,严重,2026-04-04,64.5,20.4,30.3,已处理,
96,STATION_B_03,LINE_ZETA_6,避雷器,LA_015,发热,严重,2026-06-29,78.9,19.0,39.7,未处理,
168,STATION_B_01,LINE_EPSILON_5,绝缘子,IN_035,渗漏油,危急,2026-03-01,56.49,15.1,75.0,处理中 ,
180,STATION_D_01,LINE_GAMMA_3,变压器,TR_037,破损,一般,2026-03-05,519.68,,72.6,已处理,已复核
42,STATION_E_02,LINE_EPSILON_5,变压器,TR_013,发热,一般,2026-05-09,503.87,14.0,87.9,已处理,
247,STATION_E_02,LINE_DELTA_4,避雷器,LA_054,渗漏油,一般,2026-03-27,90.5,26.4,56.5,未处理,
177,STATION_E_01,LINE_DELTA_4,避雷器,LA_034,破损,严重,2026-01-09,70.64,24.9,43.8,处理中,
137,STATION_D_02,LINE_ALPHA_1,避雷器,LA_023,发热,严重,2026-05-14,5.0,19.4,89.1,已处理,
27,STATION_C_02,LINE_ALPHA_1,绝缘子,IN_005,发热,一般,2026-04-11,66.08,,33.5,处理中,
50,STATION_E_03,LINE_ALPHA_1,绝缘子,IN_011,渗漏油,一般,2026-01-30,18.68,26.5,80.1,已处理,
142,STATION_B_01,LINE_EPSILON_5,避雷器,LA_025,发热,危急,2026-06-05,59.19,24.0,35.6,处理中 ,
160,STATION_E_03,LINE_DELTA_4,互感器,CT_036,发热,一般,2026-06-09,60.45,23.5,59.7,已处理,
1,STATION_A_02,LINE_EPSILON_5,断路器,CB_001,放电痕迹,严重,2026-03-09,190.21,21.1,57.7,已处理,已复核
232,STATION_F_01,LINE_ZETA_6,变压器,TR_047,异物搭挂,一般,2026-01-22,520.8,24.6,64.1,已处理,
101,STATION_E_03,LINE_ZETA_6,绝缘子,IN_019,渗油,严重,2026-05-25,81.02,25.0,81.1,done,已复核
242,STATION_D_02,LINE_DELTA_4,绝缘子,IN_052,渗漏油,一般,2026-04-17,47.64,5.1,34.4,处理中 ,
203,STATION_C_03,LINE_EPSILON_5,互感器,CT_045,发热,一般,2026-02-11,63.61,11.1,34.4,处理中,
99,STATION_D_03,LINE_ALPHA_1,变压器,TR_023,发热,一般,2026-01-09,535.59,28.9,42.7,处理完成,
37,STATION_F_01,LINE_ZETA_6,避雷器,LA_003,渗漏油,一般,2026-06-14,74.22,5.3,38.4,待处理,
62,STATION_E_02,LINE_ALPHA_1,互感器,CT_015,发热,一般,2026-06-17,57.84,24.3,52.3,处理中 ,已复核
151,STATION_F_01,LINE_BETA_2,互感器,CT_035,发热,一般,2026-04-30,93.32,15.2,76.2,已处理,已复核
213,STATION_E_03,LINE_GAMMA_3,互感器,CT_046,锈蚀,一般,2026-03-05,22.51,10.3,56.8,处理中,已复核
257,STATION_E_01,LINE_ZETA_6,绝缘子,IN_054,放电痕迹,严重,2026-02-16,62.92,0.0,59.5,已处理,已复核
12,STATION_F_03,LINE_ALPHA_1,变压器,TR_004,破损,严重,2026-03-07,521.57,17.2,77.6,已处理,已复核
902,STATION_B_02,LINE_GAMMA_3,避雷器,LA_017,渗油,危急,2026-03-28,47.37,24.9,86.3,已处理,业务重复样本
231,STATION_C_03,LINE_ZETA_6,互感器,CT_049,锈蚀,一般,2026-03-10,66.22,13.2,47.7,处理中,
28,STATION_E_03,LINE_DELTA_4,绝缘子,IN_006,渗漏油,一般,2026-01-23,,18.8,87.0,已处理,
179,STATION_F_02,LINE_ALPHA_1,变压器,TR_036,放电痕迹,严重,2026-05-19,538.99,33.5,87.5,已处理,
5,STATION_C_02,LINE_ZETA_6,断路器,CB_002,破损,一般,2026-03-14,-1.0,26.7,59.7,未处理,
123,STATION_D_03,LINE_ZETA_6,互感器,CT_029,锈蚀 ,一般,2026-03-31,87.05,13.3,60.3,已处理,
33,STATION_A_02,LINE_ZETA_6,互感器,CT_007,异物,一般,2026-03-04,73.27,16.7,40.5,待处理,
205,STATION_C_03,LINE_ALPHA_1,避雷器,LA_040,发热,一般,2026-02-24,53.93,7.9,79.6,已处理,
163,STATION_C_02,LINE_EPSILON_5,互感器,CT_037,放电痕迹,一般,2026-06-05,144.05,,81.9,已处理,
169,STATION_C_01,LINE_ALPHA_1,绝缘子,IN_036,放电痕迹,严重,2026-05-15,30.06,8.9,45.5,未处理,已复核
207,STATION_E_02,LINE_ALPHA_1,避雷器,LA_041,发热,一般,2026-02-27,30.33,31.0,76.5,已处理,
139,STATION_C_01,LINE_BETA_2,变压器,TR_027,锈蚀,一般,2026-05-26,503.7,18.1,68.3,已处理,已复核
63,STATION_C_01,LINE_DELTA_4,变压器,TR_019,放电痕迹,一般,2026-04-20,533.65,,41.3,已处理,已复核
136,STATION_B_03,LINE_ZETA_6,绝缘子,IN_029,破损,一般,2026-05-20,111.56,31.5,85.1,未处理,
129,STATION_D_02,LINE_ZETA_6,互感器,CT_030,破损,严重,2026-01-07,131.45,25.7,74.2,处理完成,
20,STATION_C_03,LINE_ALPHA_1,变压器,TR_008,破损,严重,2026-06-12,456.76,22.5,66.4,处理中,已复核
244,STATION_D_03,LINE_ZETA_6,互感器,CT_052,放电痕迹,一般,2026-05-10,84.85,38.0,54.5,已处理,
71,STATION_E_03,LINE_DELTA_4,互感器,CT_019,放电痕迹,危急,2026-03-02,96.8,36.9,54.7,已处理,已复核
223,STATION_E_01,LINE_BETA_2,避雷器,LA_049,发热,严重,2026-01-03,27.7,11.0,71.2,已处理,
65,STATION_C_02,LINE_ZETA_6,绝缘子,IN_014,渗漏油,危急,2026-02-16,57.68,27.9,54.6,已处理,
45,STATION_A_02,LINE_DELTA_4,互感器,CT_011,发热,严重,2026-05-05,103.13,19.2,56.0,处理中,
187,STATION_A_03,LINE_BETA_2,变压器,TR_041,发热,严重,2026-06-24,550.23,26.1,42.1,未处理,
157,STATION_A_03,LINE_ZETA_6,绝缘子,IN_032,渗漏油,危急,2026-06-03,49.1,20.3,43.2,未处理,
41,STATION_A_03,LINE_GAMMA_3,绝缘子,IN_009,渗漏油,一般,2026-01-28,34.22,2.2,46.6,已处理,
124,STATION_C_03,LINE_BETA_2,绝缘子,IN_024,放电痕迹,一般,2026-01-18,52.68,,65.0,已处理,已复核
154,STATION_B_03,LINE_ALPHA_1,变压器,TR_031,发热,严重,2026-02-18,446.47,29.8,69.5,处理中 ,
24,STATION_F_02,LINE_GAMMA_3,变压器,TR_011,放电痕迹,危急,2026-01-08,519.86,38.0,47.8,已 处理,
218,STATION_A_02,LINE_ALPHA_1,断路器,CB_033,破损,一般,2026-01-11,,22.9,-5.0,处理完成,
214,STATION_C_03,LINE_GAMMA_3,避雷器,LA_044,破损,一般,2026-04-13,9.14,18.9,50.8,处理完成,
82,STATION_C_02,LINE_BETA_2,避雷器,LA_011,放电痕迹,严重,2026-03-11,,24.6,47.4,处理中,
40,STATION_D_03,LINE_ALPHA_1,互感器,CT_010,放电痕迹,一般,2026-04-20,67.13,20.0,44.1,已处理,
241,STATION_A_03,LINE_ALPHA_1,变压器,TR_050,渗漏油,严重,2026-01-22,522.04,26.0,71.0,待处理,
48,STATION_F_02,LINE_DELTA_4,断路器,CB_009,放电痕迹,一般,2026-03-03,183.29,16.6,76.3,已处理,
95,STATION_F_02,LINE_ZETA_6,避雷器,LA_014,异物,一般,2026-04-19,82.26,20.0,32.1,处理中 ,
221,STATION_A_03,LINE_BETA_2,互感器,CT_048,异物,一般,2026-02-02,105.72,15.5,80.5,已处理,已复核
237,STATION_D_03,LINE_ALPHA_1,避雷器,LA_051,破损,一般,2026-02-16,14.96,17.0,67.4,处理中,
162,STATION_D_03,LINE_EPSILON_5,变压器,TR_033,破损,一般,2026-02-18,,28.6,50.9,处理中,
44,STATION_C_01,LINE_ZETA_6,变压器,TR_014,发热,严重,2026-05-10,491.33,-0.2,55.8,处理中,
146,STATION_F_01,LINE_DELTA_4,避雷器,LA_026,放电痕迹,严重,2026-02-19,50.52,18.6,77.3,已处理,
191,STATION_E_01,LINE_ZETA_6,避雷器,LA_036,锈蚀,危急,2026-01-02,103.81,21.1,64.7,done,
212,STATION_E_01,LINE_EPSILON_5,绝缘子,IN_048,发热,一般,2026-01-21,5.68,38.8,72.8,处理中,
4,STATION_C_02,LINE_ZETA_6,互感器,CT_001,渗油,严重,2026-03-06,112.69,27.2,58.6,已处理,
106,STATION_E_03,LINE_DELTA_4,断路器,CB_018,异物,一般,2026-05-21,224.62,9.9,48.3,已处理,
54,STATION_C_03,LINE_BETA_2,变压器,TR_015,渗漏油,严重,2026-04-07,523.55,10.1,89.6,处理中 ,
134,STATION_D_02,LINE_DELTA_4,互感器,CT_032,放电痕迹,一般,2026-01-07,87.34,26.6,87.6,待处理,
2,STATION_E_02,LINE_BETA_2,变压器,TR_001,发热,一般,2026-02-17,540.1,15.3,34.9,待处理,
224,STATION_B_01,LINE_EPSILON_5,断路器,CB_034,放电痕迹,一般,2026-01-13,,24.6,81.4,已处理,已复核
104,STATION_A_01,LINE_ZETA_6,绝缘子,IN_021,渗油,一般,2026-02-26,99.11,32.0,33.0,已处理,已复核
50,STATION_E_03,LINE_ALPHA_1,绝缘子,IN_011,渗漏油,一般,2026-01-30,18.68,26.5,80.1,已处理,
164,STATION_C_02,LINE_DELTA_4,互感器,CT_038,破损,一般,2026-06-11,77.65,27.2,31.9,已处理,
81,STATION_F_02,LINE_DELTA_4,避雷器,LA_010,放电痕迹,一般,2026-03-17,32.75,40.5,57.8,处理中,
206,STATION_B_02,LINE_ZETA_6,变压器,TR_044,发热,一般,2026-04-16,546.6,22.9,64.8,未处理,已复核
35,STATION_F_01,LINE_DELTA_4,互感器,CT_008,异物,一般,2026-02-23,110.32,14.3,45.9,已 处理,
238,STATION_C_02,LINE_GAMMA_3,断路器,CB_038,破损,危急,2026-02-03,230.51,32.6,38.1,处理中 ,
8,STATION_E_01,LINE_GAMMA_3,变压器,TR_003,异物搭挂,危急,2026-05-10,504.98,19.0,63.1,done,
172,STATION_A_02,LINE_EPSILON_5,避雷器,LA_033,锈蚀,危急,2026-03-17,22.14,18.5,83.1,处理完成,
199,STATION_C_01,LINE_ZETA_6,断路器,CB_031,破损,严重,2026-06-17,176.93,25.7,35.4,已处理,已复核
243,STATION_A_02,LINE_ZETA_6,互感器,CT_051,放电痕迹,一般,2026-03-02,35.77,21.7,56.8,未处理,
111,STATION_B_02,LINE_GAMMA_3,避雷器,LA_017,渗油,危急,2026-03-28,47.37,24.9,86.3,已处理,已复核
92,STATION_E_03,LINE_ALPHA_1,绝缘子,IN_018,锈蚀,严重,2026-02-06,107.38,19.0,43.5,已处理,
84,STATION_E_03,LINE_DELTA_4,变压器,TR_022,异物,严重,2026-03-03,539.6,29.3,84.5,已处理,
130,STATION_D_03,LINE_ALPHA_1,互感器,CT_031,渗漏油,一般,2026-01-17,85.05,7.0,70.7,已处理,
53,STATION_C_01,LINE_ALPHA_1,断路器,CB_010,破损,一般,2026-05-30,192.34,,64.3,处理完成,
90,STATION_E_03,LINE_ALPHA_1,互感器,CT_025,渗漏油,一般,2026-01-05,,37.3,86.6,已 处理,已复核
9,STATION_B_01,LINE_DELTA_4,互感器,CT_003,发热,严重,2026-03-25,5000.0,25.0,80.2,处理中,已复核
14,STATION_E_02,LINE_ZETA_6,断路器,CB_004,异物搭挂,严重,2026-06-04,169.9,24.9,89.7,已处理,
60,STATION_E_01,LINE_EPSILON_5,变压器,TR_017,放电痕迹,一般,2026-01-03,500.67,23.8,53.7,已处理,
249,STATION_E_03,LINE_BETA_2,变压器,TR_051,发热,一般,2026-05-10,529.06,6.0,44.2,处理中,
132,STATION_D_01,LINE_BETA_2,避雷器,LA_022,锈蚀,危急,2026-04-29,46.85,,150.0,未处理,
18,STATION_A_03,LINE_EPSILON_5,变压器,TR_007,破损,一般,2026-02-08,532.29,5.9,54.1,已处理,已复核
167,STATION_B_03,LINE_ZETA_6,绝缘子,IN_034,放电痕迹,一般,2026-05-18,5.0,14.6,33.1,处理中,
73,STATION_C_03,LINE_BETA_2,断路器,CB_012,放电痕迹,一般,2026-05-30,264.28,27.3,85.4,处理中 ,
255,STATION_D_03,LINE_ZETA_6,互感器,CT_054,渗漏油,一般,2026-02-26,75.53,6.5,67.2,已处理,已复核
135,STATION_E_03,LINE_EPSILON_5,绝缘子,IN_028,发热,严重,2026-05-02,60.11,10.7,73.3,未处理,
250,STATION_A_01,LINE_BETA_2,断路器,CB_040,破损,严重,2026-01-19,158.24,8.5,79.8,已处理,
229,STATION_D_01,LINE_EPSILON_5,断路器,CB_037,异物,严重,2026-01-13,182.6,,71.3,处理中 ,
259,STATION_B_01,LINE_GAMMA_3,断路器,CB_041,破损,严重,2026-05-20,166.59,20.5,66.1,已处理,已复核
64,STATION_F_03,LINE_ZETA_6,变压器,TR_020,渗漏油,一般,2026-02-17,563.35,21.0,41.7,已处理,
55,STATION_C_03,LINE_BETA_2,变压器,TR_016,放电痕迹,严重,2026-05-22,533.34,31.5,32.3,处理中,
108,STATION_D_03,LINE_BETA_2,断路器,CB_020,锈蚀 ,一般,2026-05-19,145.43,,75.6,已处理,
51,STATION_E_02,LINE_DELTA_4,互感器,CT_012,锈蚀,一般,2026-01-21,134.16,36.7,42.8,已 处理,
239,STATION_B_03,LINE_ZETA_6,变压器,TR_049,渗漏油,一般,2026-02-17,504.07,24.6,71.6,已处理,已复核
175,STATION_E_01,LINE_GAMMA_3,变压器,TR_035,异物,危急,2026-03-09,532.52,31.0,76.8,未处理,
240,STATION_D_03,LINE_GAMMA_3,避雷器,LA_052,漏油,一般,2026-02-28,76.35,20.3,70.5,处理完成,
190,STATION_B_03,LINE_BETA_2,绝缘子,IN_042,渗漏油,一般,2026-06-25,118.01,33.7,51.0,已处理,
15,STATION_E_01,LINE_GAMMA_3,绝缘子,IN_002,破损,一般,2026-01-11,78.59,20.3,82.4,已 处理,
208,STATION_F_03,LINE_DELTA_4,变压器,TR_045,锈蚀,一般,2026-02-17,-1.0,21.9,67.9,处理完成,
256,STATION_A_03,LINE_ALPHA_1,互感器,CT_055,异物,严重,2026-06-07,,11.9,85.7,处理中 ,
220,STATION_F_02,LINE_ALPHA_1,互感器,CT_047,发热,一般,2026-04-19,62.97,28.2,44.8,已处理,
170,STATION_A_01,LINE_EPSILON_5,避雷器,LA_032,锈蚀 ,一般,2026-04-01,42.45,23.9,82.0,已处理,
59,STATION_E_02,LINE_ZETA_6,互感器,CT_014,渗漏油,严重,2026-03-04,123.97,9.5,35.3,已处理,
219,STATION_C_03,LINE_DELTA_4,避雷器,LA_047,放电痕迹,一般,2026-03-02,68.48,24.6,39.2,未处理,
49,STATION_E_01,LINE_BETA_2,避雷器,LA_005,放电痕迹,一般,2026-04-06,,25.2,52.7,未处理,
89,STATION_E_02,LINE_BETA_2,互感器,CT_024,破损,严重,2026-04-20,95.41,24.8,38.1,已 处理,
236,STATION_E_01,LINE_GAMMA_3,绝缘子,IN_051,放电痕迹,一般,2026-06-11,98.31,17.5,66.6,已处理,
22,STATION_C_01,LINE_GAMMA_3,变压器,TR_009,锈蚀 ,一般,2026-03-04,,11.4,50.7,已处理,
58,STATION_A_03,LINE_EPSILON_5,绝缘子,IN_013,锈蚀,一般,2026-04-21,46.31,21.8,78.6,未处理,
204,STATION_E_01,LINE_GAMMA_3,变压器,TR_043,发热,危急,2026-05-29,588.45,10.6,38.0,已处理,
161,STATION_F_03,LINE_ZETA_6,避雷器,LA_031,异物,一般,2026-02-03,19.17,14.7,33.3,已处理,
60,STATION_E_01,LINE_EPSILON_5,变压器,TR_017,放电痕迹,一般,2026-01-03,500.67,23.8,53.7,已处理,
188,STATION_C_01,LINE_ZETA_6,绝缘子,IN_040,锈蚀 ,严重,2026-02-16,,,83.3,已处理,已复核
192,STATION_D_03,LINE_ZETA_6,绝缘子,IN_043,破损,严重,2026-05-23,23.16,,38.5,已处理,
150,STATION_A_02,LINE_ALPHA_1,变压器,TR_030,发热,一般,2026-01-08,540.93,32.9,48.1,处理中,已复核
131,STATION_D_02,LINE_EPSILON_5,绝缘子,IN_027,异物,一般,2026-02-20,98.65,36.9,61.4,处理中,
152,STATION_B_03,LINE_BETA_2,避雷器,LA_027,异物,一般,2026-03-23,45.04,39.8,50.2,已处理,
100,STATION_A_03,LINE_EPSILON_5,变压器,TR_024,发热,一般,2026-04-02,487.08,19.0,85.0,已 处理,已复核
88,STATION_B_03,LINE_ZETA_6,绝缘子,IN_017,放电痕迹,一般,2026-01-17,83.85,11.7,45.3,处理中 ,
215,STATION_E_02,LINE_DELTA_4,断路器,CB_032,发热,一般,2026-03-11,219.75,35.6,58.1,未处理,
122,STATION_E_01,LINE_ZETA_6,互感器,CT_028,渗油,严重,2026-06-18,143.14,32.0,60.2,已处理,已复核
904,STATION_D_02,LINE_EPSILON_5,绝缘子,IN_027,异物,一般,2026-02-20,98.65,36.9,61.4,处理中,业务重复样本
21,STATION_D_01,LINE_BETA_2,避雷器,LA_001,漏油,危急,2026-03-19,34.07,24.0,120.0,处理中,
189,STATION_B_02,LINE_DELTA_4,绝缘子,IN_041,放电痕迹,一般,2026-05-02,82.5,18.8,105.0,已处理,
72,STATION_B_01,LINE_GAMMA_3,互感器,CT_020,异物,一般,2026-02-19,129.57,25.7,54.2,处理完成,
107,STATION_E_03,LINE_GAMMA_3,断路器,CB_019,渗漏油,严重,2026-01-13,,28.6,67.1,done,
103,STATION_E_03,LINE_BETA_2,变压器,TR_025,破损,危急,2026-06-18,496.16,32.6,43.7,待处理,
