台区编号,所属供电所,容量kVA,投运年份,供电区域类型
STATION_A_01,BRANCH_02,800,2021,郊区
STATION_A_02,BRANCH_03,315,2005,郊区
STATION_A_03,BRANCH_01,800,2014,农村
STATION_B_01,BRANCH_04,630,2018,城区
STATION_B_02,BRANCH_04,630,2005,农村
STATION_C_01,BRANCH_05,630,2024,城区
STATION_C_02,BRANCH_02,315,2014,农村
STATION_C_03,BRANCH_02,630,2005,城区
STATION_D_01,BRANCH_03,400,2018,城区
STATION_D_02,BRANCH_04,500,2018,城区
STATION_D_03,BRANCH_05,630,2018,城区
STATION_E_01,BRANCH_01,630,2021,城区
STATION_E_02,BRANCH_02,400,2014,城区
STATION_E_03,BRANCH_02,400,2021,城区
STATION_F_01,BRANCH_02,500,2014,城区
STATION_F_03,BRANCH_03,315,2018,郊区
