台区编号,日均负荷,户数
STATION_A_01,107.02285714285713,602
STATION_A_02,106.00777777777778,812
STATION_A_03,180.334,719
STATION_B_01,644.6863636363637,615
STATION_B_02,112.40384615384616,787
STATION_B_03,141.24666666666667,182
STATION_C_01,298.6427272727273,750
STATION_C_02,691.7629411764706,322
STATION_C_03,844.2922727272727,681
STATION_D_01,610.5,828
STATION_D_02,112.30333333333333,486
STATION_D_03,159.4325,152
STATION_E_01,227.356,383
STATION_E_02,194.75500000000002,413
STATION_E_03,1036.2104545454547,848
STATION_F_01,126.16222222222223,852
STATION_F_02,193.3090909090909,546
STATION_F_03,219.57555555555555,859
