工单编号,台区编号,设备类型,缺陷类型,缺陷等级,发现日期,处理状态,缺陷描述
WO_0001,STATION_E_02,绝缘子,渗漏油,严重,2026/02/20,已 处理,"STATION_E_02绝缘子渗油,请核实后反馈,请安排抢修"
WO_0002,STATION_E_03,绝缘子,锈蚀,严重,2026年6月13日,已 处理,<p>STATION_E_03绝缘子镀锌层脱落，请核实后反馈，请安排抢修</p>
WO_0003,STATION_F_02,绝缘子,破损,危急,2025年5月14日,处理完成,STATION_F_02绝缘子碎裂，请核实后反馈，请安排抢修
WO_0004,STATION_E_03,断路器,发热,严重,2026-06-10,已 处理,发热（断路器，STATION_E_03），严重
WO_0005,STATION_C_01,母线,异物,一般,2026-08-04,处理,风筝线搭挂（母线，STATION_C_01），一般
WO_0006,STATION_A_01,断路器,渗漏油,一般,2025-09-19,处理完成,STATION_A_01断路 器渗油，请 核 实 后 反馈，需停电处理
WO_0007,STATION_E_03,隔离开关,锈蚀,一般,2025/02/03,done,"<p>铁锈（隔离开关,STATION_E_03）,一般</p>"
WO_0008,STATION_B_02,隔离开关,破损,危急,05/27/2026,已处理,  STATION_B_02隔离开关发现碎裂  ，危急缺陷  ，请尽快核实 
WO_0009,STATION_E_01,套管,发热,严重,01/03/2025,处理完成,  STATION_E_01套管发现温度偏高  ，严重缺陷  ，需停电处理 
WO_0010,STATION_C_03,绝缘子,异物,严重,2025/08/04,处理完成,"<p>STATION_C_03绝 缘子 塑料袋,请 核实 后反馈,请安 排抢修</p>"
WO_0011,STATION_F_02,断路器,渗漏油,严重,10/08/2025,处理,STATION_F_02断路 器油迹，请核 实后 反 馈，请尽快核实 详 见 http://10.0.0.1/wo！！！
WO_0012,STATION_B_01,母线,锈蚀,严重,2026/07/26,已 处理,<p>接报：STATION_B_01母线铁锈，需停电处理</p> 详见 http://10.0.0.1/wo
WO_0013,STATION_F_02,断路器,破损,危急,2026-06-09,已处理,  【危急】STATION_F_02断路器存在箱体变形  ，请列入本周计划 详见 http://10.0.0.1/wo 
WO_0014,STATION_A_01,变压器,发热,一般,2026年2月21日,已处理,STATION_A_01变压器烫手，请核实后反馈，请尽快核实
WO_0015,STATION_A_03,母线,异物,一般,2025-04-04,已处理,  接报：STATION_A_03母线塑料袋  ，请列入本周计划 
WO_0016,STATION_A_02,绝缘子,渗漏油,危急,2025-02-16,处理,【危急】STATION_A_02绝缘子存在渗油，请安排抢修
WO_0017,STATION_A_01,电流互感器,锈蚀,严重,2026-11-03,done,铁锈（电流互感器，STATION_A_01），严重
WO_0018,STATION_F_01,变压器,破损,严重,2025-10-08,done,变压器巡检时发现碎裂，位于STATION_F_01，严重
WO_0019,STATION_C_02,变压器,发热,严重,2026年4月13日,处理完成,"  变压 器 巡检 时 发 现 温 升 异 常,位 于STATION_C_02,严重 "
WO_0020,STATION_D_01,绝缘子,异物,危急,2026/04/28,处理完成,"  接报：STATION_D_01绝缘子鸟巢,请列入本周计划 详见 http://10.0.0.1/wo "
WO_0021,STATION_C_02,隔离开关,渗漏油,一般,2025-12-15,处理,"<p>STATION_C_02隔离开关发现油位下降,一般缺陷,请安排抢修</p>"
WO_0022,STATION_B_03,套管,锈蚀,严重,2026年8月18日,done,STATION_B_03套管发现镀锌层脱落，严重缺陷，请列入本周计划
WO_0023,STATION_B_02,变压器,破损,一般,2025/02/12,done,【一般】STATION_B_02变压器存在裂纹，请尽快核实
WO_0024,STATION_E_01,母线,发热,危急,2026/04/13,处理完成,接报：STATION_E_01母线温度偏高，需停电处理
WO_0025,STATION_B_01,电流互感器,异物,危急,12/04/2026,处理,  STATION_B_01电流互感器异物  ，请核实后反馈  ，请列入本周计划 详见 http://10.0.0.1/wo 
WO_0026,STATION_C_02,电流互感器,渗漏油,严重,2026年10月27日,处理,  电流互感器巡检时发现渗油  ，位于STATION_C_02  ，严重 详见 http://10.0.0.1/wo 
WO_0027,STATION_C_03,绝缘子,锈蚀,严重,12/23/2026,处理完成,"  绝缘子巡检时发现铁锈,位于STATION_C_03,严重 详见 http://10.0.0.1/wo "
WO_0028,STATION_F_02,套管,破损,一般,05/21/2026,处理,  缺口（套管  ，STATION_F_02）  ，一般 ！！！
WO_0029,STATION_C_01,断路器,发热,危急,2026-12-27,已 处理,STATION_C_01断路器烫手，请核实后反馈，请列入本周计划！！！
WO_0030,STATION_A_03,变压器,异物,严重,09/16/2025,已处理,【严重】STATION_A_03变压器存在塑料袋，请安排抢修
WO_0031,STATION_E_03,电流互感器,渗漏油,一般,2026/01/25,done,<p>滴 油（电 流互 感器，STATION_E_03），一般</p>！！！
WO_0032,STATION_F_02,变压器,锈蚀,一般,2025-01-23,done,"镀锌层脱落（变压器,STATION_F_02）,一般"
WO_0033,STATION_E_01,套管,破损,危急,2025/06/06,已处理,  箱 体变形（套管  ，STATION_E_01）  ，危 急 
WO_0034,STATION_A_02,电流互感器,发热,一般,2025-11-13,done,<p>电流互感器巡检时发现过热，位于STATION_A_02，一般</p>
WO_0035,STATION_D_02,避雷器,异物,一般,2026-07-09,处理完成,"STATION_D_02避雷器风筝线搭挂,请核实后反馈,已通知运维班"
WO_0036,STATION_A_03,变压器,渗漏油,危急,2026-04-03,已 处理,【危急】STATION_A_03变压器存在滴油，请列入本周计划
WO_0037,STATION_B_03,母线,锈蚀,一般,2025/06/14,已处理,STATION_B_03母线发现漆面剥落，一般缺陷，请尽快核实
WO_0038,STATION_C_01,电流互感器,破损,一般,2026/08/15,已 处理,STATION_C_01电流互感器缺口，请核实后反馈，需停电处理
WO_0039,STATION_B_03,电流互感器,发热,危急,2025/01/04,已处理,  <p>接报：STATION_B_03电流互感器温度偏高  ，请安排抢修</p> 
WO_0040,STATION_F_02,变压器,异物,严重,2026年11月12日,已 处理,STATION_F_02变压器发现风筝线搭挂，严重缺陷，请列入本周计划 详见 http://10.0.0.1/wo
WO_0041,STATION_B_03,套管,渗漏油,危急,2026-10-11,处理,"  【危急】STATION_B_03套管存在油迹,请列入本周计划 "
WO_0042,STATION_F_03,电流互感器,锈蚀,一般,2026年12月19日,已处理,【一 般】STATION_F_03电流 互 感 器存在锈 蚀，已 通知运维班 详见 http://10.0.0.1/wo
WO_0043,STATION_A_02,绝缘子,破损,严重,11/10/2026,处理,绝缘子巡检时发现缺口，位于STATION_A_02，严重
WO_0044,STATION_C_01,隔离开关,发热,严重,2026/07/15,已处理,"【严重】STATION_C_01隔离 开关 存 在过热,请安排抢修"
WO_0045,STATION_F_02,电流互感器,异物,危急,2026/08/22,处理完成,STATION_F_02电流互感器发现树枝，危急缺陷，需停电处理
WO_0046,STATION_A_03,隔离开关,渗漏油,危急,09/18/2026,已 处理,<p>STATION_A_03隔离开关发现渗油，危急缺陷，请安排抢修</p>
WO_0047,STATION_C_02,变压器,锈蚀,危急,03/16/2025,处理完成,  变压器巡检时发现生锈  ，位于STATION_C_02  ，危急 详见 http://10.0.0.1/wo ！！！
WO_0048,STATION_D_03,套管,破损,一般,2026年9月12日,处理,  STATION_D_03套管发现箱体变形  ，一般缺陷  ，请尽快核实 
WO_0049,STATION_A_01,套管,发热,严重,08/19/2026,已 处理,【严重】STATION_A_01套管存在过热，请尽快核实
WO_0050,STATION_D_01,母线,异物,危急,2026-02-19,已 处理,风筝线搭挂（母线，STATION_D_01），危急！！！
WO_0051,STATION_E_01,绝缘子,渗漏油,严重,2025-06-26,已 处理,"  【严重】STATION_E_01绝缘子存在油位下降,已通知运维班 详见 http://10.0.0.1/wo "
WO_0052,STATION_F_01,隔离开关,锈蚀,严重,2026/12/27,done,"STATION_F_01隔离开关锈蚀,请核实后反馈,已通知运维班"
WO_0053,STATION_E_02,断路器,破损,严重,01/09/2026,处理,<p>断路器巡检时发现箱体变形，位于STATION_E_02，严重</p>
WO_0054,STATION_D_03,避雷器,发热,危急,2026/12/17,done,"温度偏高（避雷器,STATION_D_03）,危急！！！"
WO_0055,STATION_D_01,母线,异物,严重,2025-12-27,done,母 线巡 检时 发 现树枝，位 于STATION_D_01，严 重 详见 http://10.0.0.1/wo
WO_0056,STATION_A_03,变压器,渗漏油,一般,06/01/2025,已 处理,【一般】STATION_A_03变压器存在渗油，已通知运维班
WO_0057,STATION_E_01,隔离开关,锈蚀,一般,03/27/2025,处理完成,"  【一 般】STATION_E_01隔 离 开关 存在镀锌 层脱落,请 安排抢 修 "
WO_0058,STATION_B_02,母线,破损,严重,2026/08/26,处理,【严重】STATION_B_02母线存在碎裂，请安排抢修
WO_0059,STATION_B_03,套管,发热,一般,2025年9月10日,已 处理,烫手（套管，STATION_B_03），一般
WO_0060,STATION_B_02,断路器,异物,危急,2026-09-02,已处理,"STATION_B_02断路器异物,请 核 实后 反馈,请列 入本 周计 划 详见 http://10.0.0.1/wo"
WO_0061,STATION_D_01,电流互感器,渗漏油,严重,2026年7月21日,done,  电流互感器巡检时发现漏油  ，位于STATION_D_01  ，严重 
WO_0062,STATION_C_02,避雷器,锈蚀,危急,2026-11-19,已 处理,"  <p>漆面剥落（避雷器,STATION_C_02）,危急</p> "
WO_0063,STATION_B_01,隔离开关,破损,严重,2026年8月25日,done,【严重】STATION_B_01隔离开关存在裂纹，请尽快核实！！！
WO_0064,STATION_F_01,套管,发热,严重,2025-03-13,done,STATION_F_01套管发现过热，严重缺陷，已通知运维班
WO_0065,STATION_D_02,电流互感器,异物,严重,2025/01/17,处理完成,  STATION_D_02电流互感器鸟巢  ，请核实后反馈  ，需停电处理 
WO_0066,STATION_A_01,隔离开关,渗漏油,一般,2026年3月6日,已处理,"  油迹（隔离开关,STATION_A_01）,一般 "
WO_0067,STATION_B_02,断路器,锈蚀,一般,2025-02-27,已 处理,<p>铁锈（断路器，STATION_B_02），一般</p>
WO_0068,STATION_A_02,母线,破损,严重,2025年12月17日,已处理,"STATION_A_02母线发现碎裂,严重缺陷,已通知运维班"
WO_0069,STATION_A_03,变压器,发热,一般,2025/02/24,已 处理,STATION_A_03变压器过热，请核实后反馈，已通知运维班
WO_0070,STATION_D_02,母线,异物,严重,2025-11-21,已处理,母线巡检时发现树枝，位于STATION_D_02，严重
WO_0071,STATION_F_01,电流互感器,渗漏油,危急,07/15/2025,done,<p>电流互感器巡检时发现渗油，位于STATION_F_01，危急</p>
WO_0072,STATION_C_03,电流互感器,锈蚀,严重,06/11/2026,已处理,  STATION_C_03电流互感器发现生锈  ，严重缺陷  ，请尽快核实 
WO_0073,STATION_B_02,套管,破损,一般,2025/02/26,已处理,  接报：STATION_B_02套管破损  ，请尽快核实 
WO_0074,STATION_E_03,绝缘子,发热,严重,2026/02/24,处理,<p>【严重】STATION_E_03绝缘子存在烫手，请列入本周计划</p>
WO_0075,STATION_B_01,断路器,异物,危急,04/18/2025,done,  STATION_B_01断路器风筝线搭挂  ，请核实后反馈  ，请安排抢修 详见 http://10.0.0.1/wo 
WO_0076,STATION_C_03,避雷器,渗漏油,一般,2026年4月12日,done,【一般】STATION_C_03避雷 器存在油位下降，请 列入本周计划
WO_0077,STATION_E_01,电流互感器,锈蚀,严重,04/12/2026,已处理,"  【严重】STATION_E_01电流互感器存在锈蚀,请列入本周计划 "
WO_0078,STATION_E_02,绝缘子,破损,一般,2026-04-23,已处理,  碎 裂（绝缘子  ，STATION_E_02）  ，一 般 
WO_0079,STATION_D_01,电流互感器,发热,危急,2026年7月18日,done,电流互感器巡检时发现温升异常，，，位于STATION_D_01，，，危急
WO_0080,STATION_F_03,电流互感器,异物,严重,2025/12/24,处理,电流互感器巡检时发现树枝，位于STATION_F_03，严重
WO_0081,STATION_F_02,隔离开关,渗漏油,危急,2026年1月21日,处理,"隔离开关巡检时发现油位下降,位于STATION_F_02,危急"
WO_0082,STATION_C_03,电流互感器,锈蚀,严重,2025/03/19,处理,<p>接报：STATION_C_03电 流互感 器 漆面剥落，请尽 快 核实</p> 详 见 http://10.0.0.1/wo
WO_0083,STATION_F_01,断路器,破损,严重,2025/09/24,处理完成,STATION_F_01断路器发现碎裂，严重缺陷，请安排抢修
WO_0084,STATION_A_01,电流互感器,发热,一般,2026-09-04,处理,"电流互感器巡检时发现过热,位于STATION_A_01,一般"
WO_0085,STATION_E_03,母线,异物,危急,2025年5月10日,已 处理,"树枝（母线,STATION_E_03）,危急"
WO_0086,STATION_B_03,变压器,渗漏油,严重,2025-01-03,处理完成,  <p>滴油（变压器  ，STATION_B_03）  ，严重</p> ！！！
WO_0087,STATION_D_01,避雷器,锈蚀,危急,2025-06-12,处理完成,STATION_D_01避雷器铁锈，请核实后反馈，请列入本周计划
WO_0088,STATION_D_03,断路器,破损,严重,2026年2月22日,已处理,<p>断路器巡检时发现裂纹，位于STATION_D_03，严重</p>！！！
WO_0089,STATION_C_02,断路器,发热,危急,2026年12月25日,处理完成,STATION_C_02断路器温升异常，请核实后反馈，请安排抢修
WO_0090,STATION_C_01,绝缘子,异物,严重,2026-01-27,done,【严重】STATION_C_01绝缘子存在鸟巢，请尽快核实
WO_0091,STATION_B_02,断路器,渗漏油,严重,2025-06-16,done,<p>接报：STATION_B_02断路器滴油，请列入本周计划</p>
WO_0092,STATION_A_02,避雷器,锈蚀,危急,2026/12/14,已处理,  避雷器巡检时发现锈蚀  ，，，位于STATION_A_02  ，，，危急 
WO_0093,STATION_B_01,变压器,破损,一般,03/09/2026,已 处理,  变压器巡检时发现缺口  ，位于STATION_B_01  ，一般 
WO_0094,STATION_E_01,变压器,发热,危急,2025-02-13,done,STATION_E_01变压 器发现发 热，危急缺陷，已通知运维 班
WO_0095,STATION_B_03,断路器,异物,一般,2025年10月25日,已处理,STATION_B_03断路器树枝，请核实后反馈，已通知运维班
WO_0096,STATION_E_02,隔离开关,渗漏油,一般,2026/07/11,处理完成,STATION_E_02隔离开关油迹，，，请核实后反馈，，，请尽快核实
WO_0097,STATION_C_02,套管,锈蚀,一般,2026年10月22日,处理完成,  STATION_C_02套管镀锌层脱落  ，请核实后反馈  ，请尽快核实 
WO_0098,STATION_A_02,母线,破损,危急,01/18/2026,已处理,掉瓷（母线，STATION_A_02），危急 详见 http://10.0.0.1/wo
WO_0099,STATION_A_01,电流互感器,发热,危急,2025年11月25日,处理,接报：STATION_A_01电流互感器过热，请尽快核实
WO_0100,STATION_A_02,母线,异物,危急,2026年3月27日,处理完成,接报：STATION_A_02母线塑料袋，需停电处理 详见 http://10.0.0.1/wo
WO_0101,STATION_D_02,母线,渗漏油,严重,2025年2月12日,已处理,接报：STATION_D_02母线滴油，请安排抢修！！！
WO_0102,STATION_C_02,绝缘子,锈蚀,严重,2026-09-04,已 处理,  <p>STATION_C_02绝缘子漆面剥落  ，，，请核实后反馈  ，，，请列入本周计划</p> 
WO_0103,STATION_A_02,电流互感器,破损,危急,2025-03-23,处理完成,电流互感 器巡 检时 发现裂 纹，位 于STATION_A_02，危急
WO_0104,STATION_F_02,断路器,发热,危急,11/25/2025,处理完成,【危急】STATION_F_02断路器存在发热，请列入本周计划 详见 http://10.0.0.1/wo
WO_0105,STATION_F_03,断路器,异物,一般,02/20/2026,处理完成,"STATION_F_03断路器发现异物,一般缺陷,需停电处理"
WO_0106,STATION_F_03,母线,渗漏油,一般,2025年9月22日,处理完成,  【一般】STATION_F_03母线存在油位下降  ，已通知运维班 ！！！
WO_0107,STATION_F_02,套管,锈蚀,严重,2025-04-05,处理,套 管 巡 检时发现锈 蚀，位于STATION_F_02，严重
WO_0108,STATION_D_03,套管,破损,严重,2025年5月4日,已处理,套 管巡检时 发现 箱体 变 形，位于STATION_D_03，严重
WO_0109,STATION_D_01,母线,发热,严重,2026/02/14,处理完成,"<p>接报：STATION_D_01母线发热,已通知运维班</p>！！！"
WO_0110,STATION_C_03,母线,异物,一般,2026/01/23,处理,STATION_C_03母线塑料袋，请核实后反馈，请列入本周计划
WO_0111,STATION_D_03,套管,渗漏油,危急,2026年9月11日,处理完成,  STATION_D_03套 管油迹  ，请核 实 后反 馈  ，已 通 知运维班 
WO_0112,STATION_B_01,绝缘子,锈蚀,危急,2026-05-23,处理完成,"STATION_B_01绝缘子发现镀锌 层脱 落,危急缺 陷,需停 电 处 理"
WO_0113,STATION_C_02,绝缘子,破损,一般,2025年11月7日,处理完成,STATION_C_02绝缘子发现破损，一般缺陷，请列入本周计划
WO_0114,STATION_E_03,母线,发热,严重,2025年6月22日,已处理,STATION_E_03母线发现温升异常，严重缺陷，请列入本周计划
WO_0115,STATION_A_02,绝缘子,异物,一般,2026-01-24,done,  风筝线搭挂（绝缘子  ，STATION_A_02）  ，一般 
WO_0116,STATION_C_02,隔离开关,渗漏油,危急,04/07/2026,已处理,<p>隔 离开 关巡 检时发 现 油位 下降，位于STATION_C_02，危 急</p>
WO_0117,STATION_E_02,电流互感器,锈蚀,危急,09/24/2025,处理,"  漆面剥落（电流互感器,STATION_E_02）,危急 "
WO_0118,STATION_E_02,变压器,破损,一般,2025/09/05,已 处理,变压器巡检时发现破损，位于STATION_E_02，一般
WO_0119,STATION_F_03,断路器,发热,严重,03/26/2025,已处理,  接报：STATION_F_03断路器发热  ，请尽快核实 详见 http://10.0.0.1/wo 
WO_0120,STATION_B_02,隔离开关,异物,一般,2025年11月16日,处理,"隔离开关巡检时发现树枝,位于STATION_B_02,一般"
WO_0121,STATION_F_01,绝缘子,渗漏油,严重,2025/02/05,done,【严重】STATION_F_01绝 缘子存 在油迹，请列入本周计划
WO_0122,STATION_A_03,绝缘子,锈蚀,严重,2025/02/28,已 处理,STATION_A_03绝缘子漆面剥落，请核实后反馈，请尽快核实
WO_0123,STATION_E_02,隔离开关,破损,危急,2026/10/06,已 处理,【危急】STATION_E_02隔离开关存在掉瓷，请列入本周计划
WO_0124,STATION_A_02,母线,发热,一般,2026-05-18,处理,母线巡检时发现温升异常，位于STATION_A_02，一般
WO_0125,STATION_C_01,断路器,异物,严重,2026/12/24,处理,  【严重】STATION_C_01断路器存在鸟巢  ，请安排抢修 
WO_0126,STATION_E_02,变压器,渗漏油,危急,2025/12/25,已处理,漏油（变压器，STATION_E_02），危急
WO_0127,STATION_E_03,套管,锈蚀,一般,2025年5月1日,已 处理,【一般】STATION_E_03套管存在铁锈，需停电处理
WO_0128,STATION_B_03,断路器,破损,一般,2026年10月2日,已 处理,<p>STATION_B_03断 路 器 掉 瓷，请核 实 后反馈，需停电处理</p>
WO_0129,STATION_D_01,母线,发热,危急,2025/09/10,已处理,"  STATION_D_01母线发现过热,危急缺陷,已通知运维班 "
WO_0130,STATION_F_03,绝缘子,异物,严重,2026年1月25日,done,  绝缘子巡检时发现异物  ，位于STATION_F_03  ，严重 
WO_0131,STATION_D_01,隔离开关,渗漏油,严重,2026/02/18,处理,"隔 离开关 巡检时发现油迹,位于STATION_D_01,严重"
WO_0132,STATION_F_03,电流互感器,锈蚀,严重,09/04/2026,已处理,STATION_F_03电流互感器漆面剥落，请核实后反馈，已通知运维班
WO_0133,STATION_B_01,避雷器,破损,一般,2025-08-01,done,  【一般】STATION_B_01避 雷器存在 缺口  ，已通知运维 班 详 见 http://10.0.0.1/wo 
WO_0134,STATION_C_01,隔离开关,发热,危急,2026/07/22,处理,接报：STATION_C_01隔离开关烫手，请安排抢修
WO_0135,STATION_E_03,断路器,异物,一般,2025年3月28日,处理完成,接报：STATION_E_03断路器树枝，需停电处理
WO_0136,STATION_D_02,绝缘子,渗漏油,严重,2026/09/23,已 处理,<p>绝缘子巡检时发现油位下降，位于STATION_D_02，严重</p>
WO_0137,STATION_D_01,断路器,锈蚀,一般,2025年2月5日,已 处理,  <p>接报：STATION_D_01断路器 镀锌层 脱 落  ，请列入 本 周计划</p> 详见 http://10.0.0.1/wo 
WO_0138,STATION_F_03,母线,破损,危急,2026/04/26,处理完成,【危急】STATION_F_03母线存在裂纹，，，请列入本周计划 详见 http://10.0.0.1/wo
WO_0139,STATION_D_02,绝缘子,发热,危急,03/20/2026,已处理,"  接报：STATION_D_02绝缘子温度偏高,请安排抢修 "
WO_0140,STATION_A_02,断路器,异物,一般,2026年12月13日,已 处理,  <p>接报：STATION_A_02断路器塑料袋  ，请列入本周计划</p> 
WO_0141,STATION_F_02,断路器,渗漏油,危急,2026-10-03,已处理,  STATION_F_02断路器发现 漏油  ，危急缺 陷  ，需 停电处理 
WO_0142,STATION_A_02,断路器,锈蚀,危急,2026年5月6日,处理,断 路器 巡 检时发 现 漆面剥落，位于STATION_A_02，危急
WO_0143,STATION_D_03,断路器,破损,一般,2026/09/14,已 处理,  断路器巡检时发现裂纹  ，位于STATION_D_03  ，一般 详见 http://10.0.0.1/wo 
WO_0144,STATION_D_01,电流互感器,发热,一般,2025/01/20,done,"  【一般】STATION_D_01电流互感器存在发热,请尽快核实 详见 http://10.0.0.1/wo "
WO_0145,STATION_E_03,变压器,异物,严重,2026年3月17日,已处理,"STATION_E_03变压器 树枝,请核实后 反馈,请安 排 抢修"
WO_0146,STATION_B_01,变压器,渗漏油,一般,2025/11/15,已 处理,"  【一般】STATION_B_01变压器存在油污,请安排抢修 "
WO_0147,STATION_D_01,变压器,锈蚀,一般,01/27/2025,done,接报：STATION_D_01变压器漆面剥落，已通知运维班
WO_0148,STATION_F_01,避雷器,破损,一般,12/07/2026,已处理,"<p>避雷器巡检时发现箱体变形,位于STATION_F_01,一般</p>"
WO_0149,STATION_B_02,电流互感器,发热,严重,2025/04/21,处理完成,"STATION_B_02电流 互 感器 温度偏高,请核实后 反 馈,已通知 运维 班"
WO_0150,STATION_A_02,母线,异物,严重,2025/01/27,已处理,  母线巡检时发现鸟巢  ，位于STATION_A_02  ，严重 详见 http://10.0.0.1/wo 
WO_0151,STATION_C_01,隔离开关,渗漏油,一般,2025/08/01,已 处理,隔离开关巡检时发现油位下降，位于STATION_C_01，一般
WO_0152,STATION_A_02,套管,锈蚀,危急,2025年11月5日,处理完成,  漆面剥落（套管  ，STATION_A_02）  ，危急 
WO_0153,STATION_A_02,隔离开关,破损,严重,2025-09-22,done,破损（隔离开关，，，STATION_A_02），，，严重 详见 http://10.0.0.1/wo
WO_0154,STATION_F_03,避雷器,发热,危急,2025/11/06,已 处理,接报：STATION_F_03避雷器烫手，需停电处理
WO_0155,STATION_A_03,套管,异物,严重,07/12/2026,处理完成,接报：STATION_A_03套管 异物，需 停电处 理！！！
WO_0156,STATION_C_01,电流互感器,渗漏油,一般,2025年1月15日,处理完成,电流互感器巡检时发现漏油，位于STATION_C_01，一般 详见 http://10.0.0.1/wo
WO_0157,STATION_D_02,隔离开关,锈蚀,危急,2025/06/05,done,锈蚀（隔离开关，，，STATION_D_02），，，危急
WO_0158,STATION_D_03,母线,破损,严重,2025/05/20,处理完成,【严重】STATION_D_03母线存在箱体变形，，，请列入本周计划
WO_0159,STATION_C_01,电流互感器,发热,严重,2025/10/27,处理,<p>【严重】STATION_C_01电 流互 感 器存在 发热，请列入本周计划</p>
WO_0160,STATION_F_02,套管,异物,严重,2026-06-28,done,  接报：STATION_F_02套管风筝线搭挂  ，已通知运维班 详见 http://10.0.0.1/wo 
WO_0161,STATION_E_02,套管,渗漏油,危急,12/18/2026,处理完成,  STATION_E_02套管渗油  ，请核实后反馈  ，请列入本周计划 详见 http://10.0.0.1/wo 
WO_0162,STATION_C_03,避雷器,锈蚀,一般,2026-05-20,done,  <p>避雷器巡检时发现镀锌层脱落  ，位于STATION_C_03  ，一般</p> 
WO_0163,STATION_E_01,电流互感器,破损,严重,2025-08-09,done,<p>STATION_E_01电流互感器发现破损，严重缺陷，请安排抢修</p> 详见 http://10.0.0.1/wo
WO_0164,STATION_B_02,避雷器,发热,危急,2025/04/23,处理完成,  【危急】STATION_B_02避 雷 器存在烫 手  ，已 通知 运 维班 
WO_0165,STATION_B_01,变压器,异物,一般,2026-06-14,处理,STATION_B_01变压器发现鸟巢，一般缺陷，已通知运维班
WO_0166,STATION_D_02,电流互感器,渗漏油,严重,2025-03-20,已处理,"油 迹（电 流互 感器,STATION_D_02）,严重"
WO_0167,STATION_E_03,母线,锈蚀,严重,2026-11-28,处理完成,<p>STATION_E_03母线生锈，请核实后反馈，请安排抢修</p>
WO_0168,STATION_E_03,避雷器,破损,一般,2025/07/08,处理完成,  避雷器巡检时发现掉瓷  ，位于STATION_E_03  ，一般 
WO_0169,STATION_A_03,避雷器,发热,危急,2026年2月7日,处理完成,  <p>STATION_A_03避雷器过 热  ，请核实 后 反 馈  ，请安排抢修</p> 
WO_0170,STATION_C_03,母线,异物,严重,2025年3月15日,处理完成,母线巡检时发现异物，位于STATION_C_03，严重
WO_0171,STATION_C_03,隔离开关,渗漏油,一般,2025/12/15,已处理,  <p>接报：STATION_C_03隔离开关油位下降  ，请安排抢修</p> 
WO_0172,STATION_A_02,变压器,锈蚀,一般,08/08/2026,done,镀锌层脱落（变压器，STATION_A_02），一般
WO_0173,STATION_D_03,避雷器,破损,严重,05/28/2026,处理完成,  STATION_D_03避雷器发现裂纹  ，严重缺陷  ，请安排抢修 
WO_0174,STATION_E_02,电流互感器,发热,严重,09/06/2026,done,  温度偏高（电流互感器  ，STATION_E_02）  ，严重 
WO_0175,STATION_F_01,电流互感器,异物,危急,2025/05/17,已处理,STATION_F_01电流互感器发现风筝线搭挂，危急缺陷，请尽快核实
WO_0176,STATION_A_01,绝缘子,渗漏油,严重,05/10/2025,已处理,STATION_A_01绝 缘子发现滴 油，严重缺陷，请 列入本周计 划
WO_0177,STATION_E_03,绝缘子,锈蚀,严重,2025-08-20,done,【严重】STATION_E_03绝缘子存在漆面剥落，需停电处理 详见 http://10.0.0.1/wo
WO_0178,STATION_F_01,避雷器,破损,危急,2026/02/08,已处理,"避雷器巡检 时发现掉瓷,位于STATION_F_01,危急"
WO_0179,STATION_E_01,电流互感器,发热,一般,2026-11-17,已处理,<p>STATION_E_01电流互感器发现过热，一般缺陷，请列入本周计划</p>
WO_0180,STATION_A_03,电流互感器,异物,危急,2025/12/13,已处理,电流互感器巡检时发现鸟巢，位于STATION_A_03，危急
WO_0181,STATION_E_01,母线,渗漏油,一般,2025-04-13,处理,油 污（母线，STATION_E_01），一般
WO_0182,STATION_C_01,变压器,锈蚀,严重,10/14/2026,处理,  STATION_C_01变压 器 漆 面剥 落  ，请 核实后反馈  ，请尽 快 核实 
WO_0183,STATION_A_02,隔离开关,破损,严重,2026年7月27日,处理完成,"  接报：STATION_A_02隔离开关碎裂,已通知运维班 "
WO_0184,STATION_E_03,绝缘子,发热,一般,2025/11/26,处理,  【一般】STATION_E_03绝缘子存在烫手  ，已通知运维班 
WO_0185,STATION_F_02,隔离开关,异物,危急,2026年5月7日,处理完成,  接报：STATION_F_02隔离开关风筝 线搭 挂  ，需停电处理 
WO_0186,STATION_B_02,隔离开关,渗漏油,危急,2025年9月26日,done,STATION_B_02隔离开关油污，请核实后反馈，请安排抢修
WO_0187,STATION_F_02,断路器,锈蚀,严重,2026/07/03,done,"断路器巡检时发现镀锌层脱落,位于STATION_F_02,严重"
WO_0188,STATION_D_02,变压器,破损,危急,06/09/2025,done,【危急】STATION_D_02变压器存在箱体变形，已通知运维班
WO_0189,STATION_E_02,变压器,发热,严重,07/24/2026,已 处理,"STATION_E_02变压器发现烫手,严重缺陷,请安排抢修"
WO_0190,STATION_A_03,母线,异物,严重,2025/11/07,处理,"<p>接报：STATION_A_03母线塑料袋,已通知运维班</p>"
WO_0191,STATION_D_01,变压器,渗漏油,严重,07/20/2026,已处理,STATION_D_01变压器滴油，请核实后反馈，已通知运维班
WO_0192,STATION_E_03,断路器,锈蚀,一般,2026年3月10日,处理完成,<p>接报：STATION_E_03断路器镀锌层脱落，已通知运维班</p>
WO_0193,STATION_B_01,隔离开关,破损,危急,2026年4月4日,已处理,<p>STATION_B_01隔离开关碎裂，请核实后反馈，请尽快核实</p>
WO_0194,STATION_E_03,断路器,发热,一般,09/03/2025,处理完成,STATION_E_03断路器发现温升异常，一般缺陷，需停电处理
WO_0195,STATION_B_01,套管,异物,严重,2025年12月7日,已处理,<p>STATION_B_01套管树枝，请核实后反馈，请列入本周计划</p>
WO_0196,STATION_D_02,电流互感器,渗漏油,严重,12/18/2026,已处理,<p>电流互感器巡检时发现油位下降，位于STATION_D_02，严重</p>
WO_0197,STATION_A_03,隔离开关,锈蚀,危急,2026-02-02,已 处理,  STATION_A_03隔离开关生锈  ，，，请核实后反馈  ，，，请列入本周计划 
WO_0198,STATION_B_01,隔离开关,破损,一般,2026-09-07,done,  STATION_B_01隔离开关碎裂  ，请核实后反馈  ，请列入本周计划 
WO_0199,STATION_F_01,变压器,发热,严重,11/10/2026,处理完成,"温升异常（变压器,STATION_F_01）,严重"
WO_0200,STATION_D_02,绝缘子,异物,危急,2026-02-01,已处理,"接报：STATION_D_02绝缘子树枝,请尽快核实 详见 http://10.0.0.1/wo"
WO_0201,STATION_C_02,变压器,渗漏油,危急,2025年9月20日,done,  接报：STATION_C_02变压器漏油  ，请安排抢修 
WO_0202,STATION_A_03,断路器,锈蚀,危急,2026/06/06,处理,镀锌层脱落（断路器，STATION_A_03），危急！！！
WO_0203,STATION_C_02,套管,破损,一般,2025年5月17日,处理,STATION_C_02套管缺口，请核实后反馈，请尽快核实
WO_0204,STATION_D_01,套管,发热,一般,2025年8月27日,处理完成,发热（套管，，，STATION_D_01），，，一般
WO_0205,STATION_A_01,套管,异物,严重,2025年1月1日,处理完成,接报：STATION_A_01套 管鸟 巢，，，请 尽快 核 实
WO_0206,STATION_B_01,断路器,渗漏油,危急,2026年8月19日,done,"<p>接报：STATION_B_01断路器渗油,已通知运维班</p>"
WO_0207,STATION_F_02,隔离开关,锈蚀,一般,2026/06/11,done,<p>隔离开关巡检时发现铁锈，位于STATION_F_02，一般</p>！！！
WO_0208,STATION_A_03,避雷器,破损,一般,2026-03-08,处理,"  STATION_A_03避雷器发现箱体 变形,一般缺陷,需 停 电 处 理 "
WO_0209,STATION_F_03,套管,发热,一般,2026-12-05,done,发热（套管，STATION_F_03），一般
WO_0210,STATION_B_01,断路器,异物,严重,2026年7月6日,已 处理,<p>STATION_B_01断路 器发 现 塑料 袋，严重缺 陷，请列入本周计划</p>
WO_0211,STATION_F_01,断路器,渗漏油,严重,2025年9月3日,done,  断路器巡检时发现油污  ，位于STATION_F_01  ，严重 详见 http://10.0.0.1/wo 
WO_0212,STATION_F_02,套管,锈蚀,一般,2026/07/25,处理完成,  【一般】STATION_F_02套管存在锈蚀  ，请安排抢修 
WO_0213,STATION_B_02,隔离开关,破损,危急,2025-05-22,done,<p>STATION_B_02隔离开关碎裂，请核实后反馈，已通知运维班</p>
WO_0214,STATION_D_01,隔离开关,发热,危急,12/07/2026,已处理,隔离开关巡检时发现发热，位于STATION_D_01，危急
WO_0215,STATION_A_03,避雷器,异物,一般,2026年1月17日,done,"<p>【一般】STATION_A_03避雷器存在塑料袋,请尽快核实</p>"
WO_0216,STATION_F_02,变压器,渗漏油,一般,2026-08-26,已 处理,接报：STATION_F_02变压器滴油，请尽快核实
WO_0217,STATION_F_02,套管,锈蚀,一般,2026-06-03,处理,  STATION_F_02套管发现漆面剥落  ，一般缺陷  ，请列入本周计划 
WO_0218,STATION_B_02,电流互感器,破损,危急,2025/03/05,处理,"【危急】STATION_B_02电流互感器 存在掉 瓷,请 尽 快核实"
WO_0219,STATION_E_02,电流互感器,发热,一般,2025年6月13日,done,温 升异 常（电 流互 感器，STATION_E_02），一般
WO_0220,STATION_B_03,绝缘子,异物,一般,04/20/2026,done,绝缘子巡检时发现风筝线搭挂，位于STATION_B_03，一般
WO_0221,STATION_D_03,断路器,渗漏油,一般,2026年10月8日,处理,  STATION_D_03断路器油迹  ，请核实后反馈  ，请尽快核实 
WO_0222,STATION_B_02,断路器,锈蚀,严重,12/04/2026,处理完成,<p>接报：STATION_B_02断路 器 锈蚀，请 尽快核实</p> 详见 http://10.0.0.1/wo
WO_0223,STATION_F_01,隔离开关,破损,一般,2025/02/17,已 处理,"  破损（隔离开关,STATION_F_01）,一般 "
WO_0224,STATION_E_02,母线,发热,一般,2026年2月2日,done,"  STATION_E_02母线发热,请核实后反馈,请安排抢修 详见 http://10.0.0.1/wo "
WO_0225,STATION_E_01,断路器,异物,危急,06/19/2026,已 处理,STATION_E_01断路器发现树枝，危急缺陷，请安排抢修 详见 http://10.0.0.1/wo
WO_0226,STATION_E_03,断路器,渗漏油,一般,2026-01-27,done,"  <p>接报：STATION_E_03断路器油位下降,请安排抢修</p> "
WO_0227,STATION_D_03,套管,锈蚀,严重,2026/07/03,处理完成,STATION_D_03套管生锈，请核实后反馈，请安排抢修
WO_0228,STATION_A_02,变压器,破损,一般,2025-02-28,已处理,  【一般】STATION_A_02变压器存在箱体变形  ，请列入本周计划 
WO_0229,STATION_A_01,套管,发热,一般,2025-11-08,处理完成,STATION_A_01套管发现烫手，一般缺陷，需停电处理
WO_0230,STATION_C_01,避雷器,异物,一般,2025/02/04,处理完成,  <p>STATION_C_01避雷器发现树枝  ，一般缺陷  ，请尽快核实</p> 
WO_0231,STATION_F_02,母线,渗漏油,严重,10/09/2026,已处理,接报：STATION_F_02母线油污，请安排抢修
WO_0232,STATION_C_02,隔离开关,锈蚀,危急,2026/01/08,处理,"  STATION_C_02隔离 开 关 发现铁 锈,危急缺陷,请安排抢修 "
WO_0233,STATION_D_01,断路器,破损,一般,2025年8月19日,处理完成,<p>STATION_D_01断路器发现碎裂，一般缺陷，请安 排抢 修</p>
WO_0234,STATION_C_03,隔离开关,发热,危急,2025年9月10日,已处理,"<p>STATION_C_03隔离开关发现温度偏高,危急缺陷,需停电处理</p>"
WO_0235,STATION_D_03,避雷器,异物,一般,2025/03/21,处理,STATION_D_03避雷器发现树枝，一般缺陷，请安排抢修 详见 http://10.0.0.1/wo
WO_0236,STATION_B_01,套管,渗漏油,危急,2025/11/25,处理完成,"  套管巡检时发现渗油,位于STATION_B_01,危急 "
WO_0237,STATION_D_01,电流互感器,锈蚀,危急,2025年11月15日,已处理,<p>生锈（电流互感器，STATION_D_01），危急</p> 详见 http://10.0.0.1/wo
WO_0238,STATION_F_01,套管,破损,一般,2026/01/15,已处理,STATION_F_01套管发现掉瓷，一般缺陷，需停电处理
WO_0239,STATION_E_01,套管,发热,一般,2025-04-17,处理,  STATION_E_01套管发现发热  ，一般缺陷  ，已通知运维班 
WO_0240,STATION_D_01,变压器,异物,危急,2025年2月11日,处理完成,<p>【危急】STATION_D_01变压器存在鸟巢，请列入本周计划</p>
WO_0241,STATION_F_02,绝缘子,渗漏油,严重,07/20/2025,处理,"接报：STATION_F_02绝缘 子 油迹,已通 知运维班"
WO_0242,STATION_A_01,母线,锈蚀,危急,2025年7月11日,已 处理,"<p>STATION_A_01母线镀锌层脱落,请核实后反馈,需停电处理</p>"
WO_0243,STATION_D_03,变压器,破损,危急,01/24/2025,已 处理,"【危急】STATION_D_03变压器存在碎裂,需停电处理！！！"
WO_0244,STATION_C_02,套管,发热,危急,07/26/2025,处理,<p>套管巡检时发现温度偏高，位于STATION_C_02，危急</p>！！！
WO_0245,STATION_B_01,变压器,异物,一般,2025年2月25日,已处理,STATION_B_01变 压器发现树 枝，一般缺陷，请 尽 快核实
WO_0246,STATION_A_02,电流互感器,渗漏油,严重,2025/04/23,处理,【严重】STATION_A_02电流互感器存在滴油，需停电处理
WO_0247,STATION_F_02,断路器,锈蚀,危急,2026/04/13,已 处理,STATION_F_02断路器发现铁锈，危急缺陷，请列入本周计划
WO_0248,STATION_D_03,避雷器,破损,一般,01/27/2026,处理,<p>STATION_D_03避雷器箱体变形，请核实后反馈，已通知运维班</p>
WO_0249,STATION_C_02,母线,发热,严重,2025/08/19,处理,  STATION_C_02母线发现温升异常  ，严重缺陷  ，请列入本周计划 
WO_0250,STATION_A_03,母线,异物,一般,2025年12月25日,done,<p>STATION_A_03母线塑料 袋，请 核实后 反 馈，需停 电处理</p>
WO_0251,STATION_B_02,绝缘子,渗漏油,严重,2025年3月9日,已 处理,油污（绝缘子，STATION_B_02），严重
WO_0252,STATION_A_03,变压器,锈蚀,一般,2025年11月19日,处理完成,【一般】STATION_A_03变压器存在铁锈，请尽快核实
WO_0253,STATION_D_01,电流互感器,破损,危急,01/26/2026,处理,电流互感器巡检时发现碎裂，位于STATION_D_01，危急
WO_0254,STATION_F_03,断路器,发热,一般,2026/06/08,已 处理,  【一般】STATION_F_03断路器存在温升异常  ，已通知运维班 
WO_0255,STATION_C_02,电流互感器,异物,危急,2026/11/23,处理,STATION_C_02电 流互感器发现 树 枝，危急 缺陷，请 尽 快 核 实
WO_0256,STATION_B_02,断路器,渗漏油,严重,04/15/2025,done,  接报：STATION_B_02断路器油迹  ，请安排抢修 
WO_0257,STATION_D_03,断路器,锈蚀,一般,02/24/2025,处理完成,  【一般】STATION_D_03断路器存在铁锈  ，请列入本周计划 ！！！
WO_0258,STATION_E_02,避雷器,破损,严重,01/16/2025,处理,  避 雷器巡检 时发 现 缺 口  ，位 于STATION_E_02  ，严 重 
WO_0259,STATION_A_02,电流互感器,发热,一般,2025年9月25日,处理完成,  电流互感器巡检时发现温升异常  ，位于STATION_A_02  ，一般 
WO_0260,STATION_C_01,断路器,异物,危急,2025/07/25,已 处理,STATION_C_01断路器鸟巢，请核实后反馈，需停电处理
WO_0261,STATION_B_03,母线,渗漏油,一般,2026-01-05,处理,漏油（母线，STATION_B_03），一般 详见 http://10.0.0.1/wo
WO_0262,STATION_E_01,变压器,锈蚀,一般,02/23/2026,处理完成,"  铁锈（变压器,STATION_E_01）,一般 "
WO_0263,STATION_B_02,避雷器,破损,严重,2026年7月2日,已处理,STATION_B_02避雷器破损，请核实后反馈，请安排抢修
WO_0264,STATION_D_02,套管,发热,危急,2026年10月11日,done,温度偏高（套管，STATION_D_02），危急
WO_0265,STATION_E_03,套管,异物,危急,2026年8月7日,处理完成,STATION_E_03套管发现树枝，危急缺陷，请列入本周计划
WO_0266,STATION_B_01,隔离开关,渗漏油,严重,10/23/2026,处理完成,  隔离开关巡检时发现滴油  ，位于STATION_B_01  ，严重 
WO_0267,STATION_F_01,套管,锈蚀,一般,11/03/2025,done,  镀锌层脱落（套管  ，STATION_F_01）  ，一般 
WO_0268,STATION_B_02,断路器,破损,一般,2025年4月12日,已处理,<p>断路器巡检时发现碎裂，位于STATION_B_02，一般</p>
WO_0269,STATION_F_02,隔离开关,发热,危急,2026/08/23,处理完成,【危急】STATION_F_02隔离开关存在烫手，请列入本周计划 详见 http://10.0.0.1/wo！！！
WO_0270,STATION_C_02,断路器,异物,严重,12/06/2026,处理,"STATION_C_02断路器发现塑料袋,严重缺陷,已通知运维班"
WO_0271,STATION_D_03,电流互感器,渗漏油,严重,2026/08/12,已处理,"  STATION_D_03电流互感器发现渗油,严重缺陷,请尽快核实 "
WO_0272,STATION_E_03,绝缘子,锈蚀,严重,2025年10月27日,处理完成,STATION_E_03绝缘子发现锈蚀，严重缺陷，需停电处理 详见 http://10.0.0.1/wo
WO_0273,STATION_E_01,套管,破损,危急,06/18/2026,已处理,STATION_E_01套管破损，请核实后反馈，已通知运维班
WO_0274,STATION_D_03,避雷器,发热,严重,05/16/2026,处理完成,"避雷器巡检时发现发热,位于STATION_D_03,严重"
WO_0275,STATION_D_03,电流互感器,异物,严重,2026-01-27,处理,【严重】STATION_D_03电流互感器存在风筝线搭挂，已通知运维班
WO_0276,STATION_F_01,避雷器,渗漏油,严重,03/11/2025,处理,  【严重】STATION_F_01避雷器存在滴油  ，请安排抢修 详见 http://10.0.0.1/wo 
WO_0277,STATION_F_03,电流互感器,锈蚀,一般,2026/01/08,已处理,"  生锈（电流互感器,STATION_F_03）,一般 "
WO_0278,STATION_B_01,变压器,破损,一般,2025年1月23日,处理完成,碎裂（变压器，STATION_B_01），一般！！！
WO_0279,STATION_F_02,避雷器,发热,一般,11/19/2025,处理完成,温升异常（避雷器，，，STATION_F_02），，，一般
WO_0280,STATION_C_03,母线,异物,严重,10/05/2026,处理完成,【严重】STATION_C_03母线存在塑料袋，请安排抢修
WO_0281,STATION_D_03,套管,渗漏油,严重,2025/11/25,已处理,套管巡检时发现油迹，位于STATION_D_03，严重！！！
WO_0282,STATION_E_03,电流互感器,锈蚀,一般,01/17/2026,处理完成,  电流 互感 器 巡检 时发现镀锌 层脱落  ，，，位于STATION_E_03  ，，，一 般 
WO_0283,STATION_C_02,隔离开关,破损,一般,02/20/2025,处理,"<p>接报：STATION_C_02隔 离 开 关 破 损,请尽快 核实</p>！！！"
WO_0284,STATION_A_01,电流互感器,发热,一般,2025-05-07,已处理,电 流 互 感 器巡 检 时发现温 度偏 高，位于STATION_A_01，一 般
WO_0285,STATION_A_03,断路器,异物,严重,2025/12/05,已处理,STATION_A_03断路器塑料袋，请核实后反馈，需停电处理！！！
WO_0286,STATION_F_03,断路器,渗漏油,严重,2025/11/21,done,接报：STATION_F_03断路器渗油，请尽快核实
WO_0287,STATION_D_03,断路器,锈蚀,严重,2025年1月11日,done,漆面剥落（断路器，STATION_D_03），严重！！！
WO_0288,STATION_D_01,隔离开关,破损,严重,2025-04-10,已 处理,箱体变形（隔离开关，STATION_D_01），严重
WO_0289,STATION_B_03,隔离开关,发热,危急,2025-06-23,处理完成,"<p>发热（隔离开关,STATION_B_03）,危急</p>"
WO_0290,STATION_E_03,母线,异物,危急,2026-05-12,done,<p>【危急】STATION_E_03母线 存在 树枝，请列入本 周 计 划</p> 详见 http://10.0.0.1/wo
WO_0291,STATION_F_01,避雷器,渗漏油,一般,2025-03-10,已 处理,STATION_F_01避雷器发现油污，一般缺陷，已通知运维班
WO_0292,STATION_B_03,母线,锈蚀,危急,2026-09-02,done,接报：STATION_B_03母线漆面剥落，已通知运维班
WO_0293,STATION_B_02,套管,破损,严重,2026/12/09,处理完成,裂纹（套管，STATION_B_02），严重
WO_0294,STATION_E_03,避雷器,发热,严重,2026年11月18日,done,  STATION_E_03避雷器温升异常  ，请核实后反馈  ，请列入本周计划 
WO_0295,STATION_E_01,断路器,异物,危急,01/15/2025,done,"STATION_E_01断路器发现树枝,危急缺陷,请安排抢修"
WO_0296,STATION_F_03,断路器,渗漏油,严重,06/14/2025,处理完成,"<p>STATION_F_03断路器油迹,请核实后反馈,请列入本周计划</p>"
WO_0297,STATION_B_03,电流互感器,锈蚀,危急,2025/02/18,已处理,漆面剥落（电流互感器，STATION_B_03），危急
WO_0298,STATION_B_02,隔离开关,破损,危急,2025年7月10日,done,  接报：STATION_B_02隔离开关破损  ，已通知运维班 
WO_0299,STATION_F_02,母线,发热,危急,11/04/2025,已处理,<p>接报：STATION_F_02母线过热，请安排抢修</p>
WO_0300,STATION_F_02,变压器,异物,一般,2026年3月26日,已处理,变 压器 巡检时发 现塑 料袋，位 于STATION_F_02，一般 详见 http://10.0.0.1/wo
WO_0301,STATION_B_01,隔离开关,渗漏油,一般,06/05/2025,处理,  STATION_B_01隔离开 关 油迹  ，请核实后反馈  ，请尽快核 实 
WO_0302,STATION_C_03,套管,锈蚀,一般,2026-03-17,处理,<p>【一般】STATION_C_03套管存在镀锌层脱落，，，请尽快核实</p>
WO_0303,STATION_F_03,母线,破损,一般,09/25/2026,处理完成,STATION_F_03母线缺口，请核实后反馈，请尽快核实
WO_0304,STATION_D_01,母线,发热,严重,2025/10/20,处理,  <p>母线巡 检时 发现 温升异 常  ，位 于STATION_D_01  ，严 重</p> 
WO_0305,STATION_D_02,电流互感器,异物,危急,2025/03/13,已处理,接 报：STATION_D_02电流 互感器树枝，已 通知 运维班
WO_0306,STATION_E_03,套管,渗漏油,一般,2026年5月17日,处理,"STATION_E_03套管油污,请核实后反馈,需停电处理 详见 http://10.0.0.1/wo！！！"
WO_0307,STATION_F_02,母线,锈蚀,一般,04/02/2026,处理,"<p>STATION_F_02母 线发 现生锈,一般缺陷,已通 知 运维 班</p> 详见 http://10.0.0.1/wo"
WO_0308,STATION_B_02,绝缘子,破损,危急,2026年4月20日,处理完成,箱体变 形（绝缘 子，STATION_B_02），危 急
WO_0309,STATION_D_01,变压器,发热,一般,2026年3月5日,处理完成,过热（变压器，STATION_D_01），一般 详见 http://10.0.0.1/wo
WO_0310,STATION_A_02,套管,异物,严重,2026年4月15日,已处理,异物（套管，STATION_A_02），严重
WO_0311,STATION_C_02,电流互感器,渗漏油,一般,2026/05/05,处理,油污（电流互感器，STATION_C_02），一般 详见 http://10.0.0.1/wo
WO_0312,STATION_C_03,避雷器,锈蚀,严重,2026年2月14日,已 处理,STATION_C_03避 雷器 发 现漆 面剥落，严 重 缺 陷，请 列 入本周计划
WO_0313,STATION_D_02,套管,破损,危急,2025/04/09,已 处理,  【危急】STATION_D_02套管存在破损  ，请尽快核实 
WO_0314,STATION_C_03,避雷器,发热,一般,01/04/2026,处理,接报：STATION_C_03避雷器 发热，已 通 知 运维班！！！
WO_0315,STATION_B_02,变压器,异物,危急,2025年1月19日,已处理,"接报：STATION_B_02变压器风筝线搭挂,请安排抢修"
WO_0316,STATION_F_01,绝缘子,渗漏油,危急,2026年3月12日,处理,绝缘子巡检时发现油迹，位于STATION_F_01，危急 详见 http://10.0.0.1/wo
WO_0317,STATION_F_03,绝缘子,锈蚀,一般,2025-01-11,处理,"STATION_F_03绝缘子发现生锈,一般缺陷,已通知运维班"
WO_0318,STATION_A_01,断路器,破损,严重,2026/05/25,已处理,碎裂（断路器，，，STATION_A_01），，，严重
WO_0319,STATION_C_02,套管,发热,一般,12/07/2026,done,STATION_C_02套管烫手，请核实后反馈，请安排抢修
WO_0320,STATION_F_01,断路器,异物,危急,10/18/2026,已 处理,"STATION_F_01断路 器 塑料袋,请核 实后 反馈,请 列 入本 周计 划"
WO_0321,STATION_E_02,套管,渗漏油,危急,05/01/2026,已 处理,  STATION_E_02套管渗油  ，请核实后反馈  ，请列入本周计划 
WO_0322,STATION_B_01,变压器,锈蚀,严重,07/15/2026,已 处理,  <p>接报：STATION_B_01变 压器镀锌层脱落  ，请安排抢修</p> 
WO_0323,STATION_B_02,套管,破损,严重,2026年1月6日,处理完成,STATION_B_02套管发现箱体变形，严重缺陷，请尽快核实
WO_0324,STATION_D_03,母线,发热,严重,09/21/2025,已 处理,接报：STATION_D_03母线温升异常，需停电处理 详见 http://10.0.0.1/wo
WO_0325,STATION_C_03,套管,异物,一般,07/04/2025,处理完成,STATION_C_03套管树 枝，请 核 实 后反 馈，已 通知 运 维班
WO_0326,STATION_B_01,断路器,渗漏油,危急,2026-03-04,已处理,<p>【危急】STATION_B_01断路器存在油迹，请安排抢修</p>
WO_0327,STATION_C_03,断路器,锈蚀,危急,06/04/2026,done,"STATION_C_03断路器镀锌层脱落,请核实后反馈,请安排抢修"
WO_0328,STATION_E_03,母线,破损,严重,2025/01/13,处理完成,  【严重】STATION_E_03母线存在碎裂  ，请安排抢修 
WO_0329,STATION_A_01,套管,发热,一般,2026-09-04,已处理,  <p>【一般】STATION_A_01套管存在温升异常  ，请安排抢修</p> 
WO_0330,STATION_E_02,母线,异物,一般,2025/04/08,处理完成,"接报：STATION_E_02母线异物,已通知运维班"
WO_0331,STATION_E_01,避雷器,渗漏油,严重,2025-03-15,处理,  【严重】STATION_E_01避 雷 器存 在油迹  ，请列 入 本周计 划 
WO_0332,STATION_C_02,避雷器,锈蚀,一般,04/28/2026,done,STATION_C_02避雷器发现镀锌层脱落，一般缺陷，请列入本周计划
WO_0333,STATION_F_02,变压器,破损,严重,11/26/2025,已 处理,  <p>碎裂（变压器  ，STATION_F_02）  ，严重</p> 
WO_0334,STATION_C_01,隔离开关,发热,严重,2025-01-15,处理完成,"STATION_C_01隔离开关烫手,请核实后反馈,已通知运维班 详见 http://10.0.0.1/wo"
WO_0335,STATION_F_02,断路器,异物,严重,2025/08/28,处理完成,接报：STATION_F_02断路器风筝线搭挂，请安排抢修
WO_0336,STATION_D_01,绝缘子,渗漏油,一般,03/16/2026,done,  STATION_D_01绝 缘子 油位下降  ，，，请核实 后反 馈  ，，，请安排 抢 修 详见 http://10.0.0.1/wo 
WO_0337,STATION_B_03,断路器,锈蚀,一般,2025年6月14日,done,"STATION_B_03断路器铁锈,请核实后反馈,需停电处理"
WO_0338,STATION_A_02,避雷器,破损,危急,06/12/2025,处理完成,STATION_A_02避雷器掉瓷，，，请核实后反馈，，，请安排抢修
WO_0339,STATION_D_01,母线,发热,严重,2026/06/08,处理完成,"【严重】STATION_D_01母线存在温升异常,请列入本周计划"
WO_0340,STATION_B_01,电流互感器,异物,一般,2025/09/18,done,"  电流互感器巡检时发现树枝,位于STATION_B_01,一般 详见 http://10.0.0.1/wo "
WO_0341,STATION_C_02,绝缘子,渗漏油,一般,04/12/2025,已处理,  STATION_C_02绝缘子油迹  ，请核实后反馈  ，请尽快核实 
WO_0342,STATION_B_03,断路器,锈蚀,危急,2025-12-15,处理完成,<p>STATION_B_03断路器锈蚀，请核实后反馈，请列入本周计划</p>
WO_0343,STATION_D_03,母线,破损,一般,05/07/2025,已 处理,接报：STATION_D_03母线箱体变形，已通知运维班
WO_0344,STATION_E_03,断路器,发热,严重,05/25/2025,已 处理,STATION_E_03断路器发 现 烫手，严 重缺陷，已 通知运维班
WO_0345,STATION_B_03,母线,异物,一般,2026年2月20日,处理,"  <p>【一般】STATION_B_03母线存在树枝,已通知运维班</p> "
WO_0346,STATION_F_02,母线,渗漏油,危急,2025/10/11,done,  油位下降（母线  ，STATION_F_02）  ，危急 
WO_0347,STATION_C_03,断路器,锈蚀,严重,2025年8月14日,已 处理,  【严重】STATION_C_03断路器 存在 漆面剥落  ，请列入本周计 划 
WO_0348,STATION_B_03,绝缘子,破损,严重,2026-12-18,已 处理,绝缘 子 巡 检时 发 现裂纹，位 于STATION_B_03，严 重
WO_0349,STATION_F_01,母线,发热,严重,2025/01/14,处理完成,"烫手（母线,STATION_F_01）,严重"
WO_0350,STATION_B_01,隔离开关,异物,严重,03/06/2026,处理,<p>STATION_B_01隔离开关发现风筝线搭挂，严重缺陷，请尽快核实</p>
WO_0351,STATION_B_01,母线,渗漏油,严重,2025年7月18日,已 处理,"STATION_B_01母线油位下降,请核实后反馈,请尽快核实"
WO_0352,STATION_F_01,绝缘子,锈蚀,危急,2025/03/18,处理完成,绝缘子巡检时发现漆面剥落，位于STATION_F_01，危急
WO_0353,STATION_C_02,电流互感器,破损,危急,2026/07/25,处理完成,电流互感器巡检时发现箱体变形，，，位于STATION_C_02，，，危急
WO_0354,STATION_A_02,变压器,发热,危急,08/07/2025,已处理,  接报：STATION_A_02变压器烫手  ，请尽快核实 
WO_0355,STATION_C_02,避雷器,异物,一般,2026-08-07,处理,接报：STATION_C_02避雷器塑料袋，需停电处理！！！
WO_0356,STATION_A_02,电流互感器,渗漏油,危急,08/15/2026,已处理,"<p>电流互感器巡检时发现渗油,位于STATION_A_02,危急</p>"
WO_0357,STATION_C_01,避雷器,锈蚀,一般,2026-05-09,处理完成,"避雷器巡检时发现锈蚀,位于STATION_C_01,一般"
WO_0358,STATION_F_01,断路器,破损,严重,06/11/2025,已处理,接报：STATION_F_01断路器碎裂，需停电处理
WO_0359,STATION_E_02,套管,发热,严重,2025/02/28,已处理,STATION_E_02套管发现 发 热，严重缺 陷，已通知运 维班
WO_0360,STATION_B_01,电流互感器,异物,危急,2026年1月12日,处理完成,STATION_B_01电流互感器树枝，，，请核实后反馈，，，请列入本周计划
WO_0361,STATION_F_02,电流互感器,渗漏油,危急,2025-12-05,done,"  电流互感器巡检时发现滴油,位于STATION_F_02,危急 "
WO_0362,STATION_E_01,电流互感器,锈蚀,一般,04/21/2026,处理,电流互感器巡检时发现铁锈，位于STATION_E_01，一般
WO_0363,STATION_A_02,母线,破损,严重,02/02/2025,已 处理,【严重】STATION_A_02母线存在破 损，请 安排抢修
WO_0364,STATION_F_02,变压器,发热,危急,2026-01-07,已处理,STATION_F_02变压 器发现温度偏 高，危急缺陷，请列 入本周 计 划！！！
WO_0365,STATION_B_01,隔离开关,异物,严重,2025/08/01,处理,  <p>【严重】STATION_B_01隔离开关存在风筝线搭挂  ，请安排抢修</p> 详见 http://10.0.0.1/wo 
WO_0366,STATION_B_03,避雷器,渗漏油,严重,2025/05/18,已处理,  <p>避雷器巡检时发现油位下降  ，，，位于STATION_B_03  ，，，严重</p> 详见 http://10.0.0.1/wo 
WO_0367,STATION_A_03,变压器,锈蚀,一般,2025/02/07,处理,STATION_A_03变压器 发 现 镀 锌层脱落，一 般 缺陷，需停 电 处理
WO_0368,STATION_C_03,套管,破损,严重,2026年8月10日,处理完成,  【严重】STATION_C_03套管存在箱体变形  ，需停电处理 
WO_0369,STATION_A_01,绝缘子,发热,一般,2026年2月26日,已处理,【一般】STATION_A_01绝缘子存在温度偏高，已通知运维班
WO_0370,STATION_F_02,绝缘子,异物,危急,2026-09-22,处理,"  绝缘子巡检时发现风筝线搭挂,位于STATION_F_02,危急 "
WO_0371,STATION_B_03,电流互感器,渗漏油,严重,08/13/2025,处理完成,  【严重】STATION_B_03电流互 感 器存在 油 位 下降  ，需 停 电处 理 
WO_0372,STATION_A_03,避雷器,锈蚀,严重,2025-12-02,处理完成,  <p>避雷器巡检时发现漆面剥落  ，，，位于STATION_A_03  ，，，严重</p> 
WO_0373,STATION_F_02,套管,破损,严重,2025-08-22,已 处理,<p>套管巡检时发现裂纹，位于STATION_F_02，严重</p>
WO_0374,STATION_B_02,隔离开关,发热,危急,2026/01/18,处理,STATION_B_02隔离开关温度偏高，请核实后反馈，请列入本周计划 详见 http://10.0.0.1/wo
WO_0375,STATION_F_02,避雷器,异物,危急,08/19/2026,done,避 雷器巡检时发现 塑 料袋，位 于STATION_F_02，危急
WO_0376,STATION_A_02,绝缘子,渗漏油,严重,04/21/2025,done,绝缘子巡检时发现油位下降，位于STATION_A_02，严重
WO_0377,STATION_E_03,绝缘子,锈蚀,一般,2025-05-13,已 处理,绝缘子巡检时发现锈蚀，位于STATION_E_03，一般
WO_0378,STATION_B_03,隔离开关,破损,严重,01/15/2025,done,隔 离开 关巡 检 时发现 缺口，位 于STATION_B_03，严重
WO_0379,STATION_C_01,母线,发热,严重,2026年1月1日,处理,STATION_C_01母线发现温升异常，严重缺陷，需停电处理
WO_0380,STATION_E_03,绝缘子,异物,一般,2025/09/08,已处理,"  树枝（绝缘子,STATION_E_03）,一般 "
WO_0381,STATION_E_02,隔离开关,渗漏油,危急,2025/03/24,处理完成,渗油（隔离开关，STATION_E_02），危急 详见 http://10.0.0.1/wo
WO_0382,STATION_D_03,电流互感器,锈蚀,一般,2025-08-13,已处理,"STATION_D_03电流互感器发现铁锈,一般缺陷,请安排抢修 详见 http://10.0.0.1/wo！！！"
WO_0383,STATION_A_03,母线,破损,严重,05/18/2025,done,"  STATION_A_03母线碎裂,请核实后反馈,请安排抢修 "
WO_0384,STATION_D_03,母线,发热,危急,2025-01-12,已 处理,  【危急】STATION_D_03母线存在温升异常  ，需停电处理 
WO_0385,STATION_B_03,母线,异物,严重,2025年11月10日,处理完成,"  【严重】STATION_B_03母线存在塑料袋,需停电处理 "
WO_0386,STATION_D_03,变压器,渗漏油,严重,11/15/2025,已 处理,  变压器巡检时发现漏油  ，位于STATION_D_03  ，严重 
WO_0387,STATION_B_03,隔离开关,锈蚀,一般,2026-08-05,处理完成,"【一般】STATION_B_03隔离开关存在漆面剥落,请安排抢修"
WO_0388,STATION_F_01,母线,破损,危急,2025/03/04,处理,破损（母线，STATION_F_01），危急
WO_0389,STATION_B_03,断路器,发热,严重,2025/09/01,已处理,  STATION_B_03断路器过热  ，请核实后反馈  ，需停电处理 
WO_0390,STATION_E_02,绝缘子,异物,一般,2026/04/28,已处理,<p>【一般】STATION_E_02绝缘子存在塑料袋，请尽快核实</p>
WO_0391,STATION_A_03,隔离开关,渗漏油,危急,2025/08/03,已 处理,"  接 报：STATION_A_03隔离开 关 漏油,请安排抢修 "
WO_0392,STATION_D_01,避雷器,锈蚀,严重,2026/09/21,done,接报：STATION_D_01避雷器镀锌层脱落，已通知运维班
WO_0393,STATION_D_02,电流互感器,破损,一般,2026年3月18日,done,  STATION_D_02电流互感器发现裂纹  ，一般缺陷  ，需停电处理 
WO_0394,STATION_D_01,电流互感器,发热,严重,01/14/2025,处理完成,  【严重】STATION_D_01电流互感器存在过热  ，已通知运维班 详见 http://10.0.0.1/wo 
WO_0395,STATION_B_02,断路器,异物,严重,2026-12-17,处理,  STATION_B_02断路器风筝线搭挂  ，请核实后反馈  ，请安排抢修 
WO_0396,STATION_D_03,套管,渗漏油,一般,2026-04-07,处理完成,"套管巡检时发现油迹,位于STATION_D_03,一般 详见 http://10.0.0.1/wo"
WO_0397,STATION_A_01,断路器,锈蚀,严重,2025-02-23,done,  STATION_A_01断路器发现 铁 锈  ，严重缺 陷  ，请列入 本周 计 划 
WO_0398,STATION_F_03,绝缘子,破损,危急,2026/11/10,done,碎裂（绝缘子，STATION_F_03），危急
WO_0399,STATION_A_03,母线,发热,严重,2026/05/11,处理,  <p>STATION_A_03母线过热  ，，，请核实后反馈  ，，，需停电处理</p> 
WO_0400,STATION_A_02,母线,异物,一般,02/07/2025,处理完成,"接报：STATION_A_02母 线 鸟巢,已通知运维 班"
WO_0401,STATION_D_03,电流互感器,渗漏油,危急,2026年4月28日,处理,  STATION_D_03电 流互感器油 污  ，请核 实 后反馈  ，请列 入本周计划 ！！！
WO_0402,STATION_B_01,避雷器,锈蚀,一般,08/25/2025,done,"接报：STATION_B_01避雷器锈蚀,请尽快核实 详见 http://10.0.0.1/wo"
WO_0403,STATION_A_01,套管,破损,严重,2026/04/22,已处理,"  <p>套管巡检时发现裂纹,位于STATION_A_01,严重</p> ！！！"
WO_0404,STATION_C_01,母线,发热,危急,2026/05/27,已 处理,STATION_C_01母线烫手，请核实后反馈，需停电处理
WO_0405,STATION_B_02,隔离开关,异物,一般,09/16/2026,已 处理,接报：STATION_B_02隔离开关鸟巢，请列入本周计划
WO_0406,STATION_E_03,母线,渗漏油,危急,2026年10月28日,处理完成,"渗油（母线,STATION_E_03）,危急"
WO_0407,STATION_F_02,电流互感器,锈蚀,严重,11/12/2025,done,漆面剥 落（电流互感器，STATION_F_02），严 重
WO_0408,STATION_C_02,断路器,破损,严重,2025/05/15,done,  接报：STATION_C_02断路器掉瓷  ，请尽快核实 
WO_0409,STATION_D_01,电流互感器,发热,危急,2026/11/09,处理,【危急】STATION_D_01电 流 互感器存在 温 度偏高，请尽 快 核 实 详见 http://10.0.0.1/wo
WO_0410,STATION_F_01,电流互感器,异物,严重,07/27/2025,已 处理,<p>STATION_F_01电流互感器树枝，请核实后反馈，已通知运维班</p>
WO_0411,STATION_E_01,变压器,渗漏油,一般,2025-08-18,处理完成,<p>STATION_E_01变压器油迹，请核实后反馈，请尽快核实</p>
WO_0412,STATION_F_03,隔离开关,锈蚀,一般,2025/03/14,done,  接报：STATION_F_03隔离开关 锈蚀  ，请 列入本 周计 划 详 见 http://10.0.0.1/wo 
WO_0413,STATION_E_03,套管,破损,严重,2026/07/18,已处理,"<p>STATION_E_03套管掉瓷,请核实后反馈,请列入本周计划</p>"
WO_0414,STATION_D_02,电流互感器,发热,严重,2026年10月23日,处理,电流互感 器巡 检 时 发 现温 度偏高，位于STATION_D_02，严重 详见 http://10.0.0.1/wo
WO_0415,STATION_A_03,避雷器,异物,危急,2025年6月8日,已处理,STATION_A_03避雷器树 枝，请核 实 后 反馈，请 安排 抢修
WO_0416,STATION_A_03,隔离开关,渗漏油,严重,10/09/2026,已 处理,  STATION_A_03隔离开关发现滴油  ，严重缺陷  ，请尽快核实 
WO_0417,STATION_A_03,变压器,锈蚀,严重,2026年2月16日,已 处理,"STATION_A_03变压器镀锌层脱落,请核实后反馈,需停电处理"
WO_0418,STATION_D_03,变压器,破损,严重,12/14/2026,处理,STATION_D_03变压器碎裂，请核实后反馈，需停电处理
WO_0419,STATION_A_03,电流互感器,发热,严重,07/02/2025,已处理,STATION_A_03电流 互 感 器发热，请核实后 反馈，已通知 运 维班
WO_0420,STATION_B_01,断路器,异物,严重,2025/06/08,已处理,  STATION_B_01断路器发现树枝  ，严重缺陷  ，请尽快核实 
WO_0421,STATION_C_03,套管,渗漏油,一般,2026年10月28日,done,【一般】STATION_C_03套管存在油迹，已通知运维班 详见 http://10.0.0.1/wo
WO_0422,STATION_A_01,套管,锈蚀,危急,2025-01-11,已处理,STATION_A_01套管 发现生 锈，危 急 缺陷，需 停 电 处理
WO_0423,STATION_D_01,绝缘子,破损,严重,11/02/2025,已处理,"  <p>STATION_D_01绝缘子发现破损,严重缺陷,需停电处理</p> "
WO_0424,STATION_A_02,断路器,发热,危急,2025/09/20,已处理,STATION_A_02断路器发现发热，危急缺陷，请安排抢修！！！
WO_0425,STATION_A_03,电流互感器,异物,严重,07/24/2025,已 处理,"鸟巢（电 流互感器,STATION_A_03）,严重"
WO_0426,STATION_E_01,断路器,渗漏油,严重,2025年1月7日,已处理,"【严重】STATION_E_01断 路 器存在 油 迹,已 通知 运 维班"
WO_0427,STATION_B_01,套管,锈蚀,一般,2025年6月18日,已 处理,漆面剥落（套管，STATION_B_01），一般
WO_0428,STATION_B_01,隔离开关,破损,危急,2026/06/06,已处理,<p>【危急】STATION_B_01隔离开关存在缺口，已通知运维班</p> 详见 http://10.0.0.1/wo
WO_0429,STATION_D_02,隔离开关,发热,危急,2026年8月17日,done,接报：STATION_D_02隔离开关发热，已通知运维班
WO_0430,STATION_B_02,母线,异物,严重,05/28/2026,已 处理,<p>【严重】STATION_B_02母线存在鸟巢，需停电处理</p>
WO_0431,STATION_E_01,断路器,渗漏油,一般,10/18/2026,已处理,"断路器巡检时 发 现渗油,位 于STATION_E_01,一 般"
WO_0432,STATION_A_03,套管,锈蚀,严重,2025-09-10,已 处理,STATION_A_03套管锈蚀，请核实后反馈，请列入本周计划
WO_0433,STATION_C_03,母线,破损,一般,2026/01/05,处理完成,STATION_C_03母线碎裂，请核实后反馈，已通知运维班
WO_0434,STATION_F_03,套管,发热,危急,2025-05-03,已处理,【危急】STATION_F_03套 管 存在发热，请列入 本周计划
WO_0435,STATION_F_02,母线,异物,严重,2025年12月14日,done,<p>STATION_F_02母线 发 现塑 料袋，严 重 缺陷，请 尽快核 实</p> 详见 http://10.0.0.1/wo
WO_0436,STATION_E_01,隔离开关,渗漏油,危急,2025/02/28,处理,STATION_E_01隔离开关油位下降，请核实后反馈，请安排抢修
WO_0437,STATION_F_02,母线,锈蚀,危急,02/23/2025,已 处理,"接报：STATION_F_02母 线镀锌 层脱 落,需停电 处理"
WO_0438,STATION_A_01,电流互感器,破损,一般,09/25/2025,处理完成,  STATION_A_01电流互感 器缺口  ，请核实后反馈  ，请 列 入本周计划 
WO_0439,STATION_C_03,避雷器,发热,一般,2026年12月27日,处理完成,STATION_C_03避雷器温度偏高，请核实后反馈，请列入本周计划
WO_0440,STATION_F_01,避雷器,异物,严重,2025/12/03,处理完成,  【严重】STATION_F_01避雷器存在塑料袋  ，需停电处理 
WO_0441,STATION_C_02,断路器,渗漏油,一般,2026/02/20,处理完成,  断路器巡检时发现油污  ，位于STATION_C_02  ，一般 
WO_0442,STATION_B_02,隔离开关,锈蚀,危急,2026/09/04,处理,  STATION_B_02隔离开关锈蚀  ，请核实后反馈  ，请尽快核实 ！！！
WO_0443,STATION_A_03,电流互感器,破损,严重,2025年3月4日,已 处理,STATION_A_03电流互感器发现碎裂，严重缺陷，请列入本周计划
WO_0444,STATION_A_02,变压器,发热,一般,03/04/2025,done,"  接报：STATION_A_02变压器烫手,请列入本周计划 "
WO_0445,STATION_F_03,电流互感器,异物,严重,2025年2月13日,已 处理,STATION_F_03电 流 互感器 发现塑 料袋，严重缺陷，请 尽快核实
WO_0446,STATION_E_01,母线,渗漏油,严重,2026年10月24日,已 处理,STATION_E_01母线发现油位下降，严重缺陷，请安排抢修
WO_0447,STATION_C_03,避雷器,锈蚀,一般,2026/12/21,done,"STATION_C_03避雷器发现镀锌层脱落,一般缺陷,已通知运维班"
WO_0448,STATION_A_01,电流互感器,破损,严重,2025年3月25日,done,接 报：STATION_A_01电流互 感 器掉瓷，请列入本周 计划
WO_0449,STATION_A_01,隔离开关,发热,危急,2025/08/19,已 处理,STATION_A_01隔离开关过热，请核实后反馈，需停电处理 详见 http://10.0.0.1/wo
WO_0450,STATION_E_01,母线,异物,一般,2025/07/15,处理,"<p>异物（母线,STATION_E_01）,一般</p>"
WO_0451,STATION_A_03,套管,渗漏油,一般,2026-03-05,已处理,STATION_A_03套 管 渗油，请 核 实后 反 馈，已通知 运维 班
WO_0452,STATION_C_03,变压器,锈蚀,危急,07/26/2025,done,  接报：STATION_C_03变压 器漆 面剥 落  ，请 尽快核 实 
WO_0453,STATION_F_01,绝缘子,破损,一般,2025-06-10,已处理,STATION_F_01绝缘子缺口，请核实后反馈，请安排抢修
WO_0454,STATION_B_03,绝缘子,发热,一般,08/08/2026,done,【一般】STATION_B_03绝缘子存在温升异常，请尽快核实
WO_0455,STATION_D_02,电流互感器,异物,危急,2025-05-14,done,  STATION_D_02电流互感器风筝线搭挂  ，请核实后反馈  ，请尽快核实 
WO_0456,STATION_B_03,套管,渗漏油,危急,2026年5月22日,已 处理,"  <p>套管 巡检 时 发 现渗 油,位于STATION_B_03,危 急</p> "
WO_0457,STATION_F_03,绝缘子,锈蚀,一般,2025/03/24,处理,"STATION_F_03绝缘子发现锈蚀,一般缺陷,请尽快核实！！！"
WO_0458,STATION_D_01,电流互感器,破损,严重,2025-09-19,done,  STATION_D_01电流互感器发现裂纹  ，严重缺陷  ，请列入本周计划 ！！！
WO_0459,STATION_C_01,绝缘子,发热,一般,08/06/2026,done,"<p>发热（绝缘子,STATION_C_01）,一般</p> 详见 http://10.0.0.1/wo"
WO_0460,STATION_D_02,母线,异物,严重,07/09/2026,处理完成,【严重】STATION_D_02母线存在树枝，需停电处理
WO_0461,STATION_A_03,套管,渗漏油,危急,2025年9月21日,done,接报：STATION_A_03套管漏油，需停电处理
WO_0462,STATION_D_03,绝缘子,锈蚀,一般,2025-06-28,处理,STATION_D_03绝缘子发现铁锈，一般缺陷，请列入本周计划
WO_0463,STATION_C_01,变压器,破损,危急,2026年5月16日,处理完成,<p>STATION_C_01变压器裂纹，请核实后反馈，已通知运维班</p>
WO_0464,STATION_C_03,变压器,发热,严重,07/26/2026,已 处理,STATION_C_03变压器过热，请核实后反馈，请尽快核实
WO_0465,STATION_D_02,避雷器,异物,一般,2025-08-24,处理,STATION_D_02避雷器发现塑料袋，一般缺陷，请尽快核实
WO_0466,STATION_F_01,避雷器,渗漏油,一般,2025/06/02,已处理,【一般】STATION_F_01避雷器存在油污，请尽快核实 详见 http://10.0.0.1/wo
WO_0467,STATION_D_01,套管,锈蚀,危急,2026-06-03,done,STATION_D_01套 管 发 现铁锈，危急缺 陷，需 停电处理
WO_0468,STATION_F_01,变压器,破损,严重,2025年11月8日,处理完成,<p>变压器巡检时发现破损，位于STATION_F_01，严重</p>
WO_0469,STATION_E_03,隔离开关,发热,严重,2026/04/11,已处理,STATION_E_03隔离开关发现发热，严重缺陷，请尽快核实
WO_0470,STATION_B_01,隔离开关,异物,严重,05/02/2025,已 处理,<p>STATION_B_01隔离开关塑料袋，请核实后反馈，已通知运维班</p>
WO_0471,STATION_F_01,隔离开关,渗漏油,严重,2025年1月21日,done,"STATION_F_01隔离开关发现漏油,严重缺陷,已通知运维班"
WO_0472,STATION_B_03,绝缘子,锈蚀,一般,2026/05/01,处理,漆面剥落（绝缘子，STATION_B_03），一般
WO_0473,STATION_C_01,变压器,破损,一般,05/06/2026,done,<p>STATION_C_01变压器 破损，请核实后反 馈，请列入 本 周计划</p>
WO_0474,STATION_F_02,母线,发热,危急,12/03/2026,done,"【危急】STATION_F_02母线存在发热,请安排抢修 详见 http://10.0.0.1/wo"
WO_0475,STATION_F_03,套管,异物,严重,06/12/2026,已 处理,"  STATION_F_03套管发现鸟巢,严重缺陷,请安排抢修 "
WO_0476,STATION_C_01,变压器,渗漏油,一般,2025/07/09,已 处理,<p>STATION_C_01变压器油迹，请核实后反馈，请尽快核实</p>
WO_0477,STATION_C_01,断路器,锈蚀,一般,2026/12/01,处理,<p>锈蚀（断路器，STATION_C_01），一般</p> 详见 http://10.0.0.1/wo
WO_0478,STATION_E_02,母线,破损,危急,2026/04/23,done,"  STATION_E_02母线 掉瓷,请核实后反 馈,已通知运维班 "
WO_0479,STATION_C_01,避雷器,发热,危急,2026-07-19,处理完成,  STATION_C_01避雷器发现烫手  ，危急缺陷  ，请列入本周计划 
WO_0480,STATION_A_03,套管,异物,严重,2025/07/16,已 处理,套管巡检时发现树枝，位于STATION_A_03，严重
WO_0481,STATION_D_02,隔离开关,渗漏油,危急,01/20/2026,已处理,<p>接报：STATION_D_02隔离开关油位下降，需停电处理</p>
WO_0482,STATION_F_03,避雷器,锈蚀,危急,2026年9月26日,done,  铁锈（避雷器  ，STATION_F_03）  ，危急 
WO_0483,STATION_C_03,隔离开关,破损,一般,2026年2月11日,已 处理,  <p>隔离开关巡检时发现破损  ，位于STATION_C_03  ，一般</p> 
WO_0484,STATION_F_01,断路器,发热,严重,07/21/2026,done,  【严重】STATION_F_01断路器存 在温 度偏高  ，需 停 电 处 理 
WO_0485,STATION_B_02,套管,异物,危急,2026/10/23,已处理,接报：STATION_B_02套管异物，需停电处理
WO_0486,STATION_B_01,电流互感器,渗漏油,一般,2026年6月24日,处理,"<p>STATION_B_01电流互感器发现滴油,一般缺陷,请安排抢修</p>！！！"
WO_0487,STATION_F_03,电流互感器,锈蚀,严重,07/01/2025,已处理,  STATION_F_03电流互感器镀锌层脱落  ，请核实后反馈  ，已通知运维班 
WO_0488,STATION_A_02,隔离开关,破损,严重,11/23/2026,已处理,"隔离开关巡检时发现箱体变形,位于STATION_A_02,严重！！！"
WO_0489,STATION_F_02,变压器,发热,严重,2025-05-03,处理完成,STATION_F_02变压器发现温度偏高，严重缺陷，请尽快核实
WO_0490,STATION_B_03,断路器,异物,严重,2026/06/02,已处理,【严 重】STATION_B_03断 路器存在风筝线搭 挂，请 安排抢修
WO_0491,STATION_B_02,避雷器,渗漏油,危急,2025/04/27,done,避雷器巡检时发现滴油，位于STATION_B_02，危急
WO_0492,STATION_A_03,断路器,锈蚀,危急,2025/06/20,处理完成,接报：STATION_A_03断路器镀锌层脱落，已通知运维班
WO_0493,STATION_A_01,套管,破损,严重,2025年10月17日,处理,<p>掉瓷（套管，STATION_A_01），严重</p>！！！
WO_0494,STATION_E_01,绝缘子,发热,一般,10/17/2026,处理,【一般】STATION_E_01绝缘子存在温度偏高，已通知运维班！！！
WO_0495,STATION_B_03,母线,异物,危急,2025年10月13日,处理,"【危急】STATION_B_03母线存在鸟巢,需停电处理"
WO_0496,STATION_D_02,断路器,渗漏油,严重,2025-09-23,已处理,"【严重】STATION_D_02断路器存在漏油,请列入本周计划"
WO_0497,STATION_E_02,隔离开关,锈蚀,危急,2026/03/16,已处理,STATION_E_02隔 离开关发现生锈，危急 缺陷，请 列入本周计划
WO_0498,STATION_A_03,变压器,破损,严重,2026-12-28,处理,变压器巡检时发现箱体变形，，，位于STATION_A_03，，，严重
WO_0499,STATION_B_03,隔离开关,发热,一般,05/15/2026,处理完成,  烫手（隔离开关  ，STATION_B_03）  ，一般 
WO_0500,STATION_E_03,绝缘子,异物,一般,2025/05/25,已处理,  接报：STATION_E_03绝缘子塑料袋  ，已通知运维班 
WO_0501,STATION_D_01,母线,渗漏油,危急,2026年12月17日,处理完成,  接报：STATION_D_01母 线油 污  ，需 停 电 处理 
WO_0502,STATION_F_03,隔离开关,锈蚀,一般,2026-03-19,已 处理,STATION_F_03隔离开关锈蚀，请核实后反馈，请列入本周计划
WO_0503,STATION_B_03,避雷器,破损,危急,01/14/2026,done,STATION_B_03避雷器发现破损，危急缺陷，需停电处理
WO_0504,STATION_C_01,电流互感器,发热,危急,01/09/2026,处理完成,接报：STATION_C_01电 流 互感器温升异 常，请 尽快核实 详见 http://10.0.0.1/wo
WO_0505,STATION_D_03,避雷器,异物,危急,2026-01-03,done,  塑料 袋（避雷 器  ，STATION_D_03）  ，危急 
WO_0506,STATION_D_03,母线,渗漏油,严重,01/18/2025,处理,STATION_D_03母线渗油，请核实后反馈，请尽快核实
WO_0507,STATION_A_02,套管,锈蚀,危急,2025年3月12日,已 处理,  STATION_A_02套管锈蚀  ，请核实后反馈  ，请尽快核实 
WO_0508,STATION_A_01,避雷器,破损,危急,2025/01/21,已处理,【危急】STATION_A_01避雷器存在裂纹，已通知运维班
WO_0509,STATION_C_02,电流互感器,发热,一般,2026-06-11,已 处理,  STATION_C_02电流互感器烫手  ，请核实后反馈  ，请列入本周计划 
WO_0510,STATION_C_03,隔离开关,异物,严重,2025年1月11日,已 处理,  STATION_C_03隔离开关鸟巢  ，，，请核实后反馈  ，，，请列入本周计划 
WO_0511,STATION_D_02,变压器,渗漏油,严重,2025年10月20日,已 处理,STATION_D_02变 压 器发现滴 油，严重缺陷，请安 排 抢修
WO_0512,STATION_C_02,避雷器,锈蚀,严重,2026/05/18,已 处理,<p>接报：STATION_C_02避雷器生锈，，，请列入本周计划</p> 详见 http://10.0.0.1/wo
WO_0513,STATION_B_02,断路器,破损,一般,2025-03-21,处理,接报：STATION_B_02断路器箱体变形，需停电处理
WO_0514,STATION_B_01,隔离开关,发热,危急,07/23/2025,已处理,"接报：STATION_B_01隔离开 关温升 异 常,请 安 排抢修"
WO_0515,STATION_B_01,绝缘子,异物,危急,04/17/2025,处理,"  接报：STATION_B_01绝 缘子塑料袋,需 停 电处理 "
WO_0516,STATION_C_01,隔离开关,渗漏油,严重,2025/06/16,已 处理,隔离开关巡检时发现滴油，位于STATION_C_01，严重
WO_0517,STATION_A_03,隔离开关,锈蚀,严重,03/17/2025,done,"  STATION_A_03隔离开关镀锌层脱落,请核实后反馈,请安排抢修 详见 http://10.0.0.1/wo "
WO_0518,STATION_C_01,断路器,破损,危急,2025年5月23日,处理完成,【危急】STATION_C_01断路器存在箱体变形，请尽快核实
WO_0519,STATION_F_02,变压器,发热,严重,2026-05-09,已处理,"<p>【严重】STATION_F_02变压器存在温度偏高,请列入本周计划</p>"
WO_0520,STATION_A_02,变压器,异物,一般,2026年9月26日,已 处理,STATION_A_02变压器鸟巢，请核实后反馈，请列入本周计划 详见 http://10.0.0.1/wo
WO_0521,STATION_D_01,绝缘子,渗漏油,危急,2026/09/24,done,"STATION_D_01绝缘子发现油位下降,危急缺陷,请列入本周计划"
WO_0522,STATION_A_01,套管,锈蚀,严重,05/18/2026,已处理,"  STATION_A_01套管发现铁锈,严重缺陷,需停电处理 "
WO_0523,STATION_E_02,绝缘子,破损,严重,2025年9月4日,done,<p>绝 缘子巡检时发 现掉 瓷，位 于STATION_E_02，严 重</p>
WO_0524,STATION_B_03,母线,发热,严重,04/18/2026,已 处理,温度偏高（母线，STATION_B_03），严重
WO_0525,STATION_B_03,变压器,异物,一般,2025-02-09,处理,接报：STATION_B_03变 压器异 物，需 停电 处理
WO_0526,STATION_D_02,断路器,渗漏油,危急,2025年7月27日,已 处理,STATION_D_02断路器发现渗油，危急缺陷，请安排抢修
WO_0527,STATION_E_03,断路器,锈蚀,严重,2026年8月9日,处理完成,STATION_E_03断路器锈蚀，请核实后反馈，请列入本周计划
WO_0528,STATION_A_01,母线,破损,危急,2025年1月12日,已 处理,接报：STATION_A_01母线碎裂，请列入本周计划
WO_0529,STATION_B_03,电流互感器,发热,危急,2026-12-24,处理完成,  <p>电流互感器巡检时发现温度偏高  ，位于STATION_B_03  ，危急</p> 
WO_0530,STATION_F_03,变压器,异物,严重,2025年7月16日,done,"接报：STATION_F_03变压器树枝,需停电处理 详见 http://10.0.0.1/wo"
WO_0531,STATION_C_01,变压器,渗漏油,一般,01/10/2026,done,油迹（变压器，STATION_C_01），一般 详见 http://10.0.0.1/wo
WO_0532,STATION_F_01,断路器,锈蚀,严重,01/14/2026,已 处理,"漆面剥落（断路器,STATION_F_01）,严重"
WO_0533,STATION_D_03,绝缘子,破损,危急,2025/08/13,done,  【危急】STATION_D_03绝缘子存在箱体变形  ，请列入本周计划 
WO_0534,STATION_C_01,避雷器,发热,一般,04/16/2025,处理,接报：STATION_C_01避雷器温度 偏高，请尽 快 核实
WO_0535,STATION_B_03,绝缘子,异物,危急,2025-03-17,处理,STATION_B_03绝缘子发现鸟巢，危急缺陷，请安排抢修
WO_0536,STATION_D_02,隔离开关,渗漏油,严重,06/11/2025,done,"【严重】STATION_D_02隔离开关存在油污,请列入本周计划"
WO_0537,STATION_C_02,避雷器,锈蚀,一般,04/02/2026,处理完成,铁锈（避雷器，STATION_C_02），一般 详见 http://10.0.0.1/wo
WO_0538,STATION_F_01,避雷器,破损,一般,2026/03/02,处理,"【一般】STATION_F_01避雷器存在箱体变形,已通知运维班"
WO_0539,STATION_E_03,绝缘子,发热,危急,2026-09-17,已处理,  接报：STATION_E_03绝缘子过热  ，已通知运维班 
WO_0540,STATION_F_02,避雷器,异物,一般,2026年2月15日,已处理,  【一般】STATION_F_02避雷器存在树枝  ，请尽快核实 
WO_0541,STATION_A_01,套管,渗漏油,危急,2025-04-28,处理,<p>【危急】STATION_A_01套管存在漏油，请列入本周计划</p> 详见 http://10.0.0.1/wo
WO_0542,STATION_C_02,套管,锈蚀,严重,2026-09-03,done,套管巡检时发现锈蚀，位于STATION_C_02，严重
WO_0543,STATION_D_01,母线,破损,一般,2026/01/15,处理,"掉瓷（母线,STATION_D_01）,一般"
WO_0544,STATION_F_03,断路器,发热,严重,2026年5月20日,处理完成,断路器巡检时发现过热，，，位于STATION_F_03，，，严重
WO_0545,STATION_E_01,电流互感器,异物,一般,2026年7月9日,已处理,【一般】STATION_E_01电流互感器存在树枝，已通知运维班
WO_0546,STATION_D_02,母线,渗漏油,严重,2026-10-13,已处理,  油污（母线  ，STATION_D_02）  ，严重 
WO_0547,STATION_C_01,隔离开关,锈蚀,一般,2026/05/21,已 处理,  接报：STATION_C_01隔离开关铁锈  ，请尽快核实 详见 http://10.0.0.1/wo 
WO_0548,STATION_F_02,隔离开关,破损,严重,2025-09-08,处理完成,接报：STATION_F_02隔离开关箱体变形，请列入本周计划
WO_0549,STATION_F_01,变压器,发热,危急,2026年11月2日,done,"  接报：STATION_F_01变压器烫手,请安排抢修 "
WO_0550,STATION_F_01,变压器,异物,危急,2026-04-24,已处理,<p>STATION_F_01变压器塑料袋，请核实后反馈，已通知运维班</p>
WO_0551,STATION_A_01,变压器,渗漏油,一般,02/02/2026,done,油 迹（变压器，STATION_A_01），一般
WO_0552,STATION_B_01,变压器,锈蚀,危急,2026年4月11日,已 处理,  STATION_B_01变压器生锈  ，请核实后反馈  ，请列入本周计划 
WO_0553,STATION_D_01,断路器,破损,严重,2026年2月4日,done,  【严重】STATION_D_01断路器存在破损  ，已通知运维班 
WO_0554,STATION_D_02,绝缘子,发热,危急,2026/10/27,处理完成,  接报：STATION_D_02绝缘子温升异常  ，请安排抢修 
WO_0555,STATION_D_02,套管,异物,一般,2025年4月18日,已处理,  STATION_D_02套管发现异物  ，一般缺陷  ，请尽快核实 
WO_0556,STATION_B_01,电流互感器,渗漏油,严重,04/21/2025,处理,【严重】STATION_B_01电流互 感 器存 在 漏油，请安 排抢修
WO_0557,STATION_F_01,套管,锈蚀,一般,2025/05/18,已 处理,<p>【一般】STATION_F_01套管存在铁锈，请安排抢修</p>
WO_0558,STATION_C_02,避雷器,破损,危急,2025/11/13,处理,接报：STATION_C_02避雷器缺口，请尽快核实
WO_0559,STATION_D_02,套管,发热,危急,2025/05/25,处理完成,"<p>STATION_D_02套管发现发热,危急缺陷,请安排抢修</p>"
WO_0560,STATION_F_03,隔离开关,异物,严重,2026-10-01,done,STATION_F_03隔离开关鸟巢，请核实后反馈，已通知运维班
WO_0561,STATION_C_01,断路器,渗漏油,一般,07/22/2025,已处理,断路器巡检时发现渗油，位于STATION_C_01，一般
WO_0562,STATION_E_03,避雷器,锈蚀,危急,2026/09/10,处理,STATION_E_03避雷器生锈，请核实后反馈，需停电处理！！！
WO_0563,STATION_C_03,母线,破损,一般,2026-07-05,已处理,"STATION_C_03母线破损,请核实后反馈,已通知运维班"
WO_0564,STATION_C_03,绝缘子,发热,危急,2025/10/27,处理,温升异常（绝缘子，STATION_C_03），危急
WO_0565,STATION_D_03,断路器,异物,一般,2026-08-22,处理完成,"<p>【一般】STATION_D_03断路器存在异物,需停电处理</p>"
WO_0566,STATION_F_03,断路器,渗漏油,严重,2026/12/03,处理完成,  STATION_F_03断路 器发现 渗油  ，严 重 缺 陷  ，请 列入 本周 计划 
WO_0567,STATION_C_03,断路器,锈蚀,危急,2025年9月6日,处理完成,STATION_C_03断路器发现生锈，危急缺陷，请列入本周计划 详见 http://10.0.0.1/wo
WO_0568,STATION_D_02,隔离开关,破损,严重,2026/12/05,done,STATION_D_02隔离开关发现掉瓷，严重缺陷，需停电处理
WO_0569,STATION_D_02,母线,发热,危急,2025年12月27日,已处理,【危急】STATION_D_02母线存在温升异常，请尽快核实
WO_0570,STATION_B_01,套管,异物,危急,2025/06/09,处理完成,  STATION_B_01套管发现塑料袋  ，危急缺陷  ，请安排抢修 
WO_0571,STATION_D_02,绝缘子,渗漏油,严重,2025年12月6日,已处理,
WO_0572,STATION_B_02,套管,锈蚀,严重,2026-03-08,已 处理,   
WO_0573,STATION_F_03,母线,破损,一般,2025-11-28,done,N/A
WO_0574,STATION_B_03,避雷器,发热,危急,2026/10/25,处理完成,-
WO_0575,STATION_E_01,母线,异物,危急,2025-08-26,处理,无
WO_0576,STATION_E_01,电流互感器,渗漏油,危急,2026/05/21,已 处理,
WO_0577,STATION_B_02,变压器,锈蚀,一般,02/17/2026,已处理,   
WO_0578,STATION_A_03,断路器,破损,严重,2026-12-09,done,N/A
WO_0579,STATION_C_02,断路器,发热,一般,2026年8月24日,已处理,-
WO_0580,STATION_D_02,母线,异物,危急,2026-09-23,已 处理,无
WO_0581,STATION_E_02,套管,渗漏油,危急,2025年7月14日,已处理,
WO_0582,STATION_E_02,断路器,锈蚀,危急,12/04/2026,处理完成,   
WO_0583,STATION_C_02,母线,破损,一般,10/22/2025,处理,N/A
WO_0584,STATION_E_03,母线,发热,严重,2026年3月24日,done,-
WO_0585,STATION_E_01,隔离开关,异物,危急,2025/02/12,处理完成,无
WO_0586,STATION_E_02,断路器,渗漏油,一般,2025-01-20,处理,
WO_0587,STATION_C_01,隔离开关,锈蚀,一般,2025/05/16,已 处理,   
WO_0588,STATION_D_03,避雷器,破损,一般,02/24/2025,已 处理,N/A
WO_0589,STATION_C_02,隔离开关,发热,严重,2026-06-02,已处理,-
WO_0590,STATION_D_01,套管,异物,危急,2026年10月9日,已处理,无
WO_0591,STATION_A_02,隔离开关,渗漏油,危急,12/24/2026,已处理,
WO_0592,STATION_D_01,套管,锈蚀,严重,2026-12-17,处理完成,   
WO_0593,STATION_E_03,避雷器,破损,危急,2025-09-22,done,N/A
WO_0594,STATION_D_01,绝缘子,发热,严重,2025年8月17日,处理完成,-
WO_0595,STATION_A_01,断路器,异物,一般,2025/07/23,处理完成,无
WO_0596,STATION_E_01,套管,渗漏油,严重,2026年1月9日,done,
WO_0597,STATION_A_03,断路器,锈蚀,危急,2026-05-01,处理,   
WO_0598,STATION_B_02,母线,破损,严重,2025年4月8日,处理完成,N/A
WO_0599,STATION_A_02,避雷器,发热,严重,2025-09-28,处理完成,-
WO_0600,STATION_C_02,变压器,异物,危急,2026-12-01,done,无
