记录ID,台区编号,线路名称,设备类型,缺陷类型,投运年限,负荷值,温度,湿度,巡检耗时分钟,是否危急
1,STATION_A_04,LINE_DELTA_1,互感器,发热,14.0,474.97,34.8,60.6,46.0,0
2,STATION_E_04,LINE_DELTA_3,避雷器,发热,19.0,,30.3,69.1,23.0,0
3,STATION_D_06,LINE_DELTA_3,绝缘子,异物,5.0,,,57.2,31.0,0
4,STATION_C_04,LINE_ALPHA_3,避雷器,发热,19.0,148.47,27.4,84.7,45.0,0
5,STATION_C_04,LINE_EPSILON_1,绝缘子,渗漏油,28.0,329.59,33.6,54.5,40.0,0
6,STATION_F_01,LINE_GAMMA_3,避雷器,渗漏油,5.0,256.07,38.6,61.0,50.0,0
7,STATION_A_04,LINE_BETA_2,绝缘子,发热,10.0,202.95,26.9,66.3,30.0,0
8,STATION_E_02,LINE_GAMMA_2,变压器,破损,21.0,678.35,29.4,51.9,54.0,0
9,STATION_B_02,LINE_EPSILON_3,避雷器,锈蚀,19.0,460.93,32.2,69.0,31.0,1
10,STATION_A_04,LINE_EPSILON_1,断路器,破损,21.0,476.95,23.6,84.3,65.0,0
11,STATION_D_01,LINE_EPSILON_1,互感器,异物,17.0,,31.6,59.1,24.0,0
12,STATION_F_06,LINE_GAMMA_1,避雷器,异物,21.0,394.07,36.0,69.7,32.0,0
13,STATION_E_03,LINE_DELTA_3,绝缘子,发热,19.0,564.68,31.8,32.0,50.0,0
14,STATION_E_04,LINE_BETA_3,绝缘子,破损,3.0,415.15,32.8,64.5,65.0,0
15,STATION_E_02,LINE_DELTA_2,断路器,锈蚀,23.0,499.6,34.8,61.2,49.0,0
16,STATION_E_05,LINE_DELTA_1,避雷器,破损,14.0,390.6,29.8,55.2,52.0,0
17,STATION_D_01,LINE_BETA_1,避雷器,锈蚀,2.0,368.68,40.5,78.0,45.0,0
18,STATION_A_05,LINE_BETA_1,断路器,发热,13.0,208.96,46.5,61.1,33.0,0
19,STATION_F_01,LINE_ALPHA_1,变压器,发热,14.0,123.34,31.3,62.9,39.0,0
20,STATION_C_05,LINE_ALPHA_3,变压器,渗漏油,3.0,380.77,38.9,60.5,30.0,0
21,STATION_D_01,LINE_GAMMA_1,避雷器,渗漏油,30.0,428.47,,42.0,30.0,1
22,STATION_C_02,LINE_GAMMA_2,互感器,锈蚀,7.0,227.08,,51.4,50.0,0
23,STATION_B_01,LINE_ALPHA_3,绝缘子,放电痕迹,10.0,414.83,47.5,76.5,32.0,0
24,STATION_F_04,LINE_GAMMA_1,互感器,发热,14.0,428.06,39.1,39.7,49.0,0
25,STATION_E_05,LINE_DELTA_1,绝缘子,渗漏油,25.0,96.6,20.8,55.8,29.0,0
26,STATION_D_06,LINE_BETA_1,断路器,放电痕迹,23.0,282.73,38.6,60.2,49.0,0
27,STATION_C_03,LINE_BETA_3,避雷器,破损,24.0,481.09,,85.9,39.0,0
28,STATION_E_06,LINE_BETA_3,变压器,破损,8.0,,33.2,74.2,62.0,0
29,STATION_D_02,LINE_GAMMA_2,互感器,放电痕迹,26.0,,,58.3,49.0,0
30,STATION_C_04,LINE_BETA_3,绝缘子,渗漏油,25.0,443.77,,80.7,60.0,0
31,STATION_C_05,LINE_DELTA_3,绝缘子,锈蚀,14.0,573.36,23.1,56.1,36.0,0
32,STATION_B_03,LINE_BETA_2,绝缘子,发热,17.0,536.56,36.1,77.1,46.0,1
33,STATION_A_04,LINE_GAMMA_1,变压器,渗漏油,2.0,405.71,20.9,48.7,33.0,0
34,STATION_D_02,LINE_BETA_3,断路器,发热,23.0,349.8,33.1,77.9,40.0,0
35,STATION_F_02,LINE_ALPHA_3,变压器,锈蚀,29.0,325.6,45.3,60.1,42.0,0
36,STATION_A_03,LINE_DELTA_2,变压器,渗漏油,15.0,490.17,19.7,52.7,36.0,0
37,STATION_F_01,LINE_BETA_1,避雷器,锈蚀,17.0,449.27,24.8,62.4,30.0,0
38,STATION_E_06,LINE_BETA_2,避雷器,破损,15.0,514.41,26.7,68.3,28.0,0
39,STATION_B_04,LINE_DELTA_3,避雷器,渗漏油,3.0,439.78,34.5,59.1,17.0,0
40,STATION_D_05,LINE_EPSILON_3,绝缘子,渗漏油,19.0,542.81,32.1,71.6,32.0,0
41,STATION_A_06,LINE_DELTA_2,避雷器,放电痕迹,22.0,434.19,46.2,58.0,53.0,1
42,STATION_E_04,LINE_EPSILON_2,绝缘子,锈蚀,28.0,537.7,42.6,72.4,26.0,0
43,STATION_E_02,LINE_EPSILON_1,变压器,锈蚀,28.0,550.62,39.0,70.3,29.0,0
44,STATION_C_01,LINE_GAMMA_2,变压器,渗漏油,15.0,,36.2,64.3,66.0,0
45,STATION_A_03,LINE_DELTA_3,互感器,锈蚀,29.0,148.78,38.1,59.7,37.0,0
46,STATION_F_05,LINE_BETA_2,绝缘子,锈蚀,16.0,651.52,28.1,66.8,49.0,0
47,STATION_C_05,LINE_GAMMA_1,变压器,发热,20.0,458.5,41.9,71.6,53.0,1
48,STATION_F_03,LINE_GAMMA_3,互感器,锈蚀,19.0,162.83,26.1,89.7,53.0,0
49,STATION_E_01,LINE_EPSILON_3,避雷器,放电痕迹,30.0,312.93,41.7,76.3,27.0,1
50,STATION_E_05,LINE_EPSILON_1,变压器,放电痕迹,23.0,535.78,44.5,76.7,42.0,1
51,STATION_E_04,LINE_GAMMA_2,断路器,渗漏油,4.0,378.05,36.7,100.0,26.0,0
52,STATION_B_02,LINE_DELTA_1,绝缘子,渗漏油,3.0,343.19,33.6,71.2,74.0,0
53,STATION_C_02,LINE_BETA_1,避雷器,渗漏油,13.0,630.13,,70.8,26.0,0
54,STATION_C_05,LINE_EPSILON_1,变压器,发热,16.0,262.91,,73.4,32.0,0
55,STATION_C_06,LINE_GAMMA_3,绝缘子,渗漏油,21.0,300.28,37.4,52.9,33.0,0
56,STATION_A_02,LINE_GAMMA_2,断路器,放电痕迹,15.0,451.71,34.1,59.7,27.0,0
57,STATION_D_02,LINE_DELTA_3,绝缘子,异物,16.0,478.57,,58.9,61.0,0
58,STATION_A_06,LINE_DELTA_1,断路器,异物,28.0,494.45,40.7,72.8,74.0,1
59,STATION_E_03,LINE_ALPHA_2,互感器,破损,11.0,556.69,34.4,62.9,39.0,0
60,STATION_E_01,LINE_BETA_2,断路器,放电痕迹,15.0,449.79,25.9,66.7,29.0,0
61,STATION_F_04,LINE_ALPHA_3,断路器,渗漏油,17.0,493.41,33.9,78.0,18.0,0
62,STATION_E_03,LINE_DELTA_3,绝缘子,破损,15.0,381.12,35.5,75.4,42.0,0
63,STATION_C_02,LINE_ALPHA_1,变压器,锈蚀,30.0,429.4,,63.1,41.0,0
64,STATION_F_05,LINE_BETA_1,变压器,放电痕迹,29.0,436.13,36.3,57.0,37.0,0
65,STATION_C_03,LINE_GAMMA_3,断路器,发热,16.0,452.26,,78.6,48.0,0
66,STATION_B_06,LINE_DELTA_2,避雷器,异物,14.0,535.88,26.3,74.3,50.0,0
67,STATION_F_03,LINE_GAMMA_2,绝缘子,渗漏油,18.0,503.27,36.4,45.7,49.0,0
68,STATION_C_02,LINE_EPSILON_1,绝缘子,放电痕迹,6.0,426.63,45.3,61.2,41.0,0
69,STATION_A_03,LINE_EPSILON_2,断路器,破损,13.0,298.63,21.1,67.0,32.0,0
70,STATION_C_05,LINE_ALPHA_2,断路器,破损,7.0,430.15,36.4,74.3,53.0,0
71,STATION_E_05,LINE_EPSILON_3,变压器,放电痕迹,5.0,,30.3,75.9,45.0,0
72,STATION_B_01,LINE_DELTA_1,互感器,破损,3.0,,32.0,68.4,56.0,0
73,STATION_C_05,LINE_DELTA_1,绝缘子,破损,18.0,750.98,,72.0,54.0,0
74,STATION_A_05,LINE_ALPHA_2,避雷器,发热,1.0,341.43,33.6,65.8,28.0,0
75,STATION_E_01,LINE_DELTA_1,互感器,渗漏油,20.0,483.34,49.7,56.9,28.0,1
76,STATION_C_06,LINE_DELTA_2,断路器,锈蚀,13.0,580.27,24.9,61.9,36.0,0
77,STATION_B_06,LINE_GAMMA_3,绝缘子,渗漏油,11.0,434.7,25.6,65.2,32.0,0
78,STATION_B_03,LINE_ALPHA_2,互感器,渗漏油,24.0,770.68,24.6,64.6,54.0,0
79,STATION_D_03,LINE_GAMMA_2,变压器,放电痕迹,17.0,363.29,48.8,42.4,49.0,0
80,STATION_E_01,LINE_EPSILON_3,断路器,发热,23.0,468.61,31.3,60.2,58.0,1
81,STATION_F_04,LINE_DELTA_2,变压器,锈蚀,22.0,300.18,34.8,65.7,50.0,0
82,STATION_C_04,LINE_ALPHA_3,变压器,破损,1.0,367.27,31.8,61.6,48.0,0
83,STATION_A_06,LINE_EPSILON_3,变压器,破损,7.0,457.34,27.4,62.0,59.0,1
84,STATION_E_06,LINE_EPSILON_3,互感器,发热,18.0,546.95,33.1,70.9,51.0,0
85,STATION_D_05,LINE_ALPHA_3,避雷器,放电痕迹,30.0,467.86,54.7,52.1,46.0,1
86,STATION_E_02,LINE_EPSILON_1,断路器,放电痕迹,5.0,608.87,46.1,45.5,63.0,1
87,STATION_A_04,LINE_GAMMA_1,断路器,破损,4.0,405.76,28.2,60.8,46.0,0
88,STATION_B_06,LINE_GAMMA_3,绝缘子,锈蚀,29.0,370.17,40.2,74.2,41.0,0
89,STATION_E_04,LINE_GAMMA_1,避雷器,破损,30.0,825.6,28.3,85.3,35.0,1
90,STATION_E_06,LINE_DELTA_3,互感器,发热,6.0,479.14,20.8,74.4,53.0,0
91,STATION_C_04,LINE_EPSILON_3,断路器,破损,13.0,312.08,43.2,47.4,60.0,0
92,STATION_E_05,LINE_DELTA_3,绝缘子,发热,19.0,315.86,44.3,62.2,44.0,0
93,STATION_F_01,LINE_EPSILON_2,变压器,发热,6.0,278.6,43.4,68.1,61.0,0
94,STATION_C_02,LINE_EPSILON_3,断路器,锈蚀,10.0,560.49,31.2,67.1,21.0,0
95,STATION_F_03,LINE_ALPHA_2,绝缘子,锈蚀,12.0,365.34,33.7,71.5,44.0,0
96,STATION_B_05,LINE_BETA_1,互感器,锈蚀,20.0,439.1,41.0,54.0,45.0,0
97,STATION_B_03,LINE_DELTA_2,避雷器,渗漏油,10.0,410.47,38.1,65.8,36.0,0
98,STATION_E_01,LINE_GAMMA_3,互感器,渗漏油,13.0,529.72,31.9,70.0,74.0,0
99,STATION_D_05,LINE_ALPHA_1,避雷器,发热,9.0,292.99,22.0,74.9,44.0,0
100,STATION_A_06,LINE_ALPHA_2,断路器,破损,23.0,258.66,35.9,55.3,40.0,0
101,STATION_E_06,LINE_GAMMA_2,变压器,锈蚀,5.0,453.64,43.6,60.9,45.0,1
102,STATION_B_02,LINE_DELTA_1,断路器,发热,7.0,,25.4,32.6,21.0,0
103,STATION_E_05,LINE_ALPHA_3,变压器,异物,8.0,469.88,40.1,57.5,36.0,0
104,STATION_A_01,LINE_ALPHA_3,绝缘子,锈蚀,28.0,298.58,37.7,58.7,57.0,0
105,STATION_E_05,LINE_ALPHA_2,断路器,异物,29.0,521.62,41.0,52.8,37.0,1
106,STATION_E_05,LINE_GAMMA_3,互感器,放电痕迹,16.0,308.42,42.0,67.0,35.0,0
107,STATION_E_05,LINE_ALPHA_1,避雷器,发热,5.0,341.77,29.4,64.3,61.0,0
108,STATION_D_06,LINE_GAMMA_3,避雷器,发热,23.0,278.41,22.1,37.9,61.0,0
109,STATION_C_05,LINE_GAMMA_2,断路器,渗漏油,15.0,615.17,30.7,67.6,51.0,0
110,STATION_E_02,LINE_GAMMA_1,互感器,放电痕迹,26.0,515.01,42.1,53.9,40.0,0
111,STATION_B_04,LINE_DELTA_2,绝缘子,破损,11.0,510.75,30.7,70.8,42.0,0
112,STATION_E_05,LINE_GAMMA_2,避雷器,放电痕迹,30.0,607.08,29.4,49.6,35.0,1
113,STATION_D_03,LINE_DELTA_2,绝缘子,发热,25.0,,20.4,65.4,33.0,1
114,STATION_C_05,LINE_DELTA_3,绝缘子,渗漏油,7.0,163.62,,61.6,32.0,1
115,STATION_D_01,LINE_EPSILON_2,避雷器,渗漏油,22.0,309.24,,68.6,38.0,0
116,STATION_D_03,LINE_DELTA_3,变压器,发热,9.0,327.57,41.2,66.5,33.0,0
117,STATION_A_02,LINE_GAMMA_2,互感器,发热,11.0,292.38,42.7,61.9,26.0,1
118,STATION_A_06,LINE_GAMMA_2,变压器,渗漏油,8.0,258.36,39.6,46.6,48.0,0
119,STATION_B_03,LINE_BETA_1,避雷器,异物,21.0,375.05,33.0,47.3,48.0,0
120,STATION_A_05,LINE_GAMMA_3,绝缘子,放电痕迹,8.0,237.51,33.7,58.0,65.0,1
121,STATION_C_04,LINE_ALPHA_3,互感器,破损,20.0,470.26,,64.9,37.0,0
122,STATION_E_01,LINE_EPSILON_2,断路器,破损,18.0,427.75,56.1,57.7,49.0,0
123,STATION_D_06,LINE_EPSILON_1,变压器,渗漏油,23.0,492.15,39.4,72.5,49.0,1
124,STATION_C_05,LINE_ALPHA_2,绝缘子,异物,30.0,496.16,31.3,61.6,42.0,0
125,STATION_F_01,LINE_DELTA_3,变压器,锈蚀,1.0,510.45,38.7,53.4,54.0,0
126,STATION_D_03,LINE_ALPHA_2,变压器,放电痕迹,30.0,363.99,26.9,61.7,54.0,0
127,STATION_A_03,LINE_DELTA_2,变压器,锈蚀,4.0,738.17,47.0,67.7,49.0,1
128,STATION_E_04,LINE_ALPHA_2,变压器,发热,16.0,455.16,29.7,68.9,42.0,0
129,STATION_D_03,LINE_GAMMA_2,互感器,锈蚀,11.0,140.63,39.0,87.5,41.0,0
130,STATION_D_05,LINE_DELTA_1,互感器,渗漏油,20.0,269.64,,57.0,29.0,0
131,STATION_D_03,LINE_DELTA_2,断路器,异物,22.0,158.92,38.1,64.1,35.0,0
132,STATION_D_02,LINE_GAMMA_1,变压器,破损,26.0,422.6,35.8,70.1,38.0,0
133,STATION_A_04,LINE_EPSILON_2,变压器,发热,13.0,401.73,35.1,64.7,32.0,1
134,STATION_D_03,LINE_DELTA_3,断路器,放电痕迹,28.0,349.74,34.5,59.0,50.0,0
135,STATION_E_05,LINE_BETA_1,变压器,放电痕迹,10.0,721.64,30.4,46.4,59.0,0
136,STATION_B_05,LINE_DELTA_2,避雷器,放电痕迹,7.0,502.35,31.4,58.9,34.0,0
137,STATION_D_04,LINE_DELTA_2,变压器,渗漏油,12.0,528.91,,52.1,48.0,0
138,STATION_A_02,LINE_BETA_3,断路器,发热,16.0,280.34,34.1,44.3,33.0,0
139,STATION_C_01,LINE_DELTA_3,断路器,放电痕迹,21.0,270.13,,55.5,41.0,0
140,STATION_C_04,LINE_EPSILON_2,断路器,锈蚀,25.0,425.52,,52.4,37.0,0
141,STATION_F_06,LINE_EPSILON_1,变压器,渗漏油,7.0,445.95,43.8,72.0,52.0,0
142,STATION_B_02,LINE_DELTA_3,变压器,异物,10.0,141.55,40.4,72.2,37.0,0
143,STATION_B_04,LINE_DELTA_1,绝缘子,破损,29.0,,39.5,54.2,57.0,0
144,STATION_C_03,LINE_BETA_2,变压器,发热,14.0,422.11,32.9,61.9,42.0,0
145,STATION_F_06,LINE_DELTA_3,互感器,放电痕迹,8.0,,39.6,42.7,37.0,0
146,STATION_F_01,LINE_BETA_3,互感器,发热,30.0,297.99,29.9,59.1,30.0,1
147,STATION_A_02,LINE_GAMMA_2,断路器,破损,14.0,339.07,32.9,69.8,48.0,0
148,STATION_B_03,LINE_BETA_2,断路器,锈蚀,30.0,393.47,42.8,74.9,56.0,1
149,STATION_E_06,LINE_BETA_2,避雷器,破损,28.0,433.62,42.0,56.4,48.0,0
150,STATION_A_03,LINE_ALPHA_3,绝缘子,渗漏油,28.0,510.72,27.1,77.6,72.0,0
151,STATION_F_01,LINE_EPSILON_3,断路器,异物,18.0,582.13,28.2,46.8,62.0,0
152,STATION_B_05,LINE_ALPHA_3,断路器,异物,24.0,375.85,35.9,50.0,41.0,0
153,STATION_F_04,LINE_ALPHA_2,变压器,锈蚀,29.0,351.58,48.8,73.5,41.0,1
154,STATION_B_05,LINE_EPSILON_3,互感器,锈蚀,9.0,485.65,19.7,85.1,51.0,0
155,STATION_C_04,LINE_GAMMA_3,避雷器,放电痕迹,2.0,511.63,37.2,70.9,35.0,0
156,STATION_D_06,LINE_GAMMA_1,变压器,渗漏油,10.0,354.87,24.0,64.5,59.0,0
157,STATION_A_05,LINE_DELTA_3,断路器,破损,20.0,538.56,29.9,38.7,49.0,0
158,STATION_D_03,LINE_BETA_3,绝缘子,破损,17.0,566.94,32.1,40.7,48.0,0
159,STATION_D_01,LINE_ALPHA_2,变压器,发热,3.0,613.75,31.6,66.6,53.0,0
160,STATION_E_05,LINE_DELTA_2,互感器,渗漏油,17.0,686.75,30.7,60.7,66.0,0
161,STATION_F_06,LINE_ALPHA_3,避雷器,发热,6.0,290.04,35.1,51.7,47.0,1
162,STATION_D_06,LINE_GAMMA_3,变压器,锈蚀,16.0,422.08,,65.8,44.0,0
163,STATION_C_03,LINE_EPSILON_3,变压器,发热,18.0,421.69,23.3,66.4,63.0,0
164,STATION_C_03,LINE_EPSILON_3,变压器,渗漏油,20.0,405.29,41.2,76.3,57.0,0
165,STATION_C_04,LINE_BETA_3,绝缘子,破损,13.0,322.61,,66.6,41.0,0
166,STATION_E_06,LINE_DELTA_3,变压器,破损,13.0,197.17,41.7,79.7,45.0,0
167,STATION_B_06,LINE_DELTA_1,变压器,锈蚀,21.0,433.9,22.7,65.1,47.0,0
168,STATION_B_01,LINE_GAMMA_2,变压器,渗漏油,23.0,,37.4,63.6,49.0,0
169,STATION_C_01,LINE_ALPHA_3,变压器,渗漏油,25.0,432.9,40.4,77.8,29.0,0
170,STATION_A_01,LINE_BETA_3,互感器,锈蚀,11.0,,26.8,53.3,26.0,0
171,STATION_A_04,LINE_DELTA_1,变压器,渗漏油,13.0,255.05,35.1,98.8,34.0,0
172,STATION_A_04,LINE_EPSILON_3,互感器,放电痕迹,10.0,455.14,34.1,69.5,33.0,0
173,STATION_E_04,LINE_ALPHA_1,互感器,破损,16.0,442.64,49.7,69.6,37.0,0
174,STATION_E_03,LINE_DELTA_2,绝缘子,异物,4.0,506.89,50.4,71.3,53.0,1
175,STATION_E_02,LINE_EPSILON_1,变压器,放电痕迹,13.0,,21.7,87.5,43.0,1
176,STATION_C_05,LINE_EPSILON_3,绝缘子,渗漏油,6.0,461.59,,74.5,47.0,0
177,STATION_E_02,LINE_GAMMA_1,互感器,发热,16.0,492.76,27.7,45.7,30.0,0
178,STATION_A_06,LINE_ALPHA_2,变压器,放电痕迹,26.0,258.37,42.8,81.8,39.0,0
179,STATION_F_03,LINE_BETA_2,避雷器,发热,30.0,226.96,42.8,60.9,52.0,1
180,STATION_D_01,LINE_EPSILON_1,绝缘子,破损,14.0,657.42,27.0,66.3,52.0,1
181,STATION_F_04,LINE_EPSILON_2,断路器,破损,2.0,281.48,38.9,49.6,36.0,0
182,STATION_A_06,LINE_DELTA_1,绝缘子,渗漏油,7.0,263.41,34.1,71.3,47.0,0
183,STATION_C_06,LINE_ALPHA_2,互感器,发热,4.0,414.14,39.4,57.2,71.0,1
184,STATION_E_02,LINE_ALPHA_2,互感器,放电痕迹,23.0,406.47,36.8,66.2,45.0,0
185,STATION_C_06,LINE_GAMMA_2,绝缘子,放电痕迹,30.0,284.62,,61.6,37.0,1
186,STATION_C_05,LINE_GAMMA_3,断路器,渗漏油,17.0,374.25,35.6,88.1,43.0,1
187,STATION_A_06,LINE_ALPHA_1,绝缘子,发热,6.0,604.41,33.7,88.8,46.0,1
188,STATION_C_02,LINE_DELTA_2,断路器,锈蚀,1.0,299.1,,65.6,43.0,0
189,STATION_B_03,LINE_GAMMA_3,避雷器,放电痕迹,30.0,210.95,39.6,65.8,45.0,0
190,STATION_B_05,LINE_ALPHA_1,互感器,渗漏油,10.0,561.39,40.9,60.5,28.0,0
191,STATION_E_01,LINE_ALPHA_2,变压器,放电痕迹,4.0,,29.7,78.3,33.0,1
192,STATION_D_05,LINE_GAMMA_1,断路器,异物,6.0,326.92,26.6,61.1,43.0,0
193,STATION_D_04,LINE_DELTA_2,断路器,渗漏油,8.0,182.67,,59.9,43.0,0
194,STATION_C_02,LINE_EPSILON_1,变压器,渗漏油,20.0,308.31,30.0,76.7,38.0,0
195,STATION_F_05,LINE_GAMMA_1,变压器,异物,27.0,411.79,41.3,58.5,43.0,0
196,STATION_A_04,LINE_BETA_2,断路器,渗漏油,9.0,594.85,42.8,64.5,46.0,0
197,STATION_C_01,LINE_EPSILON_3,变压器,发热,21.0,264.51,33.8,46.0,56.0,0
198,STATION_A_05,LINE_GAMMA_1,变压器,放电痕迹,2.0,407.32,46.4,73.5,44.0,1
199,STATION_C_01,LINE_BETA_2,避雷器,发热,1.0,521.27,45.9,88.3,50.0,0
200,STATION_F_05,LINE_GAMMA_1,避雷器,破损,2.0,62.81,36.9,73.7,39.0,0
201,STATION_C_02,LINE_ALPHA_1,避雷器,破损,28.0,575.07,,82.5,52.0,0
202,STATION_F_03,LINE_BETA_2,断路器,渗漏油,18.0,242.63,47.6,54.8,50.0,0
203,STATION_C_06,LINE_GAMMA_2,绝缘子,放电痕迹,25.0,469.8,34.5,67.8,55.0,0
204,STATION_E_02,LINE_EPSILON_2,互感器,锈蚀,1.0,457.0,36.0,53.7,54.0,0
205,STATION_C_05,LINE_DELTA_3,变压器,渗漏油,1.0,582.69,32.3,62.3,52.0,0
206,STATION_B_04,LINE_DELTA_3,变压器,锈蚀,26.0,502.64,27.9,74.3,44.0,0
207,STATION_E_04,LINE_GAMMA_3,避雷器,放电痕迹,4.0,63.41,23.3,66.2,48.0,0
208,STATION_F_05,LINE_ALPHA_2,变压器,渗漏油,5.0,302.28,40.1,48.0,58.0,0
209,STATION_B_04,LINE_BETA_3,互感器,放电痕迹,16.0,,28.7,49.2,37.0,0
210,STATION_E_05,LINE_EPSILON_3,绝缘子,发热,19.0,390.75,59.5,48.4,37.0,1
211,STATION_B_04,LINE_ALPHA_1,变压器,异物,7.0,491.64,26.3,70.9,47.0,0
212,STATION_E_02,LINE_EPSILON_2,变压器,放电痕迹,14.0,538.4,24.9,89.8,50.0,0
213,STATION_E_05,LINE_DELTA_2,绝缘子,异物,21.0,511.27,39.1,81.3,35.0,0
214,STATION_C_05,LINE_BETA_2,互感器,放电痕迹,14.0,387.86,47.2,42.2,44.0,1
215,STATION_E_03,LINE_DELTA_3,变压器,渗漏油,12.0,143.05,35.5,82.1,44.0,0
216,STATION_B_04,LINE_EPSILON_1,绝缘子,异物,3.0,351.68,39.6,76.2,18.0,1
217,STATION_A_03,LINE_ALPHA_1,绝缘子,发热,14.0,482.46,20.3,46.5,42.0,1
218,STATION_A_04,LINE_ALPHA_2,互感器,发热,25.0,256.43,29.6,61.4,43.0,0
219,STATION_C_05,LINE_DELTA_1,互感器,放电痕迹,19.0,514.69,,78.1,43.0,1
220,STATION_F_03,LINE_EPSILON_3,断路器,放电痕迹,27.0,556.26,19.8,71.6,62.0,0
221,STATION_A_05,LINE_ALPHA_1,变压器,发热,4.0,439.03,35.9,49.3,30.0,0
222,STATION_C_05,LINE_DELTA_1,互感器,破损,1.0,40.0,17.1,72.3,35.0,0
223,STATION_E_02,LINE_ALPHA_3,断路器,破损,17.0,228.29,24.4,39.3,14.0,0
224,STATION_B_02,LINE_DELTA_1,避雷器,破损,6.0,702.93,30.7,62.3,39.0,0
225,STATION_E_02,LINE_DELTA_1,绝缘子,锈蚀,18.0,338.02,28.3,78.7,40.0,0
226,STATION_B_06,LINE_ALPHA_2,变压器,破损,28.0,122.38,38.2,65.2,39.0,0
227,STATION_E_06,LINE_DELTA_2,互感器,渗漏油,11.0,605.29,37.4,59.0,58.0,0
228,STATION_D_03,LINE_EPSILON_2,变压器,渗漏油,17.0,422.0,42.2,75.7,55.0,0
229,STATION_D_02,LINE_EPSILON_1,绝缘子,异物,21.0,585.74,41.0,76.7,46.0,0
230,STATION_B_01,LINE_ALPHA_1,断路器,破损,5.0,461.54,44.1,80.7,41.0,1
231,STATION_C_05,LINE_BETA_1,互感器,放电痕迹,27.0,,,75.5,57.0,0
232,STATION_F_01,LINE_BETA_1,互感器,发热,7.0,474.45,37.4,78.0,45.0,0
233,STATION_A_01,LINE_GAMMA_1,断路器,渗漏油,25.0,524.62,39.1,73.8,35.0,1
234,STATION_E_04,LINE_ALPHA_3,避雷器,渗漏油,20.0,,36.1,68.2,24.0,1
235,STATION_C_06,LINE_EPSILON_1,避雷器,锈蚀,5.0,565.65,31.8,66.1,40.0,0
236,STATION_E_02,LINE_DELTA_3,互感器,放电痕迹,22.0,182.95,32.3,62.2,54.0,0
237,STATION_D_06,LINE_EPSILON_1,避雷器,锈蚀,6.0,487.0,28.5,50.5,72.0,0
238,STATION_C_04,LINE_ALPHA_3,绝缘子,破损,18.0,591.22,38.4,53.5,46.0,1
239,STATION_B_06,LINE_ALPHA_1,断路器,放电痕迹,29.0,600.41,34.2,61.6,36.0,1
240,STATION_D_05,LINE_EPSILON_2,互感器,放电痕迹,29.0,356.01,,67.9,31.0,0
241,STATION_A_06,LINE_BETA_2,变压器,锈蚀,27.0,594.74,29.7,82.3,52.0,0
242,STATION_D_04,LINE_DELTA_1,避雷器,渗漏油,15.0,559.16,25.3,64.5,24.0,0
243,STATION_A_04,LINE_EPSILON_2,互感器,渗漏油,17.0,805.88,42.8,77.0,52.0,1
244,STATION_D_06,LINE_ALPHA_1,断路器,渗漏油,10.0,307.5,,78.0,55.0,1
245,STATION_D_05,LINE_ALPHA_1,变压器,渗漏油,28.0,343.89,28.1,62.2,50.0,0
246,STATION_A_04,LINE_ALPHA_1,绝缘子,发热,15.0,374.08,41.5,72.1,42.0,0
247,STATION_E_04,LINE_ALPHA_3,断路器,放电痕迹,24.0,346.47,30.5,62.1,52.0,0
248,STATION_C_03,LINE_ALPHA_1,避雷器,发热,11.0,286.5,23.7,80.9,47.0,0
249,STATION_E_05,LINE_EPSILON_1,变压器,发热,23.0,40.0,43.2,72.6,36.0,0
250,STATION_A_02,LINE_DELTA_1,绝缘子,锈蚀,7.0,354.8,30.7,50.7,67.0,0
251,STATION_B_01,LINE_EPSILON_3,变压器,异物,23.0,475.4,31.7,66.9,41.0,0
252,STATION_C_06,LINE_EPSILON_1,变压器,发热,2.0,346.02,35.3,84.8,54.0,0
253,STATION_B_01,LINE_EPSILON_3,绝缘子,放电痕迹,4.0,710.31,44.1,62.8,16.0,1
254,STATION_B_06,LINE_BETA_1,绝缘子,放电痕迹,11.0,422.01,35.2,70.4,60.0,0
255,STATION_D_06,LINE_BETA_2,变压器,锈蚀,15.0,613.65,25.4,71.6,63.0,0
256,STATION_A_06,LINE_EPSILON_1,互感器,渗漏油,22.0,459.21,39.4,52.6,45.0,0
257,STATION_E_01,LINE_BETA_1,避雷器,锈蚀,11.0,543.96,31.1,71.1,52.0,1
258,STATION_A_04,LINE_ALPHA_1,绝缘子,破损,1.0,461.89,50.1,48.3,52.0,1
259,STATION_B_01,LINE_DELTA_2,断路器,放电痕迹,10.0,625.32,35.0,57.5,37.0,1
260,STATION_D_04,LINE_EPSILON_1,互感器,锈蚀,14.0,428.39,17.1,77.9,52.0,0
261,STATION_E_05,LINE_EPSILON_3,避雷器,异物,17.0,494.42,37.9,69.3,35.0,0
262,STATION_B_01,LINE_EPSILON_2,避雷器,发热,20.0,474.95,50.6,61.3,38.0,1
263,STATION_B_05,LINE_ALPHA_2,避雷器,渗漏油,8.0,376.76,47.6,70.4,59.0,0
264,STATION_F_04,LINE_DELTA_3,互感器,锈蚀,19.0,480.75,49.6,64.3,57.0,0
265,STATION_F_06,LINE_EPSILON_1,变压器,发热,19.0,755.16,26.8,65.2,37.0,0
266,STATION_D_03,LINE_DELTA_2,绝缘子,发热,24.0,,,72.9,36.0,1
267,STATION_C_05,LINE_EPSILON_1,绝缘子,破损,16.0,482.92,29.2,56.3,37.0,0
268,STATION_C_01,LINE_EPSILON_1,避雷器,锈蚀,25.0,608.67,36.8,65.5,54.0,1
269,STATION_D_05,LINE_GAMMA_1,变压器,发热,7.0,591.04,24.8,61.3,33.0,0
270,STATION_D_04,LINE_ALPHA_1,变压器,渗漏油,22.0,421.76,29.8,46.0,49.0,0
271,STATION_B_05,LINE_GAMMA_1,避雷器,放电痕迹,2.0,,29.6,54.0,54.0,0
272,STATION_A_01,LINE_BETA_1,变压器,渗漏油,4.0,497.51,42.2,83.8,44.0,0
273,STATION_A_06,LINE_ALPHA_2,绝缘子,渗漏油,26.0,87.08,41.4,69.6,57.0,0
274,STATION_F_05,LINE_ALPHA_2,断路器,破损,15.0,640.49,37.2,49.1,41.0,0
275,STATION_C_04,LINE_DELTA_2,避雷器,破损,19.0,445.42,,46.5,42.0,0
276,STATION_C_06,LINE_GAMMA_2,绝缘子,破损,19.0,569.95,32.5,63.7,33.0,0
277,STATION_C_05,LINE_GAMMA_3,断路器,破损,21.0,284.68,29.0,83.7,57.0,0
278,STATION_E_05,LINE_DELTA_3,断路器,放电痕迹,8.0,187.12,42.0,62.8,36.0,1
279,STATION_A_03,LINE_GAMMA_3,互感器,破损,6.0,459.11,44.4,80.7,49.0,1
280,STATION_A_03,LINE_DELTA_1,互感器,破损,2.0,414.96,43.5,69.2,44.0,1
281,STATION_B_04,LINE_ALPHA_2,断路器,破损,26.0,,29.0,70.7,32.0,0
282,STATION_C_06,LINE_EPSILON_1,互感器,渗漏油,7.0,432.7,,49.0,38.0,0
283,STATION_E_01,LINE_GAMMA_1,绝缘子,发热,18.0,835.12,20.9,76.3,62.0,1
284,STATION_C_06,LINE_ALPHA_3,互感器,锈蚀,14.0,545.18,46.4,61.0,47.0,1
285,STATION_C_04,LINE_EPSILON_1,变压器,发热,5.0,,31.8,75.4,33.0,0
286,STATION_F_04,LINE_DELTA_3,断路器,渗漏油,13.0,546.59,29.0,55.2,49.0,0
287,STATION_A_06,LINE_ALPHA_1,断路器,放电痕迹,3.0,641.92,48.1,67.1,43.0,1
288,STATION_D_03,LINE_ALPHA_3,变压器,破损,6.0,391.49,45.1,69.2,86.0,1
289,STATION_D_02,LINE_ALPHA_1,变压器,放电痕迹,5.0,111.79,35.2,63.2,48.0,0
290,STATION_C_06,LINE_BETA_2,避雷器,破损,25.0,391.71,32.7,69.9,40.0,0
291,STATION_E_06,LINE_ALPHA_2,断路器,渗漏油,18.0,541.76,33.9,61.8,62.0,0
292,STATION_B_04,LINE_DELTA_2,绝缘子,异物,28.0,274.53,36.8,57.2,23.0,0
293,STATION_F_05,LINE_GAMMA_2,变压器,发热,14.0,393.55,47.8,84.3,46.0,0
294,STATION_B_06,LINE_EPSILON_3,变压器,异物,7.0,316.23,38.4,77.6,69.0,0
295,STATION_D_02,LINE_DELTA_3,避雷器,破损,19.0,645.3,40.8,55.9,44.0,1
296,STATION_D_01,LINE_DELTA_1,绝缘子,发热,28.0,532.42,44.4,71.8,24.0,1
297,STATION_F_01,LINE_GAMMA_2,断路器,放电痕迹,16.0,517.73,25.6,56.1,40.0,0
298,STATION_C_04,LINE_ALPHA_1,变压器,发热,1.0,513.24,41.0,50.8,62.0,1
299,STATION_B_05,LINE_ALPHA_2,变压器,锈蚀,10.0,,32.6,77.4,50.0,0
300,STATION_A_01,LINE_DELTA_1,互感器,发热,28.0,449.63,14.9,44.6,35.0,1
301,STATION_C_02,LINE_ALPHA_1,互感器,发热,16.0,242.22,18.0,76.1,37.0,0
302,STATION_E_06,LINE_ALPHA_1,断路器,放电痕迹,29.0,92.03,26.9,62.0,38.0,0
303,STATION_A_01,LINE_BETA_1,变压器,锈蚀,16.0,442.51,39.2,62.5,49.0,0
304,STATION_F_03,LINE_EPSILON_2,互感器,破损,1.0,468.6,35.9,69.9,61.0,0
305,STATION_D_02,LINE_GAMMA_1,绝缘子,异物,27.0,601.39,,72.0,58.0,0
306,STATION_A_06,LINE_DELTA_2,避雷器,破损,23.0,655.7,50.6,55.1,50.0,0
307,STATION_B_05,LINE_GAMMA_1,互感器,异物,22.0,655.5,24.8,73.6,29.0,1
308,STATION_D_02,LINE_ALPHA_3,变压器,破损,30.0,270.3,34.8,66.4,29.0,0
309,STATION_B_06,LINE_BETA_3,断路器,锈蚀,6.0,367.16,37.4,49.9,51.0,0
310,STATION_A_04,LINE_ALPHA_2,断路器,异物,28.0,492.05,29.1,63.0,29.0,0
311,STATION_D_06,LINE_DELTA_3,避雷器,渗漏油,7.0,799.79,35.2,81.6,42.0,0
312,STATION_E_01,LINE_ALPHA_3,绝缘子,渗漏油,30.0,642.01,22.2,85.1,49.0,0
313,STATION_A_05,LINE_BETA_3,绝缘子,发热,6.0,587.91,46.3,73.6,31.0,1
314,STATION_B_05,LINE_EPSILON_3,绝缘子,异物,17.0,,29.5,50.7,33.0,0
315,STATION_B_03,LINE_GAMMA_3,绝缘子,放电痕迹,24.0,287.52,51.3,70.9,44.0,0
316,STATION_D_06,LINE_GAMMA_1,绝缘子,锈蚀,3.0,538.34,34.7,75.2,51.0,0
317,STATION_E_03,LINE_GAMMA_3,变压器,渗漏油,3.0,254.9,43.2,73.7,58.0,0
318,STATION_E_03,LINE_DELTA_3,变压器,放电痕迹,26.0,384.23,34.6,74.4,52.0,1
319,STATION_F_04,LINE_BETA_1,断路器,渗漏油,2.0,402.78,34.8,69.4,46.0,0
320,STATION_E_04,LINE_DELTA_1,互感器,渗漏油,19.0,658.94,30.3,64.1,36.0,0
321,STATION_B_06,LINE_EPSILON_2,变压器,锈蚀,29.0,366.8,36.0,57.7,32.0,0
322,STATION_A_04,LINE_GAMMA_3,绝缘子,破损,19.0,54.11,37.5,42.2,39.0,0
323,STATION_D_05,LINE_GAMMA_1,互感器,放电痕迹,15.0,495.67,28.7,69.1,50.0,0
324,STATION_F_03,LINE_ALPHA_3,互感器,异物,13.0,315.15,34.0,67.2,49.0,0
325,STATION_F_06,LINE_BETA_1,变压器,发热,20.0,426.39,30.1,71.7,20.0,0
326,STATION_B_03,LINE_EPSILON_3,断路器,渗漏油,18.0,406.99,53.4,48.9,36.0,0
327,STATION_B_03,LINE_GAMMA_3,变压器,锈蚀,16.0,378.94,34.3,72.7,59.0,0
328,STATION_A_02,LINE_BETA_2,绝缘子,破损,5.0,538.55,47.4,89.7,46.0,1
329,STATION_A_06,LINE_GAMMA_1,互感器,渗漏油,20.0,190.07,33.4,65.9,28.0,0
330,STATION_D_02,LINE_GAMMA_3,避雷器,锈蚀,23.0,,37.1,64.3,73.0,0
331,STATION_D_02,LINE_GAMMA_3,断路器,锈蚀,22.0,522.61,24.4,68.7,45.0,0
332,STATION_C_02,LINE_DELTA_2,断路器,渗漏油,3.0,327.89,31.4,89.4,50.0,0
333,STATION_B_06,LINE_BETA_1,断路器,发热,22.0,178.68,36.7,52.7,50.0,0
334,STATION_E_06,LINE_DELTA_1,避雷器,发热,22.0,520.28,47.7,67.4,41.0,1
335,STATION_C_05,LINE_GAMMA_1,避雷器,渗漏油,6.0,588.46,36.8,55.4,36.0,0
336,STATION_E_06,LINE_EPSILON_3,变压器,破损,26.0,413.25,46.1,58.4,70.0,0
337,STATION_F_05,LINE_ALPHA_3,绝缘子,异物,16.0,125.87,40.1,64.4,57.0,0
338,STATION_B_06,LINE_ALPHA_3,变压器,异物,15.0,525.9,48.0,81.2,55.0,1
339,STATION_B_02,LINE_GAMMA_1,绝缘子,异物,22.0,171.02,34.5,86.6,52.0,0
340,STATION_F_05,LINE_GAMMA_2,变压器,破损,16.0,466.32,54.1,70.4,33.0,0
341,STATION_D_05,LINE_DELTA_2,断路器,异物,17.0,286.88,,60.5,60.0,0
342,STATION_B_05,LINE_GAMMA_1,绝缘子,锈蚀,10.0,246.02,28.9,94.9,35.0,0
343,STATION_D_05,LINE_EPSILON_2,变压器,锈蚀,28.0,353.71,25.3,59.9,48.0,0
344,STATION_D_01,LINE_GAMMA_2,断路器,渗漏油,30.0,392.51,53.6,58.1,25.0,1
345,STATION_F_03,LINE_ALPHA_2,断路器,破损,4.0,,41.6,43.7,21.0,0
346,STATION_B_04,LINE_ALPHA_2,变压器,破损,22.0,508.31,32.3,81.8,49.0,0
347,STATION_F_06,LINE_EPSILON_3,避雷器,锈蚀,1.0,353.09,45.0,76.6,35.0,0
348,STATION_F_04,LINE_ALPHA_3,绝缘子,异物,12.0,567.03,40.5,94.0,21.0,0
349,STATION_B_01,LINE_EPSILON_3,绝缘子,锈蚀,30.0,462.18,50.7,48.3,51.0,1
350,STATION_A_06,LINE_BETA_2,断路器,锈蚀,6.0,315.37,22.6,82.5,70.0,0
351,STATION_D_02,LINE_ALPHA_2,互感器,渗漏油,12.0,290.11,32.9,65.8,62.0,0
352,STATION_A_02,LINE_BETA_2,变压器,破损,7.0,172.88,31.3,74.7,42.0,0
353,STATION_B_05,LINE_DELTA_1,变压器,锈蚀,22.0,,19.2,45.2,45.0,0
354,STATION_C_04,LINE_GAMMA_1,变压器,锈蚀,14.0,366.81,43.5,82.6,56.0,0
355,STATION_F_05,LINE_DELTA_3,绝缘子,锈蚀,18.0,64.17,32.8,74.4,58.0,0
356,STATION_F_06,LINE_DELTA_1,绝缘子,异物,29.0,,40.9,64.5,41.0,0
357,STATION_A_06,LINE_GAMMA_1,避雷器,放电痕迹,16.0,284.84,53.9,72.7,45.0,0
358,STATION_F_03,LINE_DELTA_1,互感器,破损,23.0,656.35,32.2,55.8,49.0,0
359,STATION_A_04,LINE_EPSILON_3,互感器,发热,3.0,164.58,31.6,58.0,52.0,0
360,STATION_E_03,LINE_GAMMA_1,互感器,放电痕迹,7.0,203.8,35.9,59.4,43.0,0
361,STATION_F_01,LINE_ALPHA_3,互感器,放电痕迹,29.0,586.5,42.9,42.8,44.0,1
362,STATION_F_03,LINE_GAMMA_1,断路器,发热,26.0,,30.5,75.3,62.0,1
363,STATION_B_03,LINE_EPSILON_1,变压器,放电痕迹,20.0,308.25,30.0,79.3,60.0,0
364,STATION_F_03,LINE_BETA_1,变压器,放电痕迹,12.0,325.19,43.5,56.6,51.0,1
365,STATION_A_05,LINE_EPSILON_3,绝缘子,异物,6.0,512.44,38.0,69.2,66.0,0
366,STATION_D_01,LINE_GAMMA_3,互感器,破损,26.0,,18.6,61.8,40.0,0
367,STATION_C_05,LINE_DELTA_1,绝缘子,渗漏油,24.0,140.82,25.2,68.9,64.0,0
368,STATION_B_06,LINE_BETA_2,变压器,渗漏油,8.0,377.89,47.0,57.5,52.0,0
369,STATION_A_01,LINE_EPSILON_2,互感器,破损,18.0,,38.2,54.4,84.0,0
370,STATION_E_04,LINE_ALPHA_1,变压器,破损,19.0,354.64,28.9,77.6,31.0,0
371,STATION_C_01,LINE_BETA_2,断路器,破损,15.0,435.14,33.6,64.2,37.0,0
372,STATION_D_06,LINE_GAMMA_1,变压器,发热,28.0,590.07,35.1,89.3,50.0,0
373,STATION_C_03,LINE_GAMMA_2,变压器,发热,4.0,736.03,40.9,65.6,50.0,1
374,STATION_C_02,LINE_GAMMA_2,绝缘子,异物,8.0,333.47,24.1,53.9,68.0,0
375,STATION_F_02,LINE_ALPHA_3,断路器,渗漏油,3.0,417.47,28.3,79.7,37.0,0
376,STATION_A_04,LINE_BETA_1,互感器,锈蚀,21.0,693.31,37.2,72.6,56.0,0
377,STATION_E_03,LINE_ALPHA_2,互感器,异物,20.0,191.67,34.2,73.7,59.0,0
378,STATION_E_03,LINE_GAMMA_3,断路器,异物,30.0,574.14,39.6,79.3,53.0,0
379,STATION_C_02,LINE_BETA_3,互感器,放电痕迹,17.0,267.25,25.2,57.2,33.0,0
380,STATION_B_04,LINE_GAMMA_3,变压器,放电痕迹,5.0,435.37,37.9,63.5,62.0,0
381,STATION_A_01,LINE_GAMMA_3,绝缘子,放电痕迹,14.0,383.61,43.7,62.9,60.0,1
382,STATION_F_04,LINE_DELTA_2,绝缘子,锈蚀,3.0,276.3,38.9,49.5,52.0,0
383,STATION_F_05,LINE_GAMMA_3,避雷器,破损,21.0,272.53,36.1,61.8,47.0,1
384,STATION_B_03,LINE_DELTA_1,互感器,锈蚀,21.0,461.46,34.2,81.0,48.0,0
385,STATION_A_02,LINE_GAMMA_3,变压器,发热,26.0,569.33,28.3,67.8,44.0,0
386,STATION_A_05,LINE_DELTA_1,绝缘子,放电痕迹,11.0,400.54,34.4,48.8,53.0,0
387,STATION_A_03,LINE_DELTA_1,断路器,锈蚀,10.0,430.52,45.1,46.3,45.0,0
388,STATION_E_06,LINE_BETA_2,变压器,发热,3.0,505.68,34.0,85.0,35.0,0
389,STATION_F_03,LINE_BETA_1,断路器,锈蚀,13.0,274.26,27.9,63.9,32.0,0
390,STATION_A_06,LINE_DELTA_3,避雷器,渗漏油,15.0,530.95,31.1,57.2,36.0,0
391,STATION_E_03,LINE_BETA_3,互感器,渗漏油,23.0,542.9,36.6,61.7,48.0,0
392,STATION_B_01,LINE_GAMMA_3,避雷器,渗漏油,23.0,810.54,32.0,47.3,45.0,1
393,STATION_C_02,LINE_ALPHA_3,避雷器,放电痕迹,5.0,,38.9,82.1,48.0,0
394,STATION_D_04,LINE_GAMMA_1,变压器,破损,9.0,351.29,39.2,60.3,51.0,0
395,STATION_E_02,LINE_GAMMA_2,绝缘子,异物,16.0,535.34,42.1,81.4,37.0,0
396,STATION_F_02,LINE_DELTA_1,断路器,发热,11.0,542.87,46.4,65.6,63.0,1
397,STATION_A_02,LINE_GAMMA_2,避雷器,渗漏油,1.0,339.74,43.0,82.2,42.0,0
398,STATION_B_02,LINE_BETA_3,变压器,渗漏油,26.0,359.53,27.5,68.1,40.0,0
399,STATION_B_05,LINE_EPSILON_3,绝缘子,异物,22.0,501.17,27.8,75.2,51.0,0
400,STATION_B_06,LINE_GAMMA_2,断路器,锈蚀,16.0,295.86,34.4,73.6,23.0,0
401,STATION_F_06,LINE_EPSILON_1,变压器,放电痕迹,10.0,358.42,31.4,72.5,36.0,0
402,STATION_E_04,LINE_DELTA_3,互感器,渗漏油,26.0,433.44,25.9,69.2,57.0,0
403,STATION_B_06,LINE_GAMMA_3,变压器,发热,2.0,569.39,31.5,62.2,24.0,1
404,STATION_F_05,LINE_EPSILON_2,变压器,异物,14.0,329.31,31.2,88.0,58.0,0
405,STATION_C_06,LINE_ALPHA_2,避雷器,锈蚀,25.0,143.64,,54.1,63.0,0
406,STATION_D_01,LINE_EPSILON_2,断路器,锈蚀,29.0,132.51,32.5,65.1,41.0,0
407,STATION_C_04,LINE_EPSILON_1,绝缘子,放电痕迹,8.0,231.09,,65.2,49.0,1
408,STATION_A_06,LINE_GAMMA_2,断路器,锈蚀,20.0,223.02,36.6,69.8,58.0,0
409,STATION_F_04,LINE_DELTA_3,避雷器,破损,6.0,396.81,54.8,59.8,39.0,1
410,STATION_A_01,LINE_GAMMA_2,互感器,破损,4.0,,36.4,68.8,55.0,1
411,STATION_B_01,LINE_BETA_2,避雷器,锈蚀,11.0,314.59,32.7,63.0,37.0,0
412,STATION_B_03,LINE_DELTA_3,互感器,异物,27.0,303.89,35.0,46.0,39.0,0
413,STATION_B_05,LINE_BETA_1,互感器,异物,21.0,,37.1,65.1,35.0,1
414,STATION_A_05,LINE_BETA_2,绝缘子,锈蚀,15.0,618.38,38.5,51.8,49.0,0
415,STATION_A_01,LINE_GAMMA_2,断路器,异物,9.0,519.29,51.6,44.2,59.0,0
416,STATION_E_01,LINE_EPSILON_1,变压器,锈蚀,5.0,,28.2,66.6,43.0,0
417,STATION_F_05,LINE_BETA_3,避雷器,渗漏油,9.0,350.85,41.9,70.9,30.0,0
418,STATION_A_05,LINE_GAMMA_2,绝缘子,发热,5.0,355.02,36.7,71.3,32.0,0
419,STATION_B_05,LINE_ALPHA_1,变压器,放电痕迹,6.0,469.16,22.4,71.8,50.0,0
420,STATION_D_01,LINE_ALPHA_2,断路器,渗漏油,21.0,507.63,41.2,41.8,67.0,0
421,STATION_F_04,LINE_ALPHA_1,绝缘子,锈蚀,4.0,283.86,45.1,48.7,50.0,0
422,STATION_E_01,LINE_ALPHA_2,避雷器,破损,2.0,425.47,28.1,88.7,40.0,0
423,STATION_E_04,LINE_EPSILON_2,绝缘子,异物,17.0,115.26,34.9,52.4,54.0,0
424,STATION_D_03,LINE_EPSILON_1,互感器,渗漏油,9.0,451.76,21.2,72.3,42.0,0
425,STATION_C_04,LINE_EPSILON_1,避雷器,破损,14.0,534.32,24.9,56.8,40.0,0
426,STATION_B_02,LINE_ALPHA_1,断路器,异物,5.0,,43.4,66.0,33.0,0
427,STATION_F_02,LINE_ALPHA_2,绝缘子,锈蚀,7.0,692.48,31.3,57.4,62.0,0
428,STATION_E_05,LINE_BETA_2,断路器,渗漏油,14.0,287.81,26.1,71.7,15.0,0
429,STATION_A_01,LINE_GAMMA_3,避雷器,渗漏油,21.0,452.62,36.8,66.6,55.0,0
430,STATION_E_02,LINE_BETA_3,断路器,破损,13.0,414.63,30.8,59.6,39.0,0
431,STATION_A_04,LINE_GAMMA_2,互感器,破损,17.0,404.96,31.2,52.4,40.0,0
432,STATION_E_03,LINE_ALPHA_3,避雷器,放电痕迹,16.0,402.85,40.9,68.2,65.0,1
433,STATION_E_06,LINE_DELTA_2,互感器,发热,9.0,436.07,25.7,50.4,36.0,0
434,STATION_A_05,LINE_BETA_2,绝缘子,发热,9.0,,27.8,70.1,37.0,0
435,STATION_C_04,LINE_ALPHA_1,断路器,放电痕迹,13.0,626.66,36.2,96.5,43.0,1
436,STATION_A_05,LINE_DELTA_3,避雷器,破损,1.0,419.66,42.8,81.2,50.0,0
437,STATION_D_03,LINE_EPSILON_2,断路器,破损,21.0,542.3,44.9,73.6,40.0,1
438,STATION_F_04,LINE_ALPHA_1,断路器,放电痕迹,19.0,314.73,29.7,64.0,26.0,0
439,STATION_A_03,LINE_GAMMA_1,断路器,锈蚀,10.0,534.89,42.5,41.7,35.0,0
440,STATION_C_03,LINE_EPSILON_1,变压器,发热,12.0,305.7,28.7,49.1,60.0,0
441,STATION_F_06,LINE_DELTA_2,变压器,异物,10.0,583.6,49.6,80.4,46.0,0
442,STATION_B_05,LINE_EPSILON_1,避雷器,渗漏油,20.0,751.6,25.9,55.5,50.0,0
443,STATION_A_05,LINE_GAMMA_1,避雷器,破损,23.0,401.69,45.6,56.6,42.0,0
444,STATION_C_06,LINE_BETA_3,避雷器,锈蚀,4.0,91.12,29.7,63.0,37.0,0
445,STATION_D_01,LINE_DELTA_2,变压器,渗漏油,13.0,337.79,,52.3,65.0,1
446,STATION_D_06,LINE_ALPHA_3,断路器,破损,1.0,604.78,,50.3,43.0,1
447,STATION_B_06,LINE_BETA_1,变压器,锈蚀,14.0,502.96,26.9,64.4,40.0,0
448,STATION_F_05,LINE_DELTA_1,避雷器,异物,8.0,457.34,30.8,54.3,58.0,0
449,STATION_D_01,LINE_DELTA_2,绝缘子,放电痕迹,11.0,571.3,41.2,56.1,36.0,0
450,STATION_B_05,LINE_ALPHA_2,变压器,异物,14.0,492.67,43.4,55.6,38.0,0
451,STATION_F_05,LINE_GAMMA_2,避雷器,锈蚀,10.0,602.66,34.4,71.3,45.0,0
452,STATION_F_04,LINE_BETA_3,变压器,锈蚀,12.0,557.91,35.4,62.2,45.0,0
453,STATION_C_06,LINE_GAMMA_2,断路器,锈蚀,23.0,648.26,41.1,62.9,48.0,0
454,STATION_A_01,LINE_EPSILON_3,变压器,渗漏油,25.0,473.82,36.1,72.2,70.0,0
455,STATION_D_04,LINE_ALPHA_2,断路器,放电痕迹,1.0,555.79,24.7,63.3,49.0,0
456,STATION_D_02,LINE_EPSILON_3,避雷器,破损,12.0,373.93,28.5,61.7,16.0,0
457,STATION_A_06,LINE_GAMMA_1,绝缘子,锈蚀,26.0,329.78,36.9,70.6,49.0,0
458,STATION_D_05,LINE_DELTA_3,变压器,异物,16.0,676.02,,73.0,45.0,1
459,STATION_F_01,LINE_GAMMA_1,互感器,破损,7.0,452.43,47.9,63.2,46.0,0
460,STATION_A_04,LINE_BETA_2,避雷器,渗漏油,18.0,540.73,41.2,66.0,48.0,0
461,STATION_E_03,LINE_DELTA_3,绝缘子,渗漏油,5.0,438.56,37.3,55.6,45.0,0
462,STATION_A_06,LINE_DELTA_2,互感器,发热,1.0,332.02,41.0,54.7,44.0,0
463,STATION_E_03,LINE_ALPHA_3,断路器,异物,19.0,421.65,29.7,74.2,52.0,0
464,STATION_C_04,LINE_DELTA_2,互感器,锈蚀,16.0,635.4,,70.3,38.0,0
465,STATION_A_01,LINE_DELTA_3,断路器,放电痕迹,23.0,503.29,28.4,70.5,34.0,0
466,STATION_F_05,LINE_BETA_3,绝缘子,放电痕迹,11.0,163.28,25.0,68.4,81.0,0
467,STATION_A_06,LINE_EPSILON_2,断路器,异物,26.0,387.71,37.7,65.6,36.0,0
468,STATION_D_04,LINE_DELTA_1,避雷器,锈蚀,13.0,687.34,36.5,73.4,46.0,0
469,STATION_B_01,LINE_BETA_3,变压器,渗漏油,23.0,387.93,40.5,76.2,27.0,0
470,STATION_F_04,LINE_ALPHA_1,断路器,放电痕迹,4.0,149.93,39.4,75.9,46.0,0
471,STATION_E_03,LINE_DELTA_2,绝缘子,锈蚀,3.0,703.96,36.9,63.8,34.0,1
472,STATION_E_05,LINE_BETA_1,互感器,发热,24.0,522.36,39.5,81.6,40.0,1
473,STATION_C_04,LINE_DELTA_3,断路器,异物,26.0,409.5,,67.7,58.0,0
474,STATION_C_05,LINE_GAMMA_2,绝缘子,渗漏油,29.0,364.29,38.3,72.6,51.0,1
475,STATION_D_05,LINE_GAMMA_2,绝缘子,异物,10.0,582.35,29.2,68.4,52.0,0
476,STATION_E_05,LINE_ALPHA_3,断路器,放电痕迹,1.0,338.7,38.0,68.0,24.0,0
477,STATION_F_01,LINE_DELTA_2,互感器,发热,30.0,592.24,40.3,56.2,67.0,1
478,STATION_A_01,LINE_ALPHA_3,互感器,破损,19.0,501.33,29.6,73.4,31.0,0
479,STATION_D_06,LINE_GAMMA_1,避雷器,放电痕迹,8.0,456.7,,99.1,63.0,1
480,STATION_A_04,LINE_EPSILON_1,断路器,破损,23.0,441.83,30.0,60.5,57.0,0
481,STATION_B_05,LINE_EPSILON_2,变压器,异物,28.0,393.75,30.8,65.9,52.0,0
482,STATION_E_06,LINE_EPSILON_3,绝缘子,异物,9.0,576.85,26.0,59.6,35.0,0
483,STATION_B_04,LINE_EPSILON_3,绝缘子,异物,24.0,290.2,45.1,59.1,47.0,0
484,STATION_E_05,LINE_GAMMA_3,绝缘子,锈蚀,24.0,,43.5,83.5,39.0,0
485,STATION_C_05,LINE_BETA_1,绝缘子,渗漏油,16.0,512.17,39.3,56.9,45.0,0
486,STATION_B_03,LINE_EPSILON_1,避雷器,锈蚀,19.0,,50.8,59.3,42.0,1
487,STATION_C_01,LINE_EPSILON_1,避雷器,破损,9.0,,33.5,46.0,21.0,0
488,STATION_D_02,LINE_EPSILON_3,避雷器,破损,28.0,481.16,59.3,55.9,58.0,1
489,STATION_E_04,LINE_DELTA_1,互感器,发热,30.0,371.92,33.2,44.5,44.0,0
490,STATION_D_04,LINE_ALPHA_3,互感器,破损,30.0,538.12,37.0,72.6,39.0,1
491,STATION_F_04,LINE_GAMMA_2,变压器,异物,23.0,413.17,31.8,98.6,38.0,0
492,STATION_F_02,LINE_GAMMA_1,避雷器,放电痕迹,2.0,346.93,38.0,60.6,49.0,1
493,STATION_E_04,LINE_EPSILON_1,断路器,锈蚀,11.0,373.22,41.7,45.0,34.0,0
494,STATION_D_04,LINE_BETA_3,断路器,异物,14.0,723.1,34.1,75.8,18.0,0
495,STATION_B_05,LINE_BETA_2,互感器,发热,29.0,159.75,49.2,56.3,50.0,1
496,STATION_C_03,LINE_ALPHA_2,断路器,破损,17.0,494.97,36.9,80.6,51.0,0
497,STATION_A_05,LINE_EPSILON_1,变压器,渗漏油,17.0,168.13,37.2,61.6,43.0,0
498,STATION_C_02,LINE_DELTA_3,绝缘子,异物,5.0,403.76,27.7,57.4,31.0,0
499,STATION_F_04,LINE_ALPHA_1,绝缘子,放电痕迹,24.0,354.96,38.3,62.9,46.0,0
500,STATION_C_04,LINE_GAMMA_1,变压器,发热,11.0,107.25,33.9,74.1,27.0,0
501,STATION_A_05,LINE_GAMMA_2,变压器,放电痕迹,3.0,478.36,30.1,62.3,33.0,1
502,STATION_D_06,LINE_GAMMA_2,断路器,放电痕迹,30.0,362.99,28.8,59.0,36.0,1
503,STATION_F_05,LINE_EPSILON_2,避雷器,锈蚀,6.0,105.12,56.4,62.6,55.0,0
504,STATION_F_02,LINE_ALPHA_3,绝缘子,发热,1.0,545.94,32.9,49.7,41.0,1
505,STATION_B_04,LINE_BETA_2,变压器,破损,3.0,635.25,23.3,69.8,40.0,0
506,STATION_C_05,LINE_ALPHA_3,避雷器,放电痕迹,14.0,,29.4,43.6,68.0,0
507,STATION_D_02,LINE_BETA_1,变压器,渗漏油,4.0,473.84,34.6,59.7,49.0,0
508,STATION_B_03,LINE_EPSILON_2,断路器,破损,26.0,426.91,39.4,74.1,49.0,0
509,STATION_B_04,LINE_EPSILON_3,绝缘子,放电痕迹,16.0,619.22,39.4,68.6,41.0,1
510,STATION_B_03,LINE_ALPHA_1,变压器,锈蚀,10.0,672.36,40.4,72.1,38.0,1
511,STATION_F_06,LINE_DELTA_1,变压器,异物,1.0,590.04,29.8,64.2,19.0,0
512,STATION_E_03,LINE_BETA_1,断路器,破损,15.0,278.77,37.7,79.0,57.0,0
513,STATION_F_01,LINE_ALPHA_3,互感器,放电痕迹,5.0,450.2,28.0,76.1,50.0,0
514,STATION_E_06,LINE_BETA_2,绝缘子,放电痕迹,30.0,485.93,30.0,70.4,43.0,0
515,STATION_F_05,LINE_ALPHA_3,绝缘子,锈蚀,9.0,148.56,27.7,76.1,43.0,0
516,STATION_A_04,LINE_GAMMA_2,变压器,异物,15.0,490.4,25.5,74.0,54.0,0
517,STATION_F_02,LINE_EPSILON_3,变压器,锈蚀,1.0,760.95,43.5,59.7,26.0,1
518,STATION_A_03,LINE_GAMMA_3,避雷器,发热,4.0,515.99,40.5,48.9,38.0,1
519,STATION_C_06,LINE_DELTA_2,断路器,发热,7.0,641.01,42.8,70.0,31.0,1
520,STATION_D_04,LINE_GAMMA_2,绝缘子,异物,2.0,447.44,35.3,71.6,66.0,0
521,STATION_C_01,LINE_ALPHA_1,避雷器,渗漏油,22.0,409.02,41.2,78.1,56.0,0
522,STATION_A_06,LINE_ALPHA_2,变压器,锈蚀,29.0,,20.9,53.8,19.0,0
523,STATION_B_01,LINE_BETA_2,绝缘子,发热,30.0,297.63,41.9,54.1,27.0,0
524,STATION_E_06,LINE_BETA_1,变压器,发热,8.0,275.43,36.4,70.5,43.0,0
525,STATION_B_06,LINE_EPSILON_1,断路器,破损,24.0,,40.0,64.1,39.0,1
526,STATION_B_06,LINE_EPSILON_1,互感器,渗漏油,16.0,625.85,38.0,42.4,29.0,0
527,STATION_F_04,LINE_EPSILON_1,互感器,锈蚀,2.0,271.33,27.1,69.5,68.0,0
528,STATION_A_06,LINE_DELTA_1,避雷器,放电痕迹,3.0,565.2,23.0,42.8,49.0,0
529,STATION_F_03,LINE_GAMMA_3,避雷器,渗漏油,17.0,406.96,29.3,53.7,51.0,0
530,STATION_F_04,LINE_DELTA_1,绝缘子,破损,13.0,470.97,39.5,81.2,37.0,0
531,STATION_D_04,LINE_GAMMA_1,绝缘子,放电痕迹,1.0,489.03,40.5,86.9,54.0,1
532,STATION_A_06,LINE_DELTA_2,互感器,渗漏油,28.0,569.15,24.1,50.4,40.0,0
533,STATION_A_06,LINE_DELTA_3,变压器,异物,22.0,432.41,27.2,61.0,42.0,0
534,STATION_B_05,LINE_DELTA_3,避雷器,锈蚀,16.0,631.52,29.2,65.5,52.0,0
535,STATION_D_03,LINE_DELTA_1,绝缘子,放电痕迹,30.0,466.41,,86.4,25.0,0
536,STATION_A_06,LINE_ALPHA_1,断路器,异物,30.0,513.63,24.1,59.1,64.0,0
537,STATION_C_05,LINE_DELTA_2,互感器,放电痕迹,30.0,295.01,23.6,59.3,47.0,0
538,STATION_A_05,LINE_BETA_3,断路器,锈蚀,8.0,743.8,28.4,83.6,60.0,0
539,STATION_D_02,LINE_DELTA_3,变压器,发热,27.0,490.47,35.7,60.5,32.0,0
540,STATION_A_01,LINE_GAMMA_3,避雷器,异物,16.0,526.95,25.6,73.7,34.0,0
541,STATION_E_02,LINE_EPSILON_2,断路器,锈蚀,22.0,178.77,34.1,47.3,31.0,0
542,STATION_A_02,LINE_BETA_3,避雷器,锈蚀,26.0,296.59,43.5,62.9,48.0,0
543,STATION_B_02,LINE_EPSILON_2,绝缘子,渗漏油,5.0,,24.6,45.1,46.0,0
544,STATION_B_01,LINE_EPSILON_1,绝缘子,放电痕迹,14.0,463.03,33.3,52.3,39.0,1
545,STATION_E_06,LINE_BETA_2,断路器,发热,4.0,132.93,43.2,75.1,33.0,0
546,STATION_A_02,LINE_GAMMA_2,断路器,发热,9.0,575.74,31.7,64.4,30.0,0
547,STATION_C_04,LINE_GAMMA_2,避雷器,异物,13.0,338.43,30.4,61.2,44.0,0
548,STATION_D_04,LINE_DELTA_3,绝缘子,发热,26.0,631.7,,56.0,39.0,1
549,STATION_D_01,LINE_DELTA_2,互感器,破损,26.0,,32.6,62.4,37.0,0
550,STATION_E_01,LINE_EPSILON_1,绝缘子,破损,12.0,450.71,43.8,68.6,64.0,0
551,STATION_E_05,LINE_BETA_3,变压器,发热,10.0,596.84,38.4,76.8,44.0,0
552,STATION_C_03,LINE_GAMMA_2,绝缘子,锈蚀,16.0,,32.3,33.5,60.0,0
553,STATION_E_06,LINE_GAMMA_1,变压器,放电痕迹,28.0,271.07,38.8,55.0,39.0,0
554,STATION_B_06,LINE_EPSILON_2,变压器,异物,30.0,390.53,37.6,66.9,48.0,0
555,STATION_F_06,LINE_BETA_2,互感器,锈蚀,7.0,544.08,43.2,63.8,44.0,0
556,STATION_D_01,LINE_GAMMA_3,变压器,发热,6.0,220.37,,69.8,25.0,0
557,STATION_E_03,LINE_ALPHA_2,变压器,渗漏油,22.0,169.79,35.3,68.2,62.0,0
558,STATION_F_02,LINE_EPSILON_1,变压器,放电痕迹,10.0,543.56,34.5,61.3,43.0,0
559,STATION_E_05,LINE_BETA_3,断路器,放电痕迹,6.0,329.55,40.6,58.7,54.0,0
560,STATION_F_01,LINE_BETA_3,避雷器,放电痕迹,1.0,361.17,26.8,62.1,36.0,1
561,STATION_D_02,LINE_GAMMA_3,变压器,锈蚀,13.0,141.48,43.1,78.8,43.0,0
562,STATION_A_02,LINE_GAMMA_2,避雷器,渗漏油,12.0,318.15,38.7,56.2,35.0,0
563,STATION_C_06,LINE_EPSILON_1,绝缘子,锈蚀,17.0,418.86,24.5,64.2,60.0,0
564,STATION_B_01,LINE_GAMMA_2,变压器,渗漏油,7.0,559.56,44.7,67.2,49.0,0
565,STATION_F_03,LINE_GAMMA_2,变压器,渗漏油,22.0,304.32,52.9,83.7,49.0,0
566,STATION_B_03,LINE_ALPHA_2,绝缘子,渗漏油,21.0,668.61,43.0,61.4,61.0,0
567,STATION_B_03,LINE_ALPHA_1,绝缘子,放电痕迹,14.0,317.32,46.4,76.5,59.0,1
568,STATION_B_03,LINE_BETA_3,互感器,渗漏油,6.0,317.54,35.7,79.8,54.0,0
569,STATION_D_06,LINE_EPSILON_3,绝缘子,渗漏油,16.0,650.6,21.7,64.2,28.0,0
570,STATION_D_03,LINE_EPSILON_2,变压器,异物,21.0,451.72,20.2,62.5,37.0,0
571,STATION_F_05,LINE_DELTA_1,断路器,发热,12.0,337.2,37.0,61.1,33.0,0
572,STATION_C_03,LINE_DELTA_1,避雷器,异物,8.0,396.73,30.3,61.9,54.0,0
573,STATION_B_05,LINE_BETA_3,断路器,发热,16.0,622.96,27.7,75.3,47.0,1
574,STATION_A_02,LINE_ALPHA_3,避雷器,放电痕迹,11.0,639.93,34.5,67.8,28.0,1
575,STATION_A_01,LINE_ALPHA_1,互感器,发热,13.0,297.48,39.9,67.8,43.0,0
576,STATION_C_02,LINE_BETA_3,避雷器,破损,11.0,413.63,23.4,51.5,27.0,0
577,STATION_F_04,LINE_BETA_2,互感器,发热,10.0,,31.4,53.4,44.0,0
578,STATION_D_01,LINE_ALPHA_3,断路器,破损,22.0,272.06,47.1,90.7,25.0,1
579,STATION_F_03,LINE_BETA_1,变压器,锈蚀,14.0,411.65,26.4,62.9,51.0,1
580,STATION_A_04,LINE_ALPHA_1,变压器,破损,14.0,420.8,42.0,55.7,50.0,0
581,STATION_A_04,LINE_DELTA_1,避雷器,渗漏油,20.0,591.03,31.1,82.2,68.0,0
582,STATION_F_01,LINE_EPSILON_2,变压器,异物,11.0,601.11,39.4,68.4,55.0,0
583,STATION_A_04,LINE_DELTA_2,变压器,锈蚀,4.0,370.62,43.8,71.9,40.0,0
584,STATION_A_02,LINE_GAMMA_1,变压器,渗漏油,26.0,387.91,40.9,63.3,55.0,0
585,STATION_C_03,LINE_GAMMA_1,变压器,锈蚀,2.0,519.64,42.3,61.2,28.0,0
586,STATION_F_04,LINE_BETA_2,绝缘子,异物,18.0,332.22,25.8,63.0,33.0,0
587,STATION_E_01,LINE_ALPHA_3,断路器,锈蚀,8.0,508.3,43.9,48.4,49.0,0
588,STATION_A_04,LINE_GAMMA_3,绝缘子,发热,7.0,406.81,28.2,63.9,19.0,0
589,STATION_F_01,LINE_GAMMA_3,变压器,放电痕迹,2.0,274.59,37.1,68.6,45.0,0
590,STATION_F_01,LINE_ALPHA_1,避雷器,渗漏油,28.0,276.47,37.1,87.2,33.0,0
591,STATION_E_05,LINE_GAMMA_1,断路器,异物,13.0,637.06,38.9,66.0,46.0,1
592,STATION_F_03,LINE_BETA_2,断路器,锈蚀,11.0,396.54,37.7,37.0,32.0,0
593,STATION_B_03,LINE_ALPHA_3,绝缘子,锈蚀,23.0,666.05,28.2,63.9,50.0,1
594,STATION_F_06,LINE_DELTA_2,绝缘子,发热,2.0,342.95,24.2,97.9,45.0,0
595,STATION_B_06,LINE_GAMMA_2,绝缘子,放电痕迹,17.0,463.68,42.0,75.4,62.0,1
596,STATION_E_05,LINE_DELTA_1,变压器,锈蚀,15.0,778.9,36.5,55.3,45.0,1
597,STATION_D_03,LINE_DELTA_2,变压器,发热,17.0,261.39,44.2,72.1,36.0,1
598,STATION_E_05,LINE_EPSILON_3,避雷器,锈蚀,4.0,135.33,34.6,56.1,42.0,0
599,STATION_D_05,LINE_EPSILON_1,断路器,发热,29.0,612.99,,48.8,29.0,0
600,STATION_D_06,LINE_DELTA_1,避雷器,发热,8.0,295.98,42.7,60.8,50.0,0
