供电区域类型,容量kVA,投运年限,月平均温度,月平均湿度,户数,台区编号,日均负荷
工业区,315.0,14.0,-2.5,75.1,51,STATION_A_01,372.12
工业区,200.0,13.0,23.3,63.9,11,STATION_B_02,151.76
商业区,200.0,10.0,15.0,73.2,31,STATION_C_01,200.88
郊区,200.0,5.0,9.8,59.9,23,STATION_D_01,180.97
郊区,630.0,1.0,21.0,75.6,107,STATION_B_06,400.41
郊区,800.0,11.0,29.0,62.2,135,STATION_A_02,536.5
城区,1000.0,24.0,27.4,76.5,172,STATION_D_02,720.21
工业区,630.0,8.0,16.8,68.6,116,STATION_B_01,467.52
郊区,400.0,6.0,25.9,83.2,66,STATION_C_05,257.93
城区,315.0,10.0,25.8,56.5,71,STATION_D_06,295.36
商业区,400.0,18.0,17.2,53.2,69,STATION_E_05,255.83
郊区,315.0,7.0,11.8,61.8,42,STATION_C_04,233.72
城区,1000.0,7.0,12.3,54.2,162,STATION_D_05,675.25
城区,400.0,4.0,25.5,54.2,64,STATION_D_03,276.35
商业区,315.0,10.0,17.6,74.2,57,STATION_A_06,230.49
商业区,315.0,7.0,8.6,68.0,45,STATION_C_05,227.76
郊区,200.0,25.0,2.8,63.2,31,STATION_E_01,201.11
商业区,1000.0,28.0,25.5,64.1,165,STATION_D_03,662.53
商业区,200.0,12.0,13.1,62.0,30,STATION_B_02,184.33
工业区,200.0,3.0,21.0,84.5,40,STATION_D_01,189.58
商业区,315.0,3.0,29.2,60.6,58,STATION_D_06,319.37
郊区,800.0,10.0,6.2,54.8,143,STATION_A_01,652.0
工业区,400.0,14.0,17.6,76.0,64,STATION_A_05,269.84
郊区,630.0,16.0,16.5,65.8,115,STATION_F_06,341.47
工业区,400.0,10.0,21.4,88.4,56,STATION_A_03,326.14
城区,200.0,11.0,29.2,62.7,22,STATION_A_03,162.74
工业区,1000.0,9.0,6.0,76.5,157,STATION_B_04,704.31
商业区,315.0,16.0,23.1,78.8,53,STATION_F_05,214.44
城区,200.0,21.0,27.3,62.8,43,STATION_A_02,189.06
商业区,630.0,2.0,16.3,60.6,100,STATION_B_02,440.72
郊区,200.0,15.0,16.8,75.4,30,STATION_C_04,133.0
城区,200.0,20.0,21.8,73.7,32,STATION_E_06,186.11
城区,800.0,21.0,21.1,53.9,138,STATION_E_02,551.63
工业区,400.0,17.0,23.2,56.7,63,STATION_B_03,309.62
郊区,315.0,16.0,23.1,42.6,48,STATION_E_06,210.89
城区,315.0,21.0,9.2,74.0,42,STATION_C_02,250.25
郊区,630.0,12.0,26.9,65.4,100,STATION_A_01,469.61
城区,200.0,18.0,28.5,66.4,43,STATION_D_04,238.6
郊区,200.0,10.0,19.7,51.1,34,STATION_D_01,130.95
商业区,630.0,14.0,4.6,57.0,99,STATION_C_02,475.36
工业区,630.0,4.0,17.0,63.2,115,STATION_C_04,483.62
工业区,1250.0,11.0,19.7,61.3,204,STATION_B_04,826.28
郊区,400.0,5.0,7.7,69.2,78,STATION_B_04,303.95
商业区,200.0,7.0,14.8,73.8,45,STATION_C_03,144.51
城区,400.0,13.0,5.3,90.7,67,STATION_A_04,324.27
城区,630.0,16.0,23.5,67.8,93,STATION_F_04,431.17
城区,200.0,29.0,19.5,79.2,52,STATION_E_05,209.57
郊区,630.0,1.0,3.2,59.7,108,STATION_A_05,454.92
郊区,315.0,27.0,21.2,51.3,50,STATION_B_04,197.08
工业区,800.0,10.0,17.5,64.5,141,STATION_F_06,556.16
城区,800.0,22.0,22.6,52.0,139,STATION_C_06,571.54
城区,400.0,21.0,14.5,68.1,77,STATION_D_01,279.46
郊区,1250.0,30.0,10.8,60.2,203,STATION_B_06,816.01
商业区,1250.0,4.0,11.1,48.5,211,STATION_F_06,799.94
城区,200.0,30.0,13.2,85.4,24,STATION_C_02,152.9
城区,400.0,2.0,18.2,62.6,72,STATION_E_01,261.16
城区,630.0,27.0,19.3,51.6,105,STATION_F_04,389.28
郊区,200.0,20.0,16.3,77.0,36,STATION_D_03,134.81
城区,400.0,15.0,14.2,60.7,65,STATION_F_05,308.11
城区,315.0,12.0,14.8,78.9,50,STATION_A_04,184.85
郊区,1250.0,3.0,40.6,60.7,201,STATION_F_01,892.25
城区,400.0,25.0,11.1,62.6,73,STATION_E_02,345.67
郊区,800.0,22.0,13.0,71.4,145,STATION_D_06,563.77
城区,400.0,29.0,47.6,73.9,62,STATION_C_01,443.49
商业区,200.0,22.0,21.8,75.7,38,STATION_A_05,171.05
郊区,1000.0,29.0,5.6,67.1,170,STATION_F_02,716.34
城区,200.0,27.0,25.6,73.3,33,STATION_F_03,161.85
城区,200.0,13.0,9.8,75.5,21,STATION_A_04,178.05
郊区,400.0,22.0,26.2,70.0,56,STATION_F_02,318.47
商业区,630.0,8.0,16.1,66.6,99,STATION_F_04,433.63
城区,315.0,24.0,14.0,53.5,35,STATION_C_05,155.74
城区,200.0,19.0,32.5,74.0,45,STATION_C_01,275.65
城区,315.0,14.0,23.1,68.4,55,STATION_F_03,225.16
郊区,315.0,19.0,26.8,63.9,52,STATION_D_05,229.75
商业区,200.0,9.0,21.9,80.8,16,STATION_A_05,112.72
郊区,400.0,19.0,14.0,53.7,52,STATION_C_04,275.73
城区,200.0,15.0,23.5,84.4,33,STATION_C_05,175.91
工业区,315.0,10.0,28.9,67.8,68,STATION_B_01,327.74
工业区,630.0,30.0,19.2,71.2,99,STATION_C_01,462.03
城区,630.0,2.0,34.2,64.0,112,STATION_B_04,515.8
城区,315.0,23.0,25.7,51.3,49,STATION_E_05,222.91
郊区,315.0,7.0,19.9,66.6,53,STATION_B_05,191.66
工业区,315.0,7.0,20.3,71.3,62,STATION_C_02,284.71
工业区,1250.0,5.0,19.2,74.8,206,STATION_E_04,836.12
工业区,315.0,4.0,6.7,66.0,47,STATION_C_04,256.63
工业区,315.0,4.0,17.2,46.1,64,STATION_E_02,292.61
城区,400.0,25.0,20.0,52.6,67,STATION_A_04,252.89
城区,315.0,28.0,14.3,88.5,61,STATION_A_04,286.66
城区,315.0,18.0,21.0,57.1,47,STATION_C_02,166.01
商业区,200.0,1.0,18.2,82.3,45,STATION_D_03,145.28
郊区,630.0,26.0,25.0,58.7,107,STATION_C_02,425.9
城区,630.0,19.0,24.0,66.2,108,STATION_E_06,413.54
城区,630.0,16.0,19.5,74.3,106,STATION_D_02,397.4
工业区,800.0,29.0,5.7,59.8,129,STATION_F_01,668.02
工业区,315.0,13.0,34.1,83.9,52,STATION_B_01,340.5
工业区,1000.0,11.0,16.7,68.8,163,STATION_F_01,653.75
城区,630.0,24.0,17.3,72.6,113,STATION_D_02,365.64
商业区,800.0,16.0,14.9,65.3,132,STATION_B_04,473.76
工业区,630.0,22.0,13.6,74.6,93,STATION_E_01,428.61
工业区,400.0,21.0,31.9,83.8,53,STATION_A_02,333.09
工业区,315.0,26.0,30.5,66.7,39,STATION_F_01,283.18
商业区,400.0,10.0,22.0,85.3,72,STATION_B_03,220.63
商业区,200.0,3.0,17.0,61.9,24,STATION_B_01,112.85
郊区,400.0,15.0,23.6,75.6,69,STATION_D_04,323.53
郊区,200.0,20.0,18.7,72.9,34,STATION_B_05,181.49
郊区,200.0,25.0,16.3,57.3,33,STATION_A_05,80.07
工业区,1000.0,9.0,21.0,70.1,170,STATION_B_02,676.96
郊区,630.0,23.0,14.0,68.1,106,STATION_B_06,401.37
城区,630.0,25.0,20.3,59.5,83,STATION_D_05,377.47
城区,315.0,25.0,19.8,71.6,50,STATION_B_01,170.01
商业区,630.0,25.0,23.4,69.5,108,STATION_A_03,489.67
商业区,1000.0,30.0,12.4,67.3,180,STATION_B_05,696.91
商业区,630.0,20.0,24.4,67.3,118,STATION_E_02,460.51
郊区,630.0,12.0,9.8,67.1,94,STATION_C_03,477.18
工业区,400.0,14.0,12.8,64.3,64,STATION_E_04,320.32
工业区,315.0,23.0,13.2,69.4,40,STATION_D_01,257.61
城区,630.0,8.0,8.4,61.6,117,STATION_C_06,458.98
城区,1250.0,19.0,27.1,94.6,216,STATION_C_02,823.88
商业区,400.0,18.0,9.3,53.9,69,STATION_B_01,292.99
城区,400.0,20.0,11.7,62.2,68,STATION_E_01,360.61
郊区,400.0,13.0,29.3,62.9,78,STATION_D_03,362.99
工业区,400.0,23.0,12.9,88.4,76,STATION_A_06,351.24
工业区,1250.0,3.0,16.3,54.8,218,STATION_E_05,835.11
城区,630.0,23.0,8.9,72.3,109,STATION_F_06,490.64
工业区,400.0,25.0,25.5,70.5,64,STATION_E_04,293.87
城区,400.0,27.0,25.6,71.3,73,STATION_E_03,265.29
工业区,400.0,28.0,24.7,80.4,73,STATION_B_03,330.13
城区,200.0,11.0,22.8,80.2,32,STATION_C_01,212.23
工业区,400.0,2.0,18.7,63.5,64,STATION_F_06,350.74
工业区,800.0,20.0,13.3,69.9,142,STATION_C_03,580.46
城区,630.0,3.0,10.7,49.4,118,STATION_F_03,449.37
城区,315.0,9.0,29.6,69.0,47,STATION_E_04,210.49
工业区,630.0,22.0,24.9,60.1,103,STATION_B_05,481.04
城区,630.0,18.0,11.8,66.1,108,STATION_B_02,448.86
城区,315.0,19.0,18.4,51.1,56,STATION_E_05,233.29
郊区,630.0,23.0,15.3,72.0,101,STATION_F_05,437.02
商业区,630.0,5.0,7.8,51.0,120,STATION_A_06,484.88
郊区,800.0,24.0,19.6,69.5,137,STATION_C_01,542.58
郊区,200.0,18.0,14.3,55.7,38,STATION_D_02,137.38
商业区,315.0,13.0,9.4,59.5,67,STATION_C_03,295.81
郊区,400.0,14.0,4.7,79.5,63,STATION_A_06,312.28
郊区,200.0,16.0,3.9,73.9,33,STATION_D_06,225.08
郊区,400.0,17.0,14.7,79.5,57,STATION_C_04,267.46
城区,800.0,11.0,17.2,83.6,132,STATION_E_02,513.66
城区,200.0,7.0,10.1,60.3,21,STATION_F_02,175.14
工业区,400.0,6.0,23.9,83.0,73,STATION_F_04,294.99
城区,1250.0,11.0,17.4,53.3,212,STATION_D_02,774.45
工业区,400.0,8.0,23.2,75.5,64,STATION_D_04,312.7
城区,400.0,16.0,16.4,63.1,66,STATION_F_06,219.7
郊区,630.0,28.0,10.9,58.7,111,STATION_C_03,442.89
城区,315.0,4.0,19.0,74.1,43,STATION_C_03,177.26
郊区,200.0,10.0,6.6,77.4,35,STATION_A_01,238.19
工业区,630.0,2.0,22.9,77.2,111,STATION_E_02,486.18
郊区,400.0,30.0,9.6,70.1,52,STATION_C_05,308.08
城区,315.0,22.0,26.3,69.3,58,STATION_D_03,269.85
城区,200.0,8.0,15.0,73.3,20,STATION_E_01,103.93
工业区,800.0,13.0,27.6,71.0,132,STATION_C_01,608.41
城区,200.0,22.0,7.9,73.4,24,STATION_D_01,192.08
工业区,630.0,29.0,11.9,70.0,116,STATION_F_04,534.4
城区,400.0,18.0,21.4,76.4,57,STATION_B_04,252.73
城区,630.0,9.0,28.5,51.7,92,STATION_C_04,389.97
工业区,315.0,21.0,33.0,66.7,54,STATION_B_04,281.87
郊区,315.0,21.0,18.4,54.2,49,STATION_A_01,186.51
城区,400.0,20.0,34.5,70.8,55,STATION_D_04,261.36
商业区,630.0,2.0,15.4,84.4,109,STATION_B_01,478.15
城区,315.0,22.0,27.9,63.3,37,STATION_C_06,248.41
郊区,400.0,1.0,9.5,69.3,58,STATION_E_01,270.13
郊区,400.0,28.0,21.8,75.6,62,STATION_F_03,235.31
郊区,315.0,27.0,-3.1,47.3,59,STATION_D_01,370.34
工业区,630.0,17.0,7.9,62.8,115,STATION_B_05,487.29
城区,200.0,20.0,22.2,71.6,42,STATION_B_01,138.45
商业区,400.0,3.0,6.2,39.0,65,STATION_A_06,299.32
郊区,200.0,27.0,21.8,58.2,14,STATION_E_01,116.82
商业区,400.0,9.0,26.2,79.0,70,STATION_F_05,328.82
工业区,315.0,8.0,13.5,78.0,64,STATION_C_04,325.18
商业区,400.0,22.0,9.3,71.7,77,STATION_B_02,357.85
郊区,400.0,29.0,13.7,76.8,70,STATION_E_02,286.82
郊区,1000.0,15.0,9.3,70.2,157,STATION_C_03,701.12
郊区,400.0,16.0,17.1,73.6,62,STATION_A_05,231.07
工业区,800.0,17.0,18.9,64.8,149,STATION_E_06,529.87
郊区,315.0,9.0,15.2,69.2,41,STATION_D_02,175.37
工业区,400.0,18.0,33.1,61.7,57,STATION_B_03,342.71
城区,200.0,29.0,11.5,80.6,41,STATION_F_02,161.94
工业区,400.0,12.0,30.5,83.2,63,STATION_E_01,333.92
城区,630.0,24.0,8.6,81.8,96,STATION_F_04,426.57
商业区,800.0,24.0,18.7,63.9,146,STATION_C_03,556.2
城区,630.0,26.0,28.6,58.5,109,STATION_C_02,523.76
城区,630.0,22.0,28.2,80.8,102,STATION_D_06,404.84
工业区,315.0,28.0,14.2,73.4,43,STATION_B_05,206.67
工业区,200.0,22.0,23.0,71.3,50,STATION_D_05,205.26
工业区,800.0,30.0,21.8,61.7,133,STATION_E_01,594.47
商业区,315.0,22.0,13.1,72.3,64,STATION_A_06,245.65
城区,200.0,26.0,23.5,57.1,40,STATION_A_04,151.28
工业区,1000.0,27.0,34.8,74.3,162,STATION_E_04,790.1
郊区,1250.0,30.0,22.2,81.8,204,STATION_A_01,841.49
郊区,630.0,18.0,23.1,84.3,117,STATION_E_06,453.94
郊区,400.0,22.0,24.0,75.1,78,STATION_C_04,287.71
城区,800.0,30.0,4.9,54.2,118,STATION_F_05,566.91
郊区,315.0,12.0,22.1,70.0,57,STATION_D_04,226.7
工业区,400.0,4.0,8.8,89.4,66,STATION_F_05,341.37
城区,400.0,27.0,12.7,59.3,58,STATION_C_05,254.63
商业区,1000.0,19.0,37.5,67.4,169,STATION_B_06,785.85
郊区,1000.0,13.0,15.7,82.1,156,STATION_A_02,637.7
城区,630.0,22.0,11.3,74.2,101,STATION_C_02,464.77
郊区,200.0,1.0,28.4,92.8,27,STATION_D_05,217.79
城区,400.0,15.0,9.5,60.7,63,STATION_F_04,312.47
城区,315.0,8.0,14.0,58.1,52,STATION_D_04,208.41
工业区,1000.0,9.0,29.2,80.2,159,STATION_A_05,760.51
城区,200.0,30.0,18.4,56.0,46,STATION_A_04,167.77
城区,200.0,17.0,3.9,66.0,37,STATION_F_05,297.0
工业区,630.0,5.0,22.9,67.3,119,STATION_D_02,506.4
城区,400.0,11.0,14.4,78.4,65,STATION_F_06,294.03
工业区,800.0,8.0,31.9,74.1,129,STATION_C_01,633.21
工业区,200.0,28.0,12.5,72.6,47,STATION_D_04,223.33
城区,800.0,9.0,27.5,64.0,129,STATION_F_06,550.34
郊区,200.0,11.0,34.0,80.2,32,STATION_B_02,229.63
城区,200.0,11.0,10.3,108.3,39,STATION_F_02,199.94
郊区,400.0,6.0,16.3,74.9,57,STATION_C_02,281.13
城区,315.0,24.0,21.5,69.0,58,STATION_C_04,241.27
商业区,630.0,18.0,10.3,55.0,110,STATION_B_03,442.91
城区,200.0,14.0,20.4,61.6,43,STATION_C_01,150.29
工业区,200.0,12.0,16.0,65.9,40,STATION_E_06,152.31
城区,630.0,21.0,15.8,62.7,115,STATION_C_02,483.14
城区,315.0,3.0,18.4,67.8,52,STATION_D_04,185.76
郊区,630.0,28.0,18.6,85.8,98,STATION_D_04,420.42
郊区,630.0,17.0,19.5,80.5,122,STATION_E_01,450.7
商业区,200.0,7.0,12.6,66.4,21,STATION_A_01,145.41
城区,800.0,17.0,13.0,55.9,122,STATION_A_06,514.28
城区,315.0,26.0,16.9,81.4,57,STATION_E_04,192.07
郊区,400.0,6.0,17.6,67.5,80,STATION_E_01,253.34
郊区,200.0,16.0,14.1,50.7,35,STATION_B_05,205.75
商业区,800.0,18.0,20.9,75.1,141,STATION_C_04,544.72
商业区,630.0,25.0,1.7,78.3,89,STATION_E_01,502.26
商业区,400.0,18.0,11.4,43.7,63,STATION_E_05,328.85
城区,1250.0,23.0,15.5,59.8,193,STATION_C_03,769.37
郊区,315.0,24.0,10.3,66.9,59,STATION_A_02,271.81
工业区,1000.0,27.0,32.7,75.3,154,STATION_B_06,742.15
城区,630.0,11.0,18.2,62.8,95,STATION_A_02,348.58
工业区,1000.0,22.0,19.6,59.7,171,STATION_A_02,688.94
城区,1000.0,8.0,13.7,75.3,175,STATION_A_02,695.93
城区,1250.0,26.0,17.9,63.3,207,STATION_E_05,778.93
商业区,200.0,29.0,7.1,73.4,38,STATION_C_05,191.85
城区,800.0,9.0,16.5,56.9,138,STATION_D_06,522.0
商业区,800.0,17.0,9.6,54.5,132,STATION_E_02,620.55
城区,630.0,25.0,15.5,75.6,96,STATION_D_05,343.98
城区,315.0,1.0,-5.0,70.5,57,STATION_B_04,362.15
城区,1250.0,22.0,7.8,77.2,213,STATION_C_02,858.3
城区,315.0,25.0,31.2,62.7,60,STATION_B_01,274.78
郊区,400.0,27.0,25.5,60.0,69,STATION_E_05,295.76
城区,400.0,6.0,29.9,81.6,57,STATION_D_02,327.72
郊区,315.0,23.0,30.5,52.8,58,STATION_A_04,307.74
商业区,630.0,24.0,24.1,80.5,105,STATION_B_04,443.28
郊区,200.0,1.0,13.9,81.2,29,STATION_F_01,176.48
城区,630.0,22.0,8.7,76.6,103,STATION_D_06,491.16
郊区,800.0,19.0,28.3,61.1,128,STATION_C_05,585.49
工业区,315.0,30.0,18.6,59.8,60,STATION_E_03,242.01
郊区,630.0,2.0,40.4,65.9,94,STATION_B_05,529.43
城区,315.0,29.0,14.7,55.0,45,STATION_D_03,221.08
郊区,800.0,18.0,35.8,58.4,131,STATION_B_05,587.23
郊区,1250.0,9.0,16.6,74.4,221,STATION_B_01,781.22
城区,315.0,12.0,30.0,74.5,61,STATION_A_03,228.02
城区,630.0,23.0,33.3,57.5,92,STATION_A_03,470.3
商业区,400.0,30.0,8.8,74.8,77,STATION_B_03,338.44
城区,400.0,10.0,13.6,72.5,77,STATION_E_03,265.25
城区,630.0,30.0,8.7,83.1,96,STATION_D_01,471.18
城区,400.0,19.0,6.9,73.7,46,STATION_A_06,286.57
郊区,630.0,6.0,24.0,78.6,104,STATION_D_01,475.68
郊区,315.0,18.0,16.2,72.8,61,STATION_D_01,238.62
城区,400.0,25.0,18.5,77.8,79,STATION_A_03,249.11
郊区,1000.0,2.0,23.0,55.1,160,STATION_D_04,667.75
工业区,200.0,3.0,1.3,66.8,47,STATION_E_02,313.6
城区,630.0,1.0,29.6,67.6,87,STATION_B_04,420.07
商业区,315.0,18.0,14.9,65.6,50,STATION_F_05,171.14
城区,800.0,2.0,22.8,72.4,130,STATION_E_01,534.81
城区,630.0,28.0,23.6,74.3,114,STATION_F_06,421.77
商业区,400.0,4.0,30.3,71.9,77,STATION_D_03,381.73
工业区,315.0,3.0,17.1,66.2,60,STATION_D_04,247.98
城区,400.0,8.0,-1.1,60.6,56,STATION_F_01,400.74
工业区,1250.0,23.0,18.5,79.0,215,STATION_D_05,787.78
郊区,400.0,28.0,19.8,71.5,71,STATION_C_06,277.74
城区,400.0,8.0,8.7,57.8,53,STATION_A_01,327.38
工业区,630.0,16.0,19.3,66.1,88,STATION_E_01,389.89
工业区,400.0,24.0,14.8,50.6,75,STATION_C_02,324.92
城区,400.0,24.0,5.9,68.4,65,STATION_E_01,312.01
郊区,315.0,5.0,24.0,66.0,42,STATION_C_06,196.09
郊区,315.0,26.0,12.9,62.3,51,STATION_C_04,235.64
城区,630.0,27.0,14.3,83.8,108,STATION_F_04,390.14
商业区,1000.0,23.0,13.8,56.4,166,STATION_E_06,657.27
郊区,1000.0,16.0,29.1,75.1,154,STATION_D_05,694.68
郊区,1000.0,12.0,17.6,89.9,182,STATION_D_05,661.75
郊区,400.0,27.0,18.7,78.8,75,STATION_D_03,244.69
郊区,315.0,26.0,14.0,67.7,50,STATION_D_03,250.71
城区,630.0,16.0,22.2,56.7,103,STATION_C_02,444.41
商业区,1250.0,23.0,30.1,54.4,211,STATION_C_03,842.26
郊区,630.0,12.0,23.8,63.9,96,STATION_D_03,379.98
工业区,400.0,23.0,24.2,61.1,69,STATION_C_01,307.74
郊区,630.0,3.0,23.5,60.8,94,STATION_C_03,429.56
城区,800.0,28.0,5.6,64.7,133,STATION_F_03,591.37
城区,1000.0,16.0,10.1,67.0,157,STATION_A_02,689.4
郊区,800.0,18.0,16.2,72.9,124,STATION_E_01,492.62
城区,400.0,6.0,11.5,55.6,80,STATION_A_03,291.26
工业区,315.0,16.0,8.4,61.2,53,STATION_C_03,326.67
商业区,400.0,1.0,1.2,66.4,68,STATION_A_05,341.4
城区,315.0,27.0,5.9,66.0,36,STATION_B_05,247.4
城区,1000.0,23.0,15.7,86.4,162,STATION_D_02,595.1
工业区,400.0,14.0,17.4,70.3,70,STATION_C_01,287.51
城区,400.0,26.0,10.9,51.9,68,STATION_E_02,330.08
商业区,315.0,25.0,18.7,72.2,35,STATION_C_01,150.01
郊区,630.0,4.0,14.1,73.5,107,STATION_C_03,452.74
城区,400.0,2.0,27.8,66.7,70,STATION_B_06,249.87
城区,200.0,8.0,16.5,55.9,44,STATION_B_02,139.82
商业区,1000.0,1.0,24.3,85.6,161,STATION_D_02,658.56
城区,400.0,18.0,19.8,57.3,49,STATION_C_05,284.18
工业区,400.0,16.0,5.4,74.6,59,STATION_A_04,320.63
城区,315.0,17.0,17.2,70.0,44,STATION_A_01,209.33
城区,630.0,3.0,6.9,74.0,111,STATION_A_01,510.81
商业区,630.0,28.0,17.0,85.1,83,STATION_C_06,343.66
城区,1000.0,30.0,11.3,73.6,163,STATION_F_01,658.69
城区,200.0,18.0,21.4,62.4,45,STATION_F_04,174.15
郊区,1250.0,1.0,5.9,79.1,208,STATION_D_05,823.36
商业区,630.0,12.0,18.1,61.7,112,STATION_C_02,401.35
城区,315.0,22.0,23.2,69.6,39,STATION_D_05,244.38
城区,315.0,23.0,26.2,55.1,40,STATION_E_02,241.68
商业区,315.0,8.0,11.1,57.7,64,STATION_F_02,259.1
工业区,1000.0,25.0,18.2,68.5,167,STATION_E_02,681.89
商业区,315.0,30.0,19.7,71.7,53,STATION_A_06,229.13
工业区,400.0,16.0,31.9,51.0,58,STATION_D_02,384.77
工业区,630.0,12.0,4.7,73.0,106,STATION_A_01,506.11
郊区,1000.0,16.0,9.8,59.8,157,STATION_B_06,713.54
城区,630.0,1.0,43.2,80.8,114,STATION_B_01,608.89
工业区,800.0,16.0,15.5,64.5,155,STATION_F_06,625.82
工业区,315.0,1.0,1.0,56.8,56,STATION_B_04,323.91
商业区,1000.0,2.0,12.8,68.8,162,STATION_D_04,628.39
郊区,315.0,17.0,-6.9,58.8,32,STATION_B_05,301.2
城区,200.0,16.0,20.2,80.7,20,STATION_F_05,117.02
郊区,1250.0,30.0,25.3,68.0,221,STATION_F_01,810.65
郊区,315.0,16.0,9.8,66.5,44,STATION_D_06,248.44
郊区,200.0,30.0,13.8,73.9,30,STATION_D_06,184.82
工业区,630.0,25.0,26.3,58.0,110,STATION_C_06,517.69
郊区,315.0,11.0,2.2,55.1,64,STATION_F_04,296.92
城区,200.0,28.0,6.1,72.1,32,STATION_E_04,172.37
郊区,630.0,15.0,15.9,57.0,102,STATION_B_04,417.0
郊区,800.0,18.0,11.2,57.0,134,STATION_F_01,546.8
商业区,800.0,4.0,15.4,76.4,128,STATION_B_03,528.09
郊区,315.0,7.0,6.6,73.3,48,STATION_C_04,278.45
郊区,630.0,16.0,19.9,55.5,108,STATION_C_04,450.96
郊区,800.0,9.0,16.7,61.8,135,STATION_A_02,486.34
郊区,315.0,18.0,22.9,59.0,70,STATION_E_03,269.85
城区,315.0,3.0,19.8,85.8,56,STATION_E_04,207.1
商业区,200.0,8.0,19.9,77.1,43,STATION_B_03,154.14
商业区,400.0,20.0,5.0,63.8,58,STATION_F_06,342.13
郊区,315.0,19.0,22.4,73.8,57,STATION_A_05,264.69
郊区,630.0,30.0,15.0,54.4,99,STATION_C_01,449.65
城区,1250.0,27.0,16.5,61.3,211,STATION_D_01,822.67
郊区,315.0,25.0,27.4,69.0,58,STATION_B_05,264.1
郊区,630.0,1.0,11.5,72.5,105,STATION_E_03,432.51
工业区,315.0,19.0,30.2,67.0,72,STATION_E_06,298.76
城区,200.0,7.0,31.0,70.5,45,STATION_C_02,267.69
工业区,800.0,9.0,24.8,68.8,143,STATION_D_01,598.84
城区,400.0,7.0,9.2,66.4,73,STATION_F_03,334.68
工业区,1000.0,14.0,-1.7,65.0,181,STATION_E_05,842.47
郊区,400.0,4.0,27.7,63.7,55,STATION_C_06,253.34
城区,315.0,16.0,19.0,70.3,63,STATION_E_06,198.8
郊区,400.0,5.0,11.3,72.1,59,STATION_A_03,326.71
工业区,315.0,16.0,28.6,70.0,48,STATION_F_05,304.31
郊区,1000.0,19.0,10.2,56.2,171,STATION_C_01,674.28
城区,630.0,6.0,14.2,58.0,115,STATION_B_04,439.11
郊区,315.0,4.0,22.7,72.0,43,STATION_D_06,243.29
城区,400.0,25.0,8.0,82.7,63,STATION_A_03,335.73
郊区,630.0,23.0,17.0,69.5,106,STATION_B_06,365.02
郊区,800.0,8.0,27.8,63.9,132,STATION_A_02,614.63
城区,200.0,27.0,19.9,70.2,40,STATION_B_01,180.38
郊区,200.0,7.0,29.2,56.6,61,STATION_D_04,242.53
工业区,200.0,28.0,28.2,81.1,37,STATION_D_06,199.75
工业区,400.0,4.0,18.1,69.9,61,STATION_C_02,316.12
城区,400.0,20.0,-3.0,61.3,56,STATION_C_05,374.69
城区,200.0,1.0,8.0,66.3,31,STATION_D_02,139.17
郊区,400.0,6.0,24.9,62.7,59,STATION_E_05,274.54
城区,400.0,13.0,4.0,81.1,70,STATION_B_04,438.79
郊区,200.0,3.0,15.1,66.0,37,STATION_D_02,152.2
城区,1000.0,14.0,21.0,69.6,163,STATION_A_05,625.44
城区,630.0,7.0,31.2,73.7,121,STATION_D_05,480.45
工业区,400.0,3.0,12.8,60.6,61,STATION_C_04,368.26
城区,400.0,29.0,12.2,69.9,66,STATION_F_02,313.63
工业区,315.0,30.0,17.5,70.7,58,STATION_D_01,296.22
城区,1000.0,29.0,21.2,52.5,174,STATION_A_06,677.25
郊区,630.0,5.0,16.6,70.5,115,STATION_A_04,466.12
郊区,400.0,12.0,27.4,67.5,70,STATION_D_05,291.95
工业区,1000.0,10.0,10.8,69.3,175,STATION_D_05,740.58
工业区,800.0,10.0,19.1,68.4,128,STATION_F_05,554.41
郊区,800.0,13.0,22.0,70.6,141,STATION_E_01,589.37
郊区,315.0,16.0,14.4,81.4,60,STATION_B_03,245.97
城区,315.0,15.0,25.6,56.2,65,STATION_D_05,251.13
郊区,630.0,9.0,19.3,64.6,92,STATION_E_01,386.12
城区,400.0,30.0,25.1,74.7,59,STATION_B_01,232.41
郊区,630.0,30.0,19.7,72.8,112,STATION_D_04,354.97
城区,800.0,10.0,21.4,72.6,112,STATION_A_06,514.14
商业区,315.0,7.0,12.3,95.5,56,STATION_B_04,230.16
郊区,315.0,16.0,12.3,74.1,61,STATION_E_01,243.06
郊区,400.0,12.0,29.0,79.3,62,STATION_F_06,336.73
郊区,315.0,30.0,23.7,64.9,49,STATION_F_01,270.01
城区,630.0,13.0,8.8,58.1,96,STATION_C_02,455.23
城区,630.0,2.0,19.6,64.9,101,STATION_C_06,460.94
商业区,400.0,4.0,-3.4,75.1,63,STATION_E_05,391.18
工业区,630.0,3.0,12.8,72.1,100,STATION_C_06,471.87
城区,400.0,12.0,26.6,72.0,61,STATION_F_05,302.71
工业区,630.0,10.0,16.9,65.9,103,STATION_E_04,405.34
郊区,315.0,26.0,19.1,64.3,50,STATION_A_02,231.08
城区,630.0,27.0,-9.1,66.2,120,STATION_E_02,518.84
郊区,630.0,5.0,14.5,75.2,102,STATION_B_06,398.81
城区,315.0,29.0,21.0,76.4,55,STATION_C_06,223.99
城区,630.0,18.0,22.2,57.9,100,STATION_B_03,393.11
工业区,1000.0,10.0,26.7,75.6,162,STATION_C_03,706.45
城区,315.0,13.0,16.1,61.5,39,STATION_C_02,241.48
商业区,630.0,14.0,16.5,72.7,92,STATION_E_02,418.52
工业区,1250.0,6.0,6.0,66.1,199,STATION_C_06,869.53
工业区,1000.0,27.0,16.2,83.7,168,STATION_C_01,675.91
郊区,400.0,1.0,6.6,63.8,75,STATION_A_03,300.59
商业区,630.0,3.0,1.4,69.8,91,STATION_D_06,495.25
郊区,1250.0,9.0,8.2,74.1,204,STATION_A_04,838.91
郊区,630.0,5.0,31.6,59.3,94,STATION_B_03,402.81
郊区,200.0,2.0,15.6,67.3,31,STATION_C_02,140.32
商业区,200.0,12.0,20.0,65.3,42,STATION_A_01,168.97
城区,800.0,12.0,13.4,62.9,130,STATION_D_02,559.49
郊区,400.0,4.0,1.9,63.6,66,STATION_B_01,347.8
工业区,315.0,25.0,26.4,79.1,64,STATION_A_01,301.62
郊区,315.0,27.0,-1.5,62.0,56,STATION_C_01,383.79
商业区,800.0,22.0,13.0,73.7,127,STATION_B_02,527.5
郊区,400.0,16.0,17.5,71.1,68,STATION_B_01,281.79
城区,1000.0,29.0,20.1,54.0,160,STATION_A_06,620.41
郊区,630.0,11.0,11.5,73.2,108,STATION_E_01,466.5
郊区,1250.0,13.0,1.5,53.9,212,STATION_B_03,858.13
城区,1000.0,1.0,10.8,74.3,156,STATION_F_06,645.74
城区,315.0,22.0,11.3,62.9,54,STATION_E_01,207.35
城区,630.0,3.0,11.0,68.1,104,STATION_C_03,423.05
工业区,200.0,20.0,26.7,55.1,38,STATION_D_06,265.91
商业区,1250.0,24.0,7.1,69.2,215,STATION_B_04,855.53
郊区,315.0,7.0,20.7,77.3,56,STATION_B_02,244.95
城区,630.0,19.0,19.4,59.9,103,STATION_B_05,451.22
郊区,800.0,10.0,26.6,61.9,141,STATION_C_05,574.67
商业区,315.0,12.0,16.8,72.5,46,STATION_E_03,225.21
工业区,800.0,16.0,25.1,72.8,123,STATION_F_01,588.23
城区,200.0,8.0,16.5,43.7,8,STATION_F_01,91.69
城区,400.0,24.0,21.9,88.2,66,STATION_C_05,299.31
商业区,400.0,12.0,4.5,73.3,60,STATION_E_02,378.2
商业区,400.0,14.0,-5.7,75.0,70,STATION_F_01,384.08
城区,630.0,25.0,21.4,66.6,89,STATION_E_04,362.32
工业区,1000.0,7.0,21.9,49.4,161,STATION_B_06,658.76
城区,315.0,14.0,22.3,74.7,56,STATION_E_01,262.83
城区,630.0,30.0,13.3,62.3,97,STATION_A_01,447.98
工业区,1000.0,12.0,31.4,73.4,170,STATION_C_03,747.29
郊区,800.0,4.0,13.9,65.8,129,STATION_E_05,461.62
郊区,200.0,9.0,21.8,70.4,33,STATION_A_03,129.26
商业区,1000.0,29.0,23.4,60.3,171,STATION_E_06,693.74
工业区,200.0,23.0,33.5,76.6,41,STATION_B_01,272.9
城区,630.0,25.0,15.1,56.1,106,STATION_A_03,425.81
郊区,630.0,8.0,12.1,90.5,98,STATION_C_03,407.5
工业区,800.0,26.0,4.5,90.4,130,STATION_A_03,654.42
郊区,200.0,12.0,32.0,84.3,38,STATION_B_03,230.5
商业区,315.0,24.0,21.8,80.8,44,STATION_A_05,224.79
工业区,800.0,27.0,22.1,67.2,132,STATION_C_02,576.17
城区,200.0,7.0,46.1,79.7,30,STATION_F_05,305.33
城区,400.0,29.0,20.9,67.0,66,STATION_A_01,284.56
工业区,630.0,19.0,6.3,52.5,97,STATION_A_04,468.26
商业区,630.0,22.0,16.2,83.0,90,STATION_C_03,394.59
城区,315.0,23.0,9.2,79.3,57,STATION_D_04,285.65
城区,315.0,6.0,14.4,67.7,60,STATION_A_01,271.05
工业区,1250.0,23.0,14.4,55.7,194,STATION_E_06,842.68
城区,400.0,7.0,12.7,62.1,70,STATION_F_06,263.84
城区,200.0,9.0,5.5,49.8,42,STATION_C_05,194.46
商业区,315.0,4.0,32.3,77.5,57,STATION_F_06,281.85
工业区,315.0,6.0,20.7,52.0,49,STATION_A_01,255.78
商业区,1250.0,30.0,16.0,70.9,201,STATION_C_04,790.23
工业区,315.0,10.0,24.8,59.6,53,STATION_F_02,248.59
城区,200.0,12.0,22.2,53.7,35,STATION_E_06,121.81
商业区,400.0,15.0,20.5,70.4,67,STATION_F_02,207.34
城区,200.0,22.0,24.2,64.7,32,STATION_B_02,68.42
城区,315.0,18.0,19.2,76.4,44,STATION_E_05,187.65
商业区,1250.0,17.0,24.0,55.3,212,STATION_C_01,908.41
工业区,630.0,26.0,24.8,60.4,109,STATION_D_05,543.4
商业区,200.0,15.0,19.5,44.1,35,STATION_C_02,110.15
城区,400.0,24.0,16.0,46.2,68,STATION_D_04,273.7
商业区,315.0,28.0,31.8,86.0,66,STATION_D_06,265.06
郊区,200.0,21.0,13.7,88.8,28,STATION_B_04,103.64
工业区,630.0,2.0,21.5,68.9,115,STATION_F_02,445.18
商业区,400.0,8.0,21.7,59.8,61,STATION_B_01,259.34
郊区,630.0,19.0,12.5,65.0,114,STATION_C_01,445.73
工业区,1000.0,15.0,10.7,76.7,177,STATION_E_01,747.68
郊区,315.0,9.0,14.8,62.9,50,STATION_E_04,234.9
工业区,1000.0,11.0,13.6,70.4,180,STATION_F_03,718.29
商业区,400.0,3.0,4.9,67.9,70,STATION_C_02,340.69
工业区,315.0,8.0,12.1,62.3,45,STATION_D_02,228.89
城区,800.0,24.0,20.4,62.7,130,STATION_A_06,477.07
城区,200.0,1.0,29.4,70.9,42,STATION_E_01,167.23
商业区,630.0,26.0,23.0,58.2,112,STATION_D_02,463.88
商业区,630.0,11.0,-5.4,72.5,97,STATION_B_03,516.16
商业区,315.0,25.0,23.8,63.3,51,STATION_E_01,176.37
城区,1000.0,8.0,13.0,69.3,168,STATION_C_06,667.31
郊区,315.0,25.0,22.1,81.8,48,STATION_C_01,179.14
工业区,800.0,18.0,17.9,66.3,152,STATION_C_05,635.21
工业区,200.0,26.0,16.3,77.2,35,STATION_F_04,163.34
城区,315.0,2.0,17.1,50.1,52,STATION_A_05,225.45
郊区,400.0,24.0,17.8,63.3,76,STATION_E_04,306.27
城区,1000.0,9.0,30.1,68.3,164,STATION_F_05,675.55
郊区,200.0,11.0,17.8,87.2,41,STATION_B_03,145.38
城区,1000.0,2.0,27.8,48.4,153,STATION_D_03,686.1
城区,315.0,29.0,26.5,67.0,49,STATION_D_05,248.37
城区,400.0,20.0,24.0,82.6,75,STATION_A_04,317.33
商业区,400.0,30.0,1.9,60.1,79,STATION_A_04,334.81
工业区,200.0,18.0,28.0,65.9,27,STATION_C_02,231.92
商业区,1000.0,5.0,13.9,71.3,160,STATION_F_02,634.02
郊区,400.0,11.0,24.4,69.8,71,STATION_A_03,311.78
郊区,630.0,14.0,9.2,83.7,100,STATION_E_01,472.0
郊区,630.0,5.0,7.3,72.5,103,STATION_C_03,481.56
郊区,400.0,28.0,35.8,81.3,74,STATION_F_01,385.86
郊区,630.0,29.0,9.4,64.4,101,STATION_A_04,464.36
工业区,1000.0,17.0,28.3,60.6,151,STATION_B_05,729.35
工业区,630.0,18.0,19.1,65.7,95,STATION_B_04,473.57
商业区,400.0,22.0,14.2,56.4,67,STATION_A_05,277.08
城区,630.0,21.0,17.6,72.8,90,STATION_D_01,379.92
郊区,630.0,2.0,6.3,64.1,103,STATION_B_01,495.46
城区,400.0,16.0,17.9,61.3,56,STATION_A_05,220.29
城区,630.0,24.0,8.3,73.0,118,STATION_C_05,443.94
工业区,400.0,25.0,14.4,56.6,84,STATION_B_05,364.0
郊区,800.0,18.0,26.3,75.7,125,STATION_D_04,537.12
工业区,1250.0,27.0,20.3,63.2,210,STATION_E_05,816.57
城区,1250.0,18.0,4.7,79.6,201,STATION_E_05,876.72
商业区,800.0,12.0,25.7,64.1,131,STATION_C_05,594.03
商业区,630.0,14.0,17.9,74.3,119,STATION_F_05,379.41
郊区,630.0,21.0,13.1,69.8,101,STATION_D_01,453.57
商业区,315.0,27.0,24.7,75.4,50,STATION_C_01,159.89
城区,400.0,7.0,16.5,69.1,59,STATION_A_03,237.09
工业区,315.0,9.0,7.5,51.4,62,STATION_C_04,376.82
商业区,200.0,20.0,34.6,78.1,7,STATION_F_05,167.05
工业区,1250.0,23.0,17.8,67.1,205,STATION_C_03,833.4
工业区,1000.0,12.0,17.3,75.9,166,STATION_E_02,702.49
郊区,400.0,20.0,14.4,74.9,61,STATION_F_05,214.01
工业区,315.0,1.0,28.6,60.3,59,STATION_E_02,318.66
工业区,630.0,9.0,13.3,58.9,115,STATION_D_05,490.23
城区,400.0,29.0,4.1,74.6,55,STATION_A_02,371.77
城区,800.0,18.0,11.9,65.0,150,STATION_D_03,540.53
工业区,1250.0,27.0,29.9,77.4,197,STATION_E_03,874.25
郊区,315.0,7.0,25.5,66.2,63,STATION_F_02,237.65
郊区,315.0,9.0,15.7,78.2,54,STATION_C_01,186.17
商业区,315.0,30.0,30.4,72.2,48,STATION_B_02,300.22
工业区,200.0,30.0,24.7,70.9,30,STATION_E_03,202.0
郊区,400.0,27.0,15.6,64.3,66,STATION_B_02,251.13
郊区,200.0,10.0,16.5,70.3,35,STATION_D_05,123.96
郊区,200.0,25.0,21.0,79.9,26,STATION_F_01,114.5
工业区,315.0,14.0,10.5,67.5,51,STATION_F_03,268.49
郊区,315.0,26.0,18.0,73.3,46,STATION_E_01,150.27
郊区,630.0,26.0,20.8,68.5,95,STATION_D_06,391.14
工业区,200.0,14.0,2.8,69.2,27,STATION_A_05,235.72
工业区,1000.0,10.0,16.3,85.2,157,STATION_A_06,645.77
工业区,315.0,30.0,15.3,80.0,49,STATION_E_06,254.75
城区,200.0,14.0,27.3,68.8,37,STATION_F_02,197.3
工业区,200.0,13.0,1.4,70.1,34,STATION_C_05,251.5
郊区,630.0,20.0,14.6,61.0,121,STATION_B_02,447.58
城区,315.0,29.0,13.7,66.3,35,STATION_A_06,257.86
工业区,400.0,4.0,26.6,71.1,70,STATION_B_03,416.21
工业区,200.0,30.0,17.6,76.5,33,STATION_C_03,137.48
郊区,1250.0,13.0,34.2,75.5,215,STATION_E_06,878.27
工业区,200.0,1.0,24.0,56.9,39,STATION_D_06,182.32
城区,400.0,10.0,14.3,77.8,65,STATION_A_06,305.41
城区,1000.0,14.0,20.2,67.1,168,STATION_A_01,640.44
郊区,315.0,21.0,14.8,58.1,47,STATION_A_02,216.49
郊区,315.0,17.0,25.7,81.4,57,STATION_F_02,315.21
工业区,800.0,5.0,6.0,82.6,118,STATION_E_03,591.89
工业区,315.0,15.0,10.6,70.6,59,STATION_A_03,318.49
工业区,200.0,7.0,22.1,75.1,33,STATION_B_02,206.91
城区,400.0,9.0,29.0,75.7,63,STATION_D_05,296.05
郊区,200.0,22.0,-1.8,82.0,31,STATION_D_02,273.47
城区,1000.0,25.0,30.4,75.3,165,STATION_E_05,682.41
工业区,630.0,5.0,16.7,54.7,115,STATION_B_06,508.1
城区,630.0,19.0,1.0,88.1,131,STATION_F_04,534.88
郊区,315.0,13.0,-9.0,78.7,62,STATION_B_03,366.26
工业区,630.0,11.0,4.2,62.9,100,STATION_C_02,481.75
工业区,630.0,22.0,17.8,57.7,110,STATION_B_01,424.07
城区,200.0,8.0,17.4,73.0,39,STATION_A_05,128.9
城区,1000.0,23.0,23.7,65.2,159,STATION_A_03,583.36
工业区,630.0,13.0,13.1,71.3,95,STATION_C_01,444.5
郊区,800.0,3.0,8.0,75.4,133,STATION_E_06,553.46
城区,315.0,24.0,14.3,62.3,59,STATION_D_05,258.8
商业区,200.0,26.0,18.3,56.8,20,STATION_B_06,116.49
郊区,630.0,17.0,20.1,71.9,99,STATION_E_03,381.07
郊区,800.0,22.0,10.9,62.7,138,STATION_E_06,547.04
城区,400.0,5.0,26.1,69.5,67,STATION_D_02,296.86
郊区,200.0,11.0,12.4,54.6,45,STATION_B_02,227.68
城区,800.0,11.0,10.2,65.5,122,STATION_B_06,509.93
城区,315.0,23.0,13.1,75.1,71,STATION_B_06,243.51
郊区,315.0,11.0,27.7,74.1,40,STATION_B_03,201.14
郊区,630.0,22.0,16.8,60.1,89,STATION_D_01,333.44
商业区,200.0,10.0,11.7,56.3,33,STATION_B_02,173.71
商业区,200.0,19.0,26.3,68.2,24,STATION_A_05,165.49
城区,200.0,7.0,37.3,73.6,33,STATION_D_06,280.98
城区,1000.0,17.0,19.9,72.1,166,STATION_F_03,678.04
工业区,315.0,3.0,29.1,62.9,51,STATION_E_01,376.21
商业区,630.0,23.0,27.3,71.0,98,STATION_C_04,441.38
商业区,1250.0,1.0,12.5,83.0,212,STATION_C_05,827.98
城区,630.0,30.0,18.2,70.1,102,STATION_F_03,357.59
城区,400.0,26.0,6.5,51.7,75,STATION_B_04,360.4
城区,400.0,18.0,16.2,70.0,65,STATION_F_06,265.86
工业区,400.0,28.0,12.4,88.4,59,STATION_E_02,333.24
郊区,630.0,25.0,14.4,55.1,91,STATION_B_04,361.93
郊区,1250.0,5.0,11.3,68.3,207,STATION_C_04,844.05
郊区,800.0,23.0,15.4,65.7,123,STATION_F_04,511.46
城区,400.0,12.0,22.8,69.0,56,STATION_C_06,267.37
郊区,315.0,26.0,16.9,69.9,57,STATION_C_04,195.2
城区,1000.0,26.0,1.2,79.4,152,STATION_A_04,745.28
郊区,200.0,29.0,11.3,68.8,45,STATION_C_01,251.21
工业区,800.0,14.0,4.3,80.8,135,STATION_B_05,601.39
工业区,315.0,6.0,20.2,66.8,52,STATION_B_01,274.41
城区,630.0,4.0,22.5,64.5,97,STATION_A_01,326.56
工业区,800.0,5.0,20.3,61.3,139,STATION_C_03,593.96
工业区,400.0,30.0,10.9,49.8,67,STATION_D_04,281.8
城区,315.0,18.0,20.2,70.8,47,STATION_D_06,187.55
城区,800.0,11.0,13.8,88.5,135,STATION_B_05,498.31
郊区,400.0,14.0,7.8,72.6,53,STATION_A_06,283.43
城区,315.0,6.0,24.7,74.9,39,STATION_C_03,240.26
城区,400.0,18.0,25.4,63.9,58,STATION_A_04,226.88
城区,400.0,13.0,26.5,65.6,69,STATION_C_06,299.32
城区,630.0,24.0,12.5,77.8,105,STATION_B_03,418.7
郊区,200.0,1.0,28.6,88.1,42,STATION_F_05,254.83
郊区,400.0,28.0,13.6,82.9,59,STATION_E_04,279.45
城区,1000.0,2.0,23.9,76.1,171,STATION_F_02,644.98
工业区,200.0,13.0,13.4,68.4,32,STATION_E_04,178.26
城区,400.0,11.0,16.0,70.1,59,STATION_C_02,298.78
城区,630.0,22.0,-3.8,60.5,108,STATION_D_01,559.03
城区,1000.0,20.0,15.3,53.5,166,STATION_E_02,624.05
工业区,630.0,6.0,18.8,56.7,100,STATION_C_02,428.39
商业区,800.0,15.0,14.3,68.5,134,STATION_C_03,525.75
郊区,315.0,17.0,33.8,65.1,51,STATION_B_06,276.36
城区,400.0,14.0,7.5,53.3,65,STATION_E_03,263.19
城区,1000.0,1.0,12.9,67.6,163,STATION_A_06,639.97
城区,1000.0,6.0,9.9,64.8,156,STATION_E_04,706.68
工业区,630.0,16.0,12.9,56.3,106,STATION_D_01,462.17
城区,400.0,8.0,27.3,64.3,60,STATION_C_02,294.7
商业区,400.0,17.0,31.3,64.8,59,STATION_D_06,324.12
郊区,200.0,5.0,11.7,61.8,31,STATION_D_04,227.24
郊区,1000.0,23.0,11.5,77.3,173,STATION_E_06,687.97
工业区,800.0,6.0,7.6,49.0,135,STATION_A_02,647.72
城区,400.0,20.0,29.8,48.1,62,STATION_B_05,298.65
工业区,315.0,26.0,28.1,68.0,48,STATION_C_05,284.82
城区,315.0,11.0,17.0,69.0,58,STATION_C_06,217.38
工业区,200.0,5.0,5.4,72.0,14,STATION_E_01,182.98
郊区,630.0,1.0,6.2,62.6,111,STATION_F_06,477.19
城区,630.0,11.0,19.5,58.8,90,STATION_A_03,408.24
工业区,315.0,4.0,22.9,67.9,41,STATION_F_06,224.09
城区,630.0,27.0,-0.6,63.6,101,STATION_C_04,505.1
城区,1250.0,30.0,15.1,83.5,226,STATION_A_04,868.06
工业区,200.0,30.0,32.6,64.8,47,STATION_D_03,256.17
郊区,400.0,28.0,16.0,67.5,72,STATION_B_05,309.66
商业区,400.0,18.0,31.4,92.8,70,STATION_C_02,343.59
郊区,315.0,10.0,23.8,66.1,38,STATION_C_03,202.85
郊区,400.0,14.0,8.2,73.6,68,STATION_B_04,255.76
城区,630.0,8.0,15.4,74.5,101,STATION_F_05,397.89
城区,315.0,26.0,16.8,75.3,46,STATION_B_03,206.55
商业区,315.0,14.0,9.4,70.9,54,STATION_D_05,307.36
城区,1000.0,12.0,9.3,69.9,163,STATION_E_03,698.94
郊区,315.0,21.0,31.6,69.0,59,STATION_B_04,328.29
城区,630.0,12.0,9.2,62.2,90,STATION_A_05,389.13
城区,630.0,11.0,27.7,71.3,106,STATION_F_05,457.4
郊区,800.0,7.0,14.1,88.3,126,STATION_C_05,555.42
工业区,630.0,3.0,17.8,80.1,102,STATION_D_04,409.97
工业区,800.0,2.0,23.1,71.0,136,STATION_F_02,613.96
商业区,630.0,13.0,12.6,76.6,96,STATION_E_05,438.4
城区,400.0,30.0,23.1,59.3,68,STATION_D_01,296.04
郊区,400.0,8.0,-0.4,65.4,65,STATION_E_02,352.04
城区,400.0,20.0,22.0,77.5,61,STATION_F_05,238.31
工业区,400.0,10.0,-4.2,82.9,63,STATION_C_03,474.16
城区,200.0,10.0,16.0,60.3,32,STATION_A_03,155.76
郊区,400.0,5.0,25.7,63.2,61,STATION_A_06,300.32
城区,400.0,17.0,23.6,89.8,67,STATION_D_02,276.51
工业区,200.0,20.0,6.3,69.0,31,STATION_E_01,234.24
工业区,315.0,11.0,7.5,86.2,48,STATION_D_01,299.94
商业区,800.0,16.0,11.8,70.1,146,STATION_A_02,582.6
城区,630.0,15.0,19.7,70.5,108,STATION_B_05,439.03
商业区,800.0,9.0,-0.3,64.9,130,STATION_F_05,589.33
城区,400.0,21.0,17.9,77.4,68,STATION_E_04,213.8
城区,1000.0,17.0,20.8,81.6,158,STATION_C_02,639.53
城区,800.0,2.0,15.5,57.6,130,STATION_F_04,465.58
城区,200.0,15.0,22.7,64.5,31,STATION_D_01,141.39
郊区,1250.0,12.0,20.0,77.2,198,STATION_C_05,772.92
城区,200.0,24.0,13.1,66.7,36,STATION_C_04,176.55
郊区,630.0,10.0,0.6,63.1,101,STATION_E_01,557.38
工业区,800.0,29.0,19.2,78.1,130,STATION_F_05,491.86
工业区,315.0,19.0,9.4,79.0,48,STATION_C_05,351.83
工业区,630.0,4.0,12.8,63.5,129,STATION_A_02,510.91
郊区,400.0,13.0,22.3,70.1,61,STATION_A_04,280.13
城区,200.0,27.0,30.8,55.9,17,STATION_F_04,130.66
工业区,200.0,8.0,17.7,59.0,21,STATION_E_01,175.61
城区,200.0,22.0,23.0,69.2,39,STATION_F_02,169.34
城区,200.0,24.0,5.0,68.3,44,STATION_D_05,223.76
城区,630.0,21.0,20.2,58.3,100,STATION_F_06,346.68
工业区,400.0,3.0,17.5,60.8,77,STATION_D_04,319.51
郊区,400.0,12.0,29.1,57.3,73,STATION_C_04,358.67
工业区,630.0,11.0,13.1,72.6,103,STATION_E_04,459.61
城区,200.0,11.0,15.8,48.3,31,STATION_D_03,171.33
郊区,315.0,27.0,27.5,57.9,54,STATION_B_01,294.39
郊区,800.0,1.0,17.2,49.4,140,STATION_C_03,507.57
城区,1000.0,17.0,8.0,72.2,170,STATION_D_06,750.85
郊区,400.0,30.0,41.0,50.0,61,STATION_E_05,383.26
郊区,200.0,27.0,8.3,68.3,32,STATION_D_06,184.49
郊区,800.0,19.0,17.4,84.4,149,STATION_F_01,545.67
城区,1000.0,30.0,21.1,84.7,169,STATION_D_04,661.78
工业区,400.0,13.0,20.4,49.9,74,STATION_F_04,244.1
城区,315.0,19.0,16.3,71.0,57,STATION_A_02,213.73
城区,200.0,17.0,16.3,58.1,36,STATION_A_02,101.68
城区,630.0,2.0,15.9,56.1,106,STATION_A_05,464.39
郊区,1000.0,2.0,8.0,66.9,174,STATION_C_05,758.18
城区,630.0,27.0,37.4,80.3,111,STATION_F_04,554.46
工业区,315.0,6.0,16.0,74.0,55,STATION_C_02,250.15
城区,630.0,11.0,23.4,60.8,99,STATION_E_04,391.86
工业区,800.0,19.0,15.0,75.1,136,STATION_E_01,552.67
城区,400.0,18.0,14.8,45.6,66,STATION_A_01,330.88
郊区,800.0,16.0,13.9,60.5,131,STATION_E_04,508.73
工业区,400.0,30.0,4.1,59.8,88,STATION_B_02,347.93
郊区,315.0,24.0,16.6,68.8,40,STATION_D_06,216.1
城区,630.0,29.0,14.3,66.0,113,STATION_F_03,483.52
郊区,400.0,20.0,28.5,66.6,60,STATION_E_01,354.78
商业区,1250.0,30.0,7.2,66.3,209,STATION_F_01,893.05
商业区,400.0,19.0,12.8,68.2,87,STATION_C_05,360.55
城区,400.0,17.0,9.9,73.4,59,STATION_F_02,290.29
工业区,400.0,25.0,31.0,69.5,61,STATION_D_02,299.61
城区,400.0,27.0,10.2,65.2,67,STATION_A_03,302.94
城区,400.0,3.0,23.1,72.0,60,STATION_D_02,291.25
工业区,630.0,28.0,26.7,76.3,112,STATION_F_04,502.54
郊区,400.0,21.0,16.7,62.4,62,STATION_C_03,248.17
郊区,400.0,27.0,5.6,67.4,72,STATION_C_01,310.28
工业区,630.0,22.0,5.7,79.6,94,STATION_D_05,463.95
城区,200.0,28.0,25.7,57.0,19,STATION_C_03,201.44
工业区,630.0,9.0,6.7,86.0,103,STATION_F_04,561.33
郊区,400.0,6.0,21.5,54.6,54,STATION_B_01,251.52
城区,400.0,6.0,19.0,64.5,79,STATION_E_04,292.55
郊区,630.0,8.0,21.4,58.5,93,STATION_D_02,369.27
商业区,800.0,7.0,22.2,89.9,125,STATION_B_03,537.98
郊区,800.0,14.0,9.6,63.0,137,STATION_E_02,619.49
城区,400.0,6.0,9.2,63.0,62,STATION_D_06,252.72
工业区,315.0,5.0,24.4,64.3,40,STATION_B_02,269.12
商业区,630.0,16.0,12.3,69.0,121,STATION_B_06,481.87
商业区,630.0,24.0,-6.8,64.7,97,STATION_D_06,550.53
郊区,630.0,5.0,23.8,66.7,103,STATION_F_03,481.38
郊区,630.0,16.0,8.7,32.7,103,STATION_A_02,514.18
郊区,800.0,20.0,22.2,68.6,139,STATION_D_03,538.3
工业区,315.0,22.0,30.5,68.2,56,STATION_A_06,342.4
商业区,630.0,4.0,18.2,78.4,98,STATION_B_04,391.53
工业区,315.0,23.0,27.0,81.1,50,STATION_F_04,270.84
郊区,400.0,1.0,19.4,66.1,65,STATION_E_01,268.02
城区,630.0,8.0,32.3,76.2,111,STATION_E_06,518.44
郊区,400.0,10.0,8.4,57.0,57,STATION_F_01,300.41
城区,400.0,26.0,17.9,75.7,83,STATION_B_01,259.86
城区,1000.0,6.0,24.1,62.3,161,STATION_F_02,648.59
郊区,800.0,24.0,16.3,56.2,133,STATION_D_03,505.22
工业区,400.0,30.0,28.4,66.1,57,STATION_E_06,313.43
商业区,1250.0,29.0,14.1,82.0,198,STATION_B_05,809.01
工业区,400.0,10.0,36.6,69.8,60,STATION_B_02,406.14
商业区,800.0,3.0,37.1,83.0,126,STATION_A_03,639.39
工业区,315.0,7.0,20.5,60.5,49,STATION_D_05,223.17
工业区,315.0,24.0,23.0,78.5,45,STATION_F_04,238.98
城区,315.0,6.0,28.7,61.5,58,STATION_C_02,321.84
郊区,200.0,20.0,7.3,70.3,27,STATION_F_03,174.57
城区,400.0,12.0,6.2,70.2,60,STATION_E_04,313.7
城区,315.0,24.0,29.3,74.6,49,STATION_F_06,256.45
城区,630.0,19.0,20.5,70.5,113,STATION_E_04,465.29
工业区,315.0,18.0,16.0,60.6,54,STATION_A_01,290.55
工业区,200.0,24.0,18.1,76.8,33,STATION_D_05,200.7
商业区,1250.0,29.0,-3.5,85.3,197,STATION_E_02,904.1
商业区,630.0,11.0,16.3,62.2,96,STATION_D_06,368.03
商业区,1000.0,16.0,11.2,49.6,156,STATION_A_03,714.96
城区,400.0,19.0,26.3,73.0,77,STATION_F_02,349.79
商业区,200.0,25.0,27.0,64.7,38,STATION_B_03,176.5
工业区,630.0,15.0,23.2,66.7,98,STATION_E_02,501.71
商业区,630.0,12.0,21.6,73.6,100,STATION_E_02,397.13
城区,200.0,26.0,4.5,63.4,27,STATION_C_04,238.62
城区,1000.0,29.0,23.3,65.3,160,STATION_A_05,700.15
商业区,630.0,18.0,23.7,67.0,109,STATION_E_06,415.26
城区,630.0,4.0,29.2,82.7,103,STATION_B_03,481.95
郊区,400.0,9.0,37.1,68.3,83,STATION_F_01,423.77
郊区,630.0,14.0,2.8,55.6,115,STATION_C_03,589.75
城区,315.0,22.0,14.5,56.0,63,STATION_C_03,219.23
城区,1250.0,21.0,11.3,69.4,214,STATION_E_02,889.78
商业区,400.0,25.0,19.6,56.7,63,STATION_F_06,257.82
商业区,315.0,1.0,18.1,52.4,57,STATION_B_06,172.46
商业区,200.0,14.0,15.9,74.4,31,STATION_B_01,131.9
城区,630.0,22.0,27.2,74.8,118,STATION_C_05,481.07
城区,1250.0,30.0,8.1,64.3,212,STATION_F_04,830.43
郊区,1000.0,5.0,8.6,70.9,169,STATION_E_02,706.87
郊区,630.0,27.0,8.8,69.9,106,STATION_F_04,486.93
城区,1250.0,1.0,14.8,74.0,222,STATION_A_01,848.15
工业区,630.0,6.0,6.9,74.0,94,STATION_B_01,470.54
商业区,315.0,26.0,17.6,41.9,67,STATION_B_06,226.05
郊区,630.0,24.0,16.5,65.6,104,STATION_B_04,408.06
郊区,200.0,30.0,10.9,73.2,22,STATION_F_02,154.92
郊区,315.0,19.0,25.9,63.9,46,STATION_E_03,268.89
城区,400.0,19.0,17.5,68.4,53,STATION_B_06,239.86
城区,315.0,17.0,27.6,75.5,58,STATION_D_03,226.52
郊区,1250.0,16.0,16.2,68.8,200,STATION_E_06,773.93
郊区,1250.0,16.0,17.8,83.1,210,STATION_E_06,805.18
郊区,400.0,9.0,12.9,79.3,76,STATION_B_03,336.72
工业区,630.0,26.0,17.9,66.8,100,STATION_B_05,471.14
