台区编号,用电类型,日均负荷,夜间负荷率,峰谷差率,周末负荷率,报装容量kVA
TR_居000,居民型,260.1,0.637,0.579,0.919,400.0
TR_居001,居民型,276.4,0.546,0.487,0.933,1000.0
TR_居002,居民型,244.9,0.534,0.701,1.0,800.0
TR_居003,居民型,211.0,0.54,0.682,1.0,315.0
TR_居004,居民型,235.0,0.491,0.548,0.885,1250.0
TR_居005,居民型,205.5,0.616,0.634,1.0,315.0
TR_居006,居民型,263.3,0.517,0.607,1.0,630.0
TR_居007,居民型,333.7,0.547,0.397,1.0,400.0
TR_居008,居民型,232.9,0.502,0.598,0.961,1600.0
TR_居009,居民型,225.9,0.512,0.576,0.965,400.0
TR_居010,居民型,286.9,0.473,0.586,0.924,1600.0
TR_居011,居民型,279.6,0.625,0.505,1.0,1600.0
TR_居012,居民型,265.8,0.541,0.561,0.971,400.0
TR_居013,居民型,208.8,0.608,0.568,1.0,315.0
TR_居014,居民型,258.4,0.551,0.663,0.948,315.0
TR_居015,居民型,298.2,0.508,0.603,0.988,400.0
TR_居016,居民型,186.1,0.53,0.58,0.896,630.0
TR_居017,居民型,234.8,0.516,0.687,0.961,400.0
TR_居018,居民型,155.4,0.55,0.541,1.0,1600.0
TR_居019,居民型,189.1,0.527,0.553,0.917,800.0
TR_居020,居民型,158.7,0.532,0.453,1.0,1250.0
TR_居021,居民型,247.1,0.467,0.69,0.997,315.0
TR_居022,居民型,190.3,0.502,0.648,0.928,315.0
TR_居023,居民型,274.9,0.649,0.644,0.955,800.0
TR_居024,居民型,268.6,0.51,0.627,0.957,400.0
TR_居025,居民型,249.7,0.487,0.588,0.978,400.0
TR_居026,居民型,121.6,0.57,0.595,0.953,315.0
TR_居027,居民型,230.4,0.634,0.562,0.939,400.0
TR_居028,居民型,257.3,0.463,0.566,0.965,1250.0
TR_居029,居民型,266.2,0.537,0.584,0.929,1250.0
TR_居030,居民型,175.8,0.512,0.686,0.916,800.0
TR_居031,居民型,233.7,0.444,0.619,0.978,400.0
TR_居032,居民型,206.2,0.594,0.576,1.0,800.0
TR_居033,居民型,215.5,0.549,0.539,0.904,1000.0
TR_居034,居民型,318.3,0.554,0.536,0.98,400.0
TR_居035,居民型,215.6,0.505,0.692,0.948,630.0
TR_居036,居民型,258.2,0.577,0.615,0.931,1250.0
TR_居037,居民型,308.6,0.518,0.585,1.0,630.0
TR_居038,居民型,227.9,0.541,0.556,0.954,800.0
TR_居039,居民型,253.9,0.484,0.502,1.0,1250.0
TR_居040,居民型,266.1,0.477,0.575,0.941,1000.0
TR_居041,居民型,263.5,0.63,0.641,0.999,400.0
TR_居042,居民型,192.6,0.52,0.553,0.969,1000.0
TR_居043,居民型,264.2,0.568,0.564,0.942,1600.0
TR_居044,居民型,334.7,0.548,0.565,1.0,400.0
TR_居045,居民型,174.9,0.524,0.588,0.972,1600.0
TR_居046,居民型,307.3,0.52,0.468,1.0,1000.0
TR_居047,居民型,266.6,0.588,0.564,0.978,1000.0
TR_居048,居民型,224.7,0.532,0.52,0.926,630.0
TR_居049,居民型,370.0,0.541,0.642,0.975,315.0
TR_居050,居民型,301.9,0.551,0.526,0.983,315.0
TR_居051,居民型,194.0,0.621,0.62,1.0,1000.0
TR_居052,居民型,264.1,0.591,0.687,0.935,1600.0
TR_居053,居民型,291.7,0.573,0.558,0.978,1000.0
TR_居054,居民型,249.6,0.516,0.538,0.894,630.0
TR_居055,居民型,297.6,0.467,0.593,1.0,1250.0
TR_居056,居民型,256.3,0.607,0.58,0.926,1600.0
TR_居057,居民型,296.7,0.608,0.51,0.89,400.0
TR_居058,居民型,339.1,0.542,0.612,0.977,315.0
TR_居059,居民型,222.8,0.583,0.721,1.0,1600.0
TR_居060,居民型,271.2,0.597,0.562,0.904,315.0
TR_居061,居民型,234.5,0.6,0.566,0.926,1600.0
TR_居062,居民型,267.0,0.605,0.507,0.943,400.0
TR_居063,居民型,194.7,0.523,0.602,0.924,315.0
TR_居064,居民型,228.1,0.641,0.493,0.999,400.0
TR_居065,居民型,249.2,0.475,0.503,0.94,630.0
TR_居066,居民型,309.4,0.602,0.67,0.944,630.0
TR_居067,居民型,323.0,0.58,0.517,1.0,315.0
TR_居068,居民型,187.2,0.602,0.656,0.942,1250.0
TR_居069,居民型,216.3,0.663,0.687,1.0,1250.0
TR_居070,居民型,295.6,0.639,0.598,0.931,1000.0
TR_居071,居民型,150.4,0.481,0.619,0.919,1600.0
TR_居072,居民型,234.5,0.449,0.717,0.888,1600.0
TR_居073,居民型,254.6,0.599,0.566,1.0,1600.0
TR_居074,居民型,329.1,0.489,0.538,0.964,630.0
TR_居075,居民型,297.9,0.549,0.485,0.992,1000.0
TR_居076,居民型,242.0,0.6,0.583,0.978,1250.0
TR_居077,居民型,239.7,0.451,0.684,0.988,1000.0
TR_居078,居民型,246.2,0.423,0.647,0.982,1250.0
TR_居079,居民型,343.8,0.566,0.514,1.0,1000.0
TR_居080,居民型,236.5,0.553,0.52,0.928,630.0
TR_居081,居民型,243.3,0.535,0.545,0.902,800.0
TR_居082,居民型,279.4,0.552,0.6,0.929,400.0
TR_居083,居民型,253.4,0.498,0.566,0.913,1600.0
TR_居084,居民型,249.1,0.459,0.595,1.0,1600.0
TR_居085,居民型,198.7,0.54,0.601,1.0,1000.0
TR_居086,居民型,259.4,0.492,0.559,0.932,1250.0
TR_居087,居民型,235.6,0.451,0.577,0.91,630.0
TR_居088,居民型,324.1,0.58,0.594,0.962,630.0
TR_居089,居民型,295.9,0.546,0.574,1.0,800.0
TR_居090,居民型,258.7,0.574,0.615,0.839,400.0
TR_居091,居民型,296.8,0.491,0.711,1.0,315.0
TR_居092,居民型,241.3,0.511,0.621,0.926,630.0
TR_居093,居民型,317.9,0.49,0.584,1.0,1250.0
TR_居094,居民型,259.7,0.497,0.462,0.926,400.0
TR_居095,居民型,292.1,0.562,0.607,0.966,1000.0
TR_居096,居民型,189.0,0.503,0.444,0.905,1000.0
TR_居097,居民型,279.1,0.571,0.481,0.931,630.0
TR_居098,居民型,167.1,0.57,0.64,1.0,1250.0
TR_居099,居民型,148.1,0.672,0.629,1.0,1250.0
TR_居100,居民型,243.3,0.466,0.57,0.96,1600.0
TR_居101,居民型,210.5,0.603,0.46,0.936,1250.0
TR_居102,居民型,269.0,0.545,0.554,0.885,315.0
TR_居103,居民型,383.5,0.549,0.532,0.96,630.0
TR_居104,居民型,214.3,0.463,0.625,0.978,800.0
TR_居105,居民型,225.7,0.522,0.738,0.976,315.0
TR_居106,居民型,271.3,0.595,0.595,0.975,630.0
TR_居107,居民型,287.1,0.545,0.525,0.924,315.0
TR_居108,居民型,250.3,0.555,0.498,0.977,800.0
TR_居109,居民型,248.7,0.533,0.576,0.978,400.0
TR_居110,居民型,298.6,0.619,0.568,1.0,400.0
TR_居111,居民型,288.6,0.549,0.499,1.0,630.0
TR_居112,居民型,203.1,0.418,0.588,0.973,1600.0
TR_居113,居民型,255.6,0.508,0.499,0.942,800.0
TR_居114,居民型,261.9,0.432,0.658,0.977,800.0
TR_居115,居民型,202.0,0.355,0.654,0.95,1600.0
TR_居116,居民型,274.3,0.518,0.656,0.943,315.0
TR_居117,居民型,212.8,0.63,0.547,0.977,400.0
TR_居118,居民型,313.5,0.553,0.616,0.928,630.0
TR_居119,居民型,270.6,0.48,0.571,1.0,1600.0
TR_居120,居民型,264.9,0.494,0.553,0.975,1250.0
TR_居121,居民型,227.5,0.618,0.556,0.993,1000.0
TR_居122,居民型,253.5,0.559,0.489,0.971,630.0
TR_居123,居民型,150.1,0.553,0.479,0.944,1250.0
TR_居124,居民型,197.8,0.547,0.636,0.933,400.0
TR_居125,居民型,280.0,0.552,0.567,0.968,630.0
TR_居126,居民型,142.9,0.598,0.595,0.953,630.0
TR_居127,居民型,306.6,0.583,0.65,0.992,315.0
TR_居128,居民型,164.0,0.563,0.459,0.98,315.0
TR_居129,居民型,301.6,0.487,0.525,0.912,1250.0
TR_居130,居民型,213.5,0.581,0.592,0.983,1600.0
TR_居131,居民型,302.8,0.509,0.607,0.913,400.0
TR_居132,居民型,267.2,0.616,0.554,0.949,315.0
TR_居133,居民型,175.5,0.474,0.652,0.965,315.0
TR_居134,居民型,328.7,0.542,0.595,0.876,315.0
TR_商000,商业型,446.5,0.194,0.66,0.776,1250.0
TR_商001,商业型,328.3,0.236,0.711,0.696,800.0
TR_商002,商业型,491.5,0.303,0.772,0.665,630.0
TR_商003,商业型,596.3,0.188,0.769,0.659,1600.0
TR_商004,商业型,552.4,0.182,0.845,0.757,630.0
TR_商005,商业型,468.9,0.261,0.738,0.594,1250.0
TR_商006,商业型,518.7,0.225,0.658,0.643,315.0
TR_商007,商业型,584.3,0.234,0.705,0.678,800.0
TR_商008,商业型,285.4,0.175,0.695,0.695,400.0
TR_商009,商业型,509.4,0.296,0.677,0.624,630.0
TR_商010,商业型,566.2,0.285,0.776,0.668,1000.0
TR_商011,商业型,578.0,0.228,0.711,0.633,315.0
TR_商012,商业型,664.6,0.234,0.631,0.657,315.0
TR_商013,商业型,616.5,0.099,0.792,0.642,1000.0
TR_商014,商业型,546.6,0.232,0.743,0.582,1000.0
TR_商015,商业型,545.7,0.19,0.771,0.649,315.0
TR_商016,商业型,586.9,0.222,0.756,0.703,1600.0
TR_商017,商业型,474.2,0.234,0.788,0.592,800.0
TR_商018,商业型,516.6,0.183,0.752,0.636,1600.0
TR_商019,商业型,597.0,0.115,0.824,0.69,315.0
TR_商020,商业型,686.4,0.218,0.775,0.586,1600.0
TR_商021,商业型,506.5,0.163,0.774,0.661,1000.0
TR_商022,商业型,515.9,0.183,0.775,0.586,1250.0
TR_商023,商业型,536.9,0.17,0.663,0.718,1250.0
TR_商024,商业型,634.2,0.183,0.74,0.789,400.0
TR_商025,商业型,517.4,0.085,0.734,0.771,400.0
TR_商026,商业型,644.9,0.261,0.762,0.637,1600.0
TR_商027,商业型,437.8,0.213,0.668,0.694,800.0
TR_商028,商业型,504.2,0.256,0.848,0.657,400.0
TR_商029,商业型,503.2,0.299,0.756,0.656,1000.0
TR_商030,商业型,586.9,0.201,0.677,0.743,1600.0
TR_商031,商业型,608.8,0.11,0.647,0.571,400.0
TR_商032,商业型,391.7,0.155,0.733,0.713,1600.0
TR_商033,商业型,442.2,0.14,0.745,0.647,315.0
TR_商034,商业型,548.6,0.175,0.707,0.735,1000.0
TR_商035,商业型,464.0,0.204,0.756,0.661,630.0
TR_商036,商业型,390.6,0.1,0.712,0.61,800.0
TR_商037,商业型,608.3,0.217,0.783,0.667,1000.0
TR_商038,商业型,562.0,0.124,0.707,0.694,400.0
TR_商039,商业型,561.9,0.215,0.748,0.652,315.0
TR_商040,商业型,479.6,0.195,0.809,0.679,800.0
TR_商041,商业型,607.5,0.184,0.904,0.619,1600.0
TR_商042,商业型,499.6,0.196,0.69,0.522,630.0
TR_商043,商业型,613.2,0.173,0.722,0.704,800.0
TR_商044,商业型,442.5,0.169,0.7,0.692,315.0
TR_商045,商业型,447.4,0.116,0.797,0.659,630.0
TR_商046,商业型,537.4,0.199,0.681,0.654,315.0
TR_商047,商业型,460.3,0.292,0.721,0.712,315.0
TR_商048,商业型,577.4,0.299,0.748,0.623,1250.0
TR_商049,商业型,542.1,0.266,0.691,0.608,1600.0
TR_商050,商业型,441.5,0.235,0.693,0.639,1600.0
TR_商051,商业型,526.2,0.166,0.721,0.721,1250.0
TR_商052,商业型,490.1,0.272,0.624,0.567,315.0
TR_商053,商业型,597.8,0.197,0.663,0.722,1600.0
TR_商054,商业型,466.2,0.197,0.725,0.612,315.0
TR_商055,商业型,482.7,0.185,0.759,0.584,400.0
TR_商056,商业型,623.0,0.205,0.739,0.726,400.0
TR_商057,商业型,710.3,0.178,0.644,0.644,1250.0
TR_商058,商业型,689.9,0.196,0.722,0.572,315.0
TR_商059,商业型,525.4,0.146,0.798,0.628,1600.0
TR_商060,商业型,538.6,0.181,0.783,0.706,400.0
TR_商061,商业型,650.3,0.314,0.745,0.722,1600.0
TR_商062,商业型,509.4,0.197,0.697,0.624,1000.0
TR_商063,商业型,437.0,0.188,0.788,0.674,400.0
TR_商064,商业型,529.9,0.227,0.715,0.693,630.0
TR_商065,商业型,558.4,0.235,0.68,0.611,315.0
TR_商066,商业型,449.5,0.144,0.702,0.671,800.0
TR_商067,商业型,380.1,0.19,0.837,0.648,1000.0
TR_商068,商业型,397.9,0.246,0.763,0.618,400.0
TR_商069,商业型,576.6,0.213,0.82,0.62,1600.0
TR_商070,商业型,455.5,0.206,0.721,0.654,1000.0
TR_商071,商业型,508.0,0.278,0.806,0.652,630.0
TR_商072,商业型,538.1,0.166,0.714,0.616,630.0
TR_商073,商业型,572.6,0.204,0.741,0.624,1250.0
TR_商074,商业型,491.5,0.174,0.899,0.717,630.0
TR_商075,商业型,562.4,0.275,0.796,0.663,1600.0
TR_商076,商业型,444.3,0.102,0.72,0.703,800.0
TR_商077,商业型,489.3,0.166,0.745,0.722,1000.0
TR_商078,商业型,432.9,0.174,0.77,0.685,1600.0
TR_商079,商业型,616.2,0.233,0.823,0.786,1600.0
TR_商080,商业型,517.7,0.23,0.721,0.6,400.0
TR_商081,商业型,457.2,0.27,0.646,0.699,800.0
TR_商082,商业型,490.0,0.121,0.733,0.631,1250.0
TR_商083,商业型,501.2,0.238,0.751,0.761,630.0
TR_商084,商业型,579.5,0.185,0.757,0.752,630.0
TR_商085,商业型,384.4,0.167,0.829,0.533,1000.0
TR_商086,商业型,431.8,0.227,0.769,0.592,1600.0
TR_商087,商业型,487.9,0.154,0.799,0.69,800.0
TR_商088,商业型,735.2,0.096,0.684,0.697,630.0
TR_商089,商业型,601.2,0.181,0.802,0.694,1250.0
TR_工000,工业型,905.4,0.807,0.302,0.789,800.0
TR_工001,工业型,868.5,0.643,0.225,0.845,315.0
TR_工002,工业型,701.1,0.75,0.209,0.863,1000.0
TR_工003,工业型,875.2,0.714,0.168,0.835,630.0
TR_工004,工业型,656.0,0.757,0.204,0.886,630.0
TR_工005,工业型,940.9,0.761,0.277,0.836,1000.0
TR_工006,工业型,820.1,0.704,0.252,0.813,1000.0
TR_工007,工业型,821.3,0.718,0.199,0.908,315.0
TR_工008,工业型,875.9,0.79,0.231,0.877,800.0
TR_工009,工业型,930.0,0.767,0.252,0.859,630.0
TR_工010,工业型,742.5,0.716,0.275,0.887,800.0
TR_工011,工业型,707.7,0.852,0.22,0.893,1000.0
TR_工012,工业型,782.7,0.865,0.237,0.864,315.0
TR_工013,工业型,675.4,0.677,0.159,0.752,315.0
TR_工014,工业型,793.6,0.765,0.192,0.823,800.0
TR_工015,工业型,1075.0,0.875,0.331,0.832,1250.0
TR_工016,工业型,783.8,0.789,0.141,0.811,400.0
TR_工017,工业型,971.7,0.761,0.233,0.858,315.0
TR_工018,工业型,749.1,0.74,0.261,0.898,630.0
TR_工019,工业型,932.9,0.723,0.231,0.831,400.0
TR_工020,工业型,864.8,0.739,0.21,0.805,315.0
TR_工021,工业型,893.4,0.722,0.247,0.931,1600.0
TR_工022,工业型,962.6,0.787,0.25,0.832,1000.0
TR_工023,工业型,1093.2,0.73,0.246,0.801,1250.0
TR_工024,工业型,921.4,0.728,0.156,0.86,1600.0
TR_工025,工业型,913.7,0.69,0.243,0.867,1000.0
TR_工026,工业型,792.9,0.748,0.207,0.822,630.0
TR_工027,工业型,964.2,0.705,0.223,0.882,315.0
TR_工028,工业型,872.9,0.741,0.261,0.831,315.0
TR_工029,工业型,991.5,0.802,0.282,0.813,630.0
TR_工030,工业型,895.2,0.768,0.295,0.857,1000.0
TR_工031,工业型,1091.5,0.775,0.225,0.881,1000.0
TR_工032,工业型,681.9,0.768,0.296,0.825,315.0
TR_工033,工业型,867.4,0.753,0.309,0.863,400.0
TR_工034,工业型,997.0,0.744,0.307,0.846,1600.0
TR_工035,工业型,861.4,0.735,0.319,0.963,630.0
TR_工036,工业型,812.9,0.788,0.243,0.822,315.0
TR_工037,工业型,870.8,0.696,0.241,0.905,400.0
TR_工038,工业型,748.2,0.817,0.291,0.848,630.0
TR_工039,工业型,913.1,0.752,0.182,0.845,800.0
TR_工040,工业型,1168.5,0.713,0.26,0.879,800.0
TR_工041,工业型,1026.0,0.726,0.223,0.886,315.0
TR_工042,工业型,778.0,0.716,0.232,0.901,315.0
TR_工043,工业型,803.9,0.758,0.163,0.863,400.0
TR_工044,工业型,855.5,0.714,0.205,0.826,630.0
TR_工045,工业型,1010.5,0.807,0.249,0.828,1600.0
TR_工046,工业型,809.6,0.711,0.294,0.87,400.0
TR_工047,工业型,824.1,0.636,0.3,0.873,630.0
TR_工048,工业型,997.3,0.713,0.246,0.906,1000.0
TR_工049,工业型,995.1,0.65,0.241,0.867,630.0
TR_工050,工业型,858.9,0.748,0.208,0.892,1600.0
TR_工051,工业型,777.0,0.803,0.27,0.911,800.0
TR_工052,工业型,729.5,0.782,0.238,0.857,630.0
TR_工053,工业型,823.1,0.683,0.28,0.791,1250.0
TR_工054,工业型,654.6,0.712,0.338,0.803,1250.0
TR_工055,工业型,982.5,0.839,0.248,0.792,1000.0
TR_工056,工业型,830.7,0.766,0.175,0.914,315.0
TR_工057,工业型,952.9,0.75,0.207,0.816,630.0
TR_工058,工业型,1105.5,0.803,0.177,0.899,1000.0
TR_工059,工业型,1029.0,0.873,0.19,0.873,630.0
TR_工060,工业型,773.4,0.815,0.315,0.919,800.0
TR_工061,工业型,995.6,0.757,0.261,0.89,400.0
TR_工062,工业型,1027.4,0.768,0.174,0.846,630.0
TR_工063,工业型,817.9,0.781,0.283,0.842,800.0
TR_工064,工业型,795.1,0.719,0.313,0.853,1250.0
TR_工065,工业型,887.9,0.697,0.232,0.857,630.0
TR_工066,工业型,723.8,0.753,0.216,0.829,1250.0
TR_工067,工业型,1061.8,0.703,0.233,0.849,1600.0
TR_工068,工业型,635.4,0.747,0.264,0.914,315.0
TR_工069,工业型,778.3,0.755,0.282,0.782,1600.0
TR_工070,工业型,870.3,0.867,0.309,0.86,630.0
TR_工071,工业型,875.0,0.707,0.311,0.814,315.0
TR_工072,工业型,918.3,0.744,0.309,0.857,1250.0
TR_工073,工业型,929.9,0.742,0.318,0.884,315.0
TR_工074,工业型,876.5,0.772,0.283,0.848,1600.0
