记录ID,设备编号,缺陷类型,缺陷等级,发现日期,处理状态,处理时长_小时,负荷值_kW
REC-0052,DEV_0124,放电痕迹,轻微,05/16/2025,在办,23.3,503.5
REC-0406,DEV_0268,异物,一般,2025-07-15,在办,10.4,72.7
REC-0722,DEV_0161,破损,较重,2025-08-03,已处理,13.1,814.9
REC-0486,DEV_0157,异物,一般 ,2025/05/19,已处理 ,37.3,571.20
REC-1178,DEV_0042,破损,一般,2025/06/02,未处理,31.1,109.7
REC-0209,DEV_0001,异物,轻微,09/22/2025,处理中,27.2,50.2
REC-0222,DEV_0299,锈蚀,紧急,12/31/2025,已处理 ,17.8,508.0
REC-0678,DEV_0269,异物,一般,06/23/2025,处理完成,5.9,48.2
REC-1232,DEV_0157,破损,严重,10/09/2025,处理完成,33.5,93.3
REC-0079,DEV_0003,放电痕迹,一般 ,2025/08/04,已处理 ,20.6,—
REC-1063,DEV_0010,锈蚀,轻微,2025-10-04,处理中,25.6,62.9
REC-0552,DEV_0267,锈蚀,严重,03/04/2025,处理完成,21.6,86.4
REC-0244,DEV_0130,放电痕迹,一般,2025/07/09,在办,9.0,46.2
REC-1047,DEV_0173,发热,一般,2025-01-02,处理中,24.1,267.3
REC-1279,DEV_0024,锈蚀,一般,2025-04-01,已处理 ,9999.0,74.4
REC-0732,DEV_0145,异物,轻微,2025-07-11,未处理 ,32.3,27.2
REC-0045,DEV_0263,发热,危急,2025-09-10,已处理,45.8,846.3
REC-0310,DEV_0205,放电痕迹,一般,2025/10/14,在办,24.2,42.7
REC-0824,DEV_0180,异物,一般 ,2025/06/29,处理完成,6.3,119.0
REC-0428,DEV_0176,破损,一般,05/04/2025,未处理,22.1,103.6
REC-0050,DEV_0294,锈蚀,一般 ,2025/06/30,处理完成,,79.4
REC-0737,DEV_0112,放电痕迹,一般,2025年5月27日,已处理,21.2,61.0
REC-0077,DEV_0198,放电痕迹,一般,2025-03-10,处理完成,27.8,62.9
REC-0554,DEV_0119,异物,一般,10/15/2025,已处理 ,11.6,227.9
REC-0745,DEV_0115,渗漏油,一般,2025年10月10日,处理中,18.1,83.1
REC-0922,DEV_0286,放电痕迹,一般 ,2025年9月12日,处理中,20.6,40.8
REC-0619,DEV_0041,发热,一般,2025年4月21日,处理完成,13.1,32.9
REC-0495,DEV_0049,放电痕迹,一般 ,2025-05-27,已处理,8.0,119.9
REC-0433,DEV_0028,异物,一般 ,2025/12/31,在办,23.7,174.1
REC-0064,DEV_0247,锈蚀,紧急,2025-09-10,处理完成,9.9,818.5
REC-1128,DEV_0051,锈蚀,严重,03/29/2025,处理完成,15.4,56.9
REC-1002,DEV_0003,异物,一般 ,03/21/2025,处理中,24.5,45.2
REC-0262,DEV_0094,发热,较重,2025-03-06,未处理 ,23.0,86.0
REC-0775,DEV_0168,发热,一般,2025-03-07,处理完成,48.3,47.9
REC-0814,DEV_0277,破损,一般,2025年3月13日,已处理 ,8.5,29.0
REC-0550,DEV_0216,放电痕迹,一般,11/18/2025,未处理,7.5,66.9
REC-1170,DEV_0053,渗漏油,一般,2025/08/26,已处理,23.8,155.7
REC-1123,DEV_0102,渗漏油,一般,2025-03-09,在办,14.8,97.7
REC-1149,DEV_0061,放电痕迹,较重,01/03/2025,已处理 ,11.1,471.2
REC-0875,DEV_0209,破损,轻微,2025-08-11,处理中,,150.9
REC-0514,DEV_0221,破损,危急,2025/05/22,未处理 ,27.6,448.4
REC-0530,DEV_0032,异物,轻微,12/28/2025,未处理 ,61.7,124.7
REC-0527,DEV_0285,锈蚀,一般,2025-05-24,已处理 ,4.4,80.7
REC-1031,DEV_0190,破损,严重,2025/01/30,处理完成,27.0,596.9
REC-1062,DEV_0300,破损,轻微,2025-09-16,处理中,30.7,19.10 kW
REC-1066,DEV_0029,渗漏油,危急,2025/07/19,处理中,25.8,34.4
REC-0543,DEV_0137,渗漏油,一般 ,2025-03-18,已处理 ,11.2,72.6
REC-0434,DEV_0265,发热,轻微,09/17/2025,处理完成,29.0,124.9
REC-0579,DEV_0093,发热,严重,02/15/2025,已处理,49.8,97.2
REC-0868,DEV_0273,渗漏油,严重,06/22/2025,已处理 ,9.2,579.5
REC-1298,DEV_0267,破损,严重,2025/11/23,在办,,145.1
REC-0412,DEV_0044,异物,一般 ,10/01/2025,处理中,11.7,82.4
REC-0278,DEV_0119,异物,一般,2025年3月25日,已处理,10.1,178.9
REC-1030,DEV_0295,放电痕迹,较重,2025/02/09,已处理,26.0,58.6
REC-0568,DEV_0141,放电痕迹,轻微,02/20/2025,处理中,30.4,92.4
REC-0219,DEV_0259,破损,一般,2025-04-03,未处理 ,21.1,35.3
REC-0454,DEV_0179,异物,一般,12/10/2025,处理中,24.3,180.1
REC-0245,DEV_0042,锈蚀,严重,2025年12月29日,处理完成,28.0,148.4
REC-0889,DEV_0092,破损,一般,05/12/2025,处理中,10.3,36.8
REC-0378,DEV_0240,渗漏油,较重,2025/12/04,已处理,28.6,60.6
REC-1272,DEV_0030,异物,一般,07/18/2025,已处理,19.0,174.3
REC-0953,DEV_0257,破损,轻微,07/08/2025,已处理,7.5,395.6
REC-0414,DEV_0208,渗漏油,紧急,2025/07/28,处理中,21.8,811.7
REC-0905,DEV_0262,破损,一般 ,2025-08-05,在办,15.4,95.6
REC-0197,DEV_0186,放电痕迹,一般,02/09/2025,处理中,25.4,53.4
REC-0623,DEV_0091,异物,危急,2025-04-04,已处理,15.2,95.7
REC-0768,DEV_0141,异物,危急,03/22/2025,未处理 ,30.9,76.9
REC-0399,DEV_0254,发热,危急,05/23/2025,处理完成,21.3,177.9
REC-0410,DEV_0038,异物,较重,03/24/2025,在办,15.7,250.2
REC-1290,DEV_0108,发热,一般 ,07/26/2025,处理完成,20.8,68.7
REC-0865,DEV_0177,发热,一般,2025年8月2日,已处理 ,4.6,32.8
REC-0066,DEV_0012,锈蚀,一般 ,2025/12/22,处理中,14.1,56.4
REC-0597,DEV_0293,异物,一般,12/04/2025,已处理,27.1,34.7
REC-0632,DEV_0286,异物,较重,06/18/2025,未处理,17.6,25.4
REC-1050,DEV_0128,破损,严重,2025/04/20,已处理,4.7,492.4
REC-0059,DEV_0163,锈蚀,一般,10/07/2025,未处理,14.6,81.0
REC-0891,DEV_0267,锈蚀,轻微,2025-11-20,未处理 ,38.8,83.2
REC-0724,DEV_0131,发热,一般 ,07/16/2025,处理完成,20.6,32.5
REC-0024,DEV_0197,渗漏油,较重,09/15/2025,已处理 ,9.9,105.6
REC-0044,DEV_0147,锈蚀,轻微,2025/06/16,未处理 ,5.4,59.4
REC-0221,DEV_0285,放电痕迹,一般,03/11/2025,处理完成,59.9,96.2
REC-0846,DEV_0298,发热,较重,08/01/2025,已处理,44.8,382.9
REC-1099,DEV_0067,锈蚀,一般,2025/10/28,未处理,26.3,88.0
REC-1086,DEV_0250,渗漏油,一般 ,2025/03/31,处理完成,34.5,41.3
REC-0549,DEV_0242,发热,一般 ,2025-05-23,处理中,19.0,37.7
REC-1094,DEV_0225,放电痕迹,轻微,2025-03-08,未处理 ,3.1,45.2
REC-0997,DEV_0088,异物,一般 ,2025/07/08,已处理,25.5,74.9
REC-1019,DEV_0086,渗漏油,一般,07/29/2025,处理完成,29.7,62.8
REC-0874,DEV_0103,异物,较重,09/03/2025,处理中,26.2,456.1
REC-0618,DEV_0076,放电痕迹,轻微,2025年5月18日,处理完成,5.1,45.7
REC-0494,DEV_0119,渗漏油,较重,2025/03/29,在办,23.5,193.6
REC-0590,DEV_0227,渗漏油,一般 ,2025-10-05,未处理,10.8,40.1
REC-0705,DEV_0100,发热,严重,2025年4月16日,已处理 ,14.9,475.8
REC-1297,DEV_0241,异物,严重,2025年4月18日,已处理,18.8,152.1
REC-1117,DEV_0027,锈蚀,一般,2025-01-25,处理完成,58.2,139.8
REC-1107,DEV_0098,发热,一般,09/24/2025,处理完成,17.6,67.5
REC-0465,DEV_0158,破损,轻微,2025/08/25,未处理,6.9,146.9
REC-0345,DEV_0070,锈蚀,较重,2025-01-21,在办,8.7,652.2
REC-0573,DEV_0109,发热,一般 ,2025-01-25,已处理,10.8,81.9
REC-0858,DEV_0222,锈蚀,轻微,03/31/2025,已处理 ,32.9,30.3
REC-0102,DEV_0121,锈蚀,较重,05/03/2025,已处理,21.0,869.5
REC-0987,DEV_0092,渗漏油,一般,2025-01-21,已处理 ,32.7,38.7
REC-0766,DEV_0223,异物,较重,2025/10/16,已处理,11.0,596.2
REC-0266,DEV_0034,锈蚀,轻微,2025年2月15日,处理完成,26.3,290.2
REC-0033,DEV_0292,破损,一般 ,2025-08-08,已处理,12.4,40.1
REC-0199,DEV_0008,渗漏油,轻微,07/23/2025,未处理,32.2,38.7
REC-0753,DEV_0022,渗漏油,一般 ,2025/11/30,已处理,,64.1
REC-1003,DEV_0012,发热,一般,2025年5月10日,已处理,12.0,60.2
REC-0082,DEV_0222,异物,一般,02/19/2025,未处理,29.3,57.0
REC-1225,DEV_0105,发热,紧急,2025/08/07,已处理,9.7,687.2
REC-0991,DEV_0109,破损,严重,2025/10/06,处理完成,49.1,81.2
REC-0276,DEV_0091,破损,紧急,2025-07-12,已处理 ,17.5,94.6
REC-0323,DEV_0058,锈蚀,轻微,2025-04-13,未处理 ,14.7,N/A
REC-0611,DEV_0074,渗漏油,紧急,2025/08/27,处理中,14.2,406.5
REC-1220,DEV_0126,发热,严重,2025/10/25,已处理,17.0,535.1
REC-0811,DEV_0150,异物,一般 ,2025-06-20,处理完成,25.9,358.0
REC-0116,DEV_0090,破损,轻微,2025/01/09,处理中,18.5,55.4
REC-0856,DEV_0110,放电痕迹,轻微,2025-04-20,已处理,5.0,56.8
REC-1222,DEV_0228,发热,严重,07/03/2025,处理完成,4.8,68.8
REC-1187,DEV_0286,放电痕迹,轻微,2025/06/10,处理完成,7.8,39.7
REC-0240,DEV_0287,放电痕迹,严重,2025/05/02,未处理,15.4,465.5
REC-1260,DEV_0018,发热,一般 ,2025-03-21,处理完成,4.7,212.0
REC-0383,DEV_0155,锈蚀,一般,2025-12-08,未处理 ,70.8,65.6
REC-0946,DEV_0134,发热,一般 ,2025-04-27,在办,8.1,36.5
REC-0193,DEV_0296,破损,较重,2025-03-04,在办,24.0,48.3
REC-1058,DEV_0196,放电痕迹,一般 ,07/05/2025,已处理 ,15.8,132.6
REC-0876,DEV_0123,异物,一般 ,10/29/2025,已处理,11.6,102.6
REC-1075,DEV_0054,渗漏油,严重,2025/08/05,处理完成,5.0,118.1
REC-9002,DEV_0027,渗漏油,较重,08/27/2025,已处理 ,23.7,
REC-0340,DEV_0187,异物,严重,02/21/2025,已处理,34.0,469.4
REC-0297,DEV_0166,渗漏油,一般,2025年1月29日,已处理 ,14.2,45.9
REC-0529,DEV_0134,发热,一般,10/04/2025,未处理,2.9,51.9
REC-0448,DEV_0200,发热,轻微,2025年8月8日,未处理 ,19.8,44.1
REC-0592,DEV_0265,锈蚀,轻微,2025/09/29,已处理 ,8.9,52.6
REC-0600,DEV_0157,异物,一般 ,2025年1月31日,处理完成,2.7,44.9
REC-0307,DEV_0275,破损,一般,2025-06-28,未处理 ,30.2,31.6
REC-0627,DEV_0032,渗漏油,轻微,2025-06-23,处理完成,7.3,152.7
REC-1292,DEV_0080,放电痕迹,较重,2025/03/04,已处理,24.0,116.4
REC-1132,DEV_0259,异物,轻微,04/26/2025,已处理,22.6,34.3
REC-0544,DEV_0007,锈蚀,较重,07/31/2025,已处理 ,38.1,339.6
REC-0423,DEV_0278,放电痕迹,轻微,07/04/2025,处理中,22.5,27.5
REC-0313,DEV_0224,放电痕迹,一般,2025-08-11,处理中,17.8,62.9
REC-0639,DEV_0067,发热,一般 ,2025-12-08,已处理,,55.2
REC-0087,DEV_0273,破损,较重,2025-05-28,处理完成,-1.0,527.8
REC-0124,DEV_0266,异物,轻微,2025-02-22,未处理 ,7.9,54.1
REC-0353,DEV_0160,破损,一般 ,2025/04/10,处理完成,17.4,32.5
REC-0292,DEV_0147,渗漏油,一般 ,10/19/2025,已处理 ,33.1,69.0
REC-0606,DEV_0014,异物,一般 ,2025-05-05,处理完成,19.8,167.3
REC-1300,DEV_0279,渗漏油,一般 ,12/09/2025,处理完成,37.7,75.2
REC-0582,DEV_0102,渗漏油,轻微,08/06/2025,处理中,18.7,41.1
REC-0287,DEV_0049,发热,紧急,01/13/2025,在办,19.7,76.8
REC-0949,DEV_0255,锈蚀,紧急,03/20/2025,处理完成,31.4,259.1
REC-0129,DEV_0203,放电痕迹,一般,2025/11/18,未处理,24.3,67.8
REC-0430,DEV_0039,异物,轻微,2025/10/16,处理完成,43.9,54.0
REC-0176,DEV_0288,异物,严重,2025-03-09,已处理 ,15.2,402.4
REC-0185,DEV_0116,放电痕迹,一般,2025年11月28日,处理中,26.0,52.9
REC-1269,DEV_0009,异物,一般 ,2025/10/04,已处理 ,23.0,95.6
REC-0491,DEV_0232,锈蚀,严重,2025-02-24,已处理 ,35.0,192.3
REC-1133,DEV_0081,锈蚀,一般,2025-03-11,已处理 ,24.9,42.8
REC-1032,DEV_0021,破损,一般 ,2025-06-06,处理完成,33.5,50.4
REC-1038,DEV_0082,异物,严重,2025/02/09,未处理,8.4,507.8
REC-1169,DEV_0049,破损,一般,2025-09-01,已处理,31.1,58.6
REC-0772,DEV_0277,锈蚀,一般 ,2025/09/03,已处理 ,22.4,55.3
REC-0030,DEV_0087,放电痕迹,轻微,2025/10/30,已处理,36.9,51.7
REC-1288,DEV_0017,破损,轻微,2025/09/13,已处理,8.5,193.0
REC-0701,DEV_0161,放电痕迹,较重,2025-03-23,已处理 ,29.0,725.7
REC-1054,DEV_0151,破损,较重,2025-11-14,处理完成,16.3,84.8
REC-0032,DEV_0221,破损,紧急,2025-12-17,在办,23.1,530.0
REC-0332,DEV_0003,锈蚀,一般,2025/11/18,未处理 ,1.1,42.1
REC-0290,DEV_0153,放电痕迹,严重,03/25/2025,已处理,22.5,570.4
REC-0614,DEV_0149,放电痕迹,一般,2025/12/06,处理中,,278.5
REC-0804,DEV_0138,锈蚀,严重,2025-04-12,处理完成,31.2,149.6
REC-0071,DEV_0111,放电痕迹,一般 ,05/23/2025,处理中,41.1,
REC-0853,DEV_0109,发热,一般 ,03/29/2025,在办,425.2,78.6
REC-0260,DEV_0155,破损,一般 ,01/15/2025,处理中,18.7,31.9
REC-0925,DEV_0224,破损,轻微,2025-05-18,已处理,4.1,49.2
REC-0866,DEV_0153,渗漏油,严重,2025-03-04,未处理 ,28.6,402.5
REC-0395,DEV_0211,渗漏油,严重,2025-01-13,处理中,,489.3
REC-0926,DEV_0077,放电痕迹,危急,2025/07/20,未处理,5.5,85.4
REC-0797,DEV_0166,放电痕迹,轻微,2025年6月4日,在办,22.0,31.6
REC-1175,DEV_0210,异物,轻微,05/30/2025,已处理 ,32.6,123.3
REC-0366,DEV_0137,发热,一般 ,2025/12/02,已处理,6.5,49.6
REC-0567,DEV_0152,锈蚀,严重,2025-05-21,已处理 ,24.2,652.2
REC-0049,DEV_0098,放电痕迹,一般 ,02/03/2025,在办,7.3,75.0
REC-0114,DEV_0257,破损,轻微,2025/05/01,在办,15.5,115.4
REC-0156,DEV_0150,破损,危急,07/30/2025,已处理,56.7,680.3
REC-0539,DEV_0001,渗漏油,轻微,2025年6月29日,已处理,48.5,37.4
REC-1082,DEV_0107,放电痕迹,严重,01/28/2025,处理完成,20.0,674.2
REC-0391,DEV_0221,异物,较重,04/04/2025,已处理 ,5.6,476.5
REC-0248,DEV_0288,发热,较重,2025/10/26,已处理,6.4,424.5
REC-0630,DEV_0295,发热,轻微,2025/01/26,已处理 ,18.0,29.6
REC-0375,DEV_0045,发热,一般 ,2025/05/02,未处理 ,5.7,34.2
REC-0313,DEV_0224,放电痕迹,一般,2025-08-11,处理中,17.8,62.9
REC-0817,DEV_0125,异物,一般,11/08/2025,在办,39.0,64.9
REC-0211,DEV_0019,放电痕迹,较重,08/08/2025,在办,6.6,547.1
REC-0426,DEV_0298,异物,较重,11/07/2025,处理中,35.0,491.2
REC-0901,DEV_0274,发热,较重,2025-07-17,在办,14.0,596.4
REC-0580,DEV_0206,发热,一般 ,2025/02/25,处理完成,13.4,41.4
REC-0108,DEV_0072,锈蚀,轻微,12/06/2025,在办,8.3,38.5
REC-0504,DEV_0060,锈蚀,危急,2025/08/22,处理中,44.5,155.2
REC-0829,DEV_0158,锈蚀,轻微,08/10/2025,在办,18.8,307.8
REC-1188,DEV_0293,发热,一般 ,2025-02-03,处理中,19.6,78.90 kW
REC-1055,DEV_0089,渗漏油,一般,2025/08/14,已处理,10.9,35.8
REC-0719,DEV_0136,放电痕迹,轻微,2025-05-29,在办,22.9,35.3
REC-1247,DEV_0233,渗漏油,轻微,2025年11月17日,已处理 ,28.6,42.2
REC-1211,DEV_0160,异物,一般,2025/07/31,已处理 ,29.5,46.3
REC-0436,DEV_0161,放电痕迹,严重,2025/05/02,在办,45.7,428.1
REC-0963,DEV_0121,渗漏油,危急,2025/09/29,已处理 ,19.6,595.0
REC-0411,DEV_0233,渗漏油,紧急,2025年7月27日,处理完成,8.5,63.3
REC-0362,DEV_0077,渗漏油,一般 ,2025年8月19日,处理完成,24.5,42.1
REC-1073,DEV_0090,渗漏油,一般 ,2025年12月3日,已处理,20.2,54.7
REC-0907,DEV_0230,放电痕迹,严重,2025-02-25,处理完成,42.9,607.4
REC-0349,DEV_0149,发热,较重,2025-03-31,已处理 ,,143.2
REC-0169,DEV_0289,破损,严重,2025年10月21日,已处理 ,37.5,475.8
REC-0984,DEV_0194,发热,轻微,2025-07-18,在办,9.4,90.4
REC-0808,DEV_0046,发热,轻微,03/22/2025,处理完成,30.1,144.3
REC-0232,DEV_0056,异物,轻微,2025-03-14,已处理,31.1,65.1
REC-1271,DEV_0268,渗漏油,一般 ,11/11/2025,已处理 ,12.3,87.5
REC-0483,DEV_0011,异物,较重,2025-11-02,处理中,26.8,79.0
REC-1221,DEV_0078,放电痕迹,危急,2025-02-16,已处理,32.2,485.8
REC-1273,DEV_0125,发热,一般,2025/02/04,处理完成,14.7,46.4
REC-1162,DEV_0226,发热,严重,03/02/2025,处理完成,51.9,262.7
REC-0175,DEV_0267,锈蚀,危急,2025-02-11,已处理 ,6.9,98.9
REC-0873,DEV_0121,放电痕迹,严重,02/05/2025,处理完成,33.5,506.3
REC-0317,DEV_0145,破损,一般 ,02/28/2025,已处理,24.6,52.6
REC-0368,DEV_0182,锈蚀,一般,2025年8月3日,已处理,23.0,43.1
REC-1011,DEV_0210,渗漏油,轻微,2025/04/04,未处理 ,28.5,66.1
REC-0055,DEV_0195,发热,一般 ,2025-10-11,已处理 ,18.0,72.0
REC-0234,DEV_0169,破损,危急,2025-02-28,在办,18.1,795.1
REC-1004,DEV_0101,渗漏油,一般,2025年10月2日,已处理,16.3,58.4
REC-0255,DEV_0172,渗漏油,一般 ,2025-01-08,已处理,19.3,60.4
REC-0057,DEV_0067,异物,一般,2025-12-02,已处理,23.4,92.3
REC-0760,DEV_0057,发热,一般 ,2025/09/21,已处理 ,34.6,72.4
REC-0721,DEV_0118,破损,一般,2025/01/13,已处理 ,9.2,41.1
REC-0164,DEV_0061,发热,紧急,2025/09/04,处理完成,43.7,546.5
REC-0110,DEV_0256,放电痕迹,一般,03/10/2025,未处理,21.5,58.1
REC-1196,DEV_0197,异物,轻微,08/05/2025,在办,28.8,77.5
REC-1076,DEV_0128,渗漏油,严重,04/04/2025,已处理 ,8.5,334.1
REC-0786,DEV_0239,锈蚀,紧急,2025/08/13,处理完成,3.6,966.6
REC-0680,DEV_0031,发热,一般 ,2025年5月9日,已处理,12.8,24.6
REC-0840,DEV_0135,放电痕迹,一般,2025/07/07,处理完成,19.5,400.6
REC-0773,DEV_0205,锈蚀,较重,2025-12-09,已处理,24.0,47.6
REC-0271,DEV_0270,锈蚀,严重,2025-01-10,在办,26.9,646.5
REC-0674,DEV_0283,异物,一般,10/29/2025,已处理 ,8.1,63.40 kW
REC-0652,DEV_0076,发热,一般,2025年5月9日,在办,8.3,47.0
REC-1218,DEV_0079,渗漏油,轻微,2025-10-02,在办,10.3,80.0
REC-1256,DEV_0143,异物,轻微,2025/08/23,处理完成,13.8,45.2
REC-0740,DEV_0063,异物,严重,2025-08-11,在办,58.1,433.0
REC-0990,DEV_0176,破损,一般,2025年2月27日,已处理 ,18.7,106.6
REC-1028,DEV_0280,放电痕迹,一般 ,2025-10-27,已处理,18.6,35.9
REC-0351,DEV_0085,锈蚀,紧急,2025/03/02,在办,22.7,399.6
REC-0681,DEV_0116,异物,较重,08/17/2025,未处理 ,36.5,41.8
REC-1253,DEV_0029,渗漏油,一般,2025年12月13日,处理完成,18.5,53.0
REC-1005,DEV_0137,异物,一般,02/06/2025,已处理,13.0,37.5
REC-0241,DEV_0234,锈蚀,较重,2025-03-27,在办,11.6,784.2
REC-0771,DEV_0249,锈蚀,紧急,11/30/2025,处理中,26.8,72.2
REC-0944,DEV_0184,发热,轻微,12/01/2025,处理中,32.5,414.5
REC-0778,DEV_0103,锈蚀,较重,10/22/2025,已处理 ,6.4,605.8
REC-0171,DEV_0265,破损,一般,07/11/2025,已处理 ,34.3,55.1
REC-1113,DEV_0154,锈蚀,轻微,02/04/2025,在办,17.9,48.3
REC-0515,DEV_0194,异物,较重,04/01/2025,未处理,10.5,91.9
REC-0210,DEV_0085,发热,危急,2025-09-27,处理中,29.5,769.8
REC-0452,DEV_0006,破损,一般 ,08/25/2025,已处理 ,16.4,49.4
REC-0141,DEV_0161,锈蚀,严重,2025/01/03,在办,18.7,888.4
REC-0904,DEV_0039,发热,轻微,2025-08-26,已处理,23.8,46.4
REC-0364,DEV_0276,异物,一般 ,10/29/2025,在办,18.8,80.0
REC-0200,DEV_0090,异物,轻微,04/28/2025,处理中,21.0,64.1
REC-0995,DEV_0198,异物,轻微,2025/03/26,已处理,14.7,71.2
REC-0298,DEV_0235,锈蚀,一般,2025-12-05,已处理,13.4,104.9
REC-0880,DEV_0038,异物,一般,01/17/2025,处理中,26.8,226.4
REC-0011,DEV_0188,锈蚀,轻微,03/24/2025,已处理 ,23.4,35.0
REC-0148,DEV_0211,破损,严重,2025-09-24,已处理 ,11.4,672.1
REC-0355,DEV_0138,异物,一般,10/29/2025,已处理,27.3,220.8
REC-0421,DEV_0080,渗漏油,一般,2025/02/27,已处理 ,7.5,97.4
REC-0985,DEV_0191,异物,较重,2025/03/08,处理完成,35.6,489.6
REC-0895,DEV_0049,异物,一般 ,2025-10-06,处理中,21.1,72.0
REC-0782,DEV_0187,锈蚀,紧急,09/23/2025,处理中,17.1,580.3
REC-0765,DEV_0246,锈蚀,较重,12/09/2025,处理完成,14.3,808.2
REC-0561,DEV_0116,破损,轻微,2025/12/22,处理中,13.2,61.6
REC-0283,DEV_0087,渗漏油,一般 ,2025/12/15,已处理 ,15.8,65.7
REC-0372,DEV_0109,渗漏油,一般,2025-04-03,已处理 ,19.3,38.1
REC-0136,DEV_0300,发热,一般,2025/11/03,已处理,2.2,43.6
REC-0299,DEV_0141,发热,危急,2025/10/25,已处理 ,46.6,115.7
REC-0304,DEV_0097,破损,一般,07/22/2025,处理完成,32.8,65.0
REC-0784,DEV_0226,锈蚀,紧急,10/15/2025,已处理,,506.8
REC-1259,DEV_0143,异物,一般 ,2025/09/03,已处理,5.1,49.3
REC-0462,DEV_0184,异物,严重,2025/03/22,处理中,17.4,330.8
REC-0159,DEV_0031,锈蚀,一般 ,2025-06-24,未处理 ,15.8,50.4
REC-0468,DEV_0204,发热,严重,2025/10/20,在办,36.9,67.5
REC-1140,DEV_0028,异物,严重,07/19/2025,已处理,,190.2
REC-0352,DEV_0257,放电痕迹,轻微,2025年8月22日,已处理 ,19.7,150.7
REC-0661,DEV_0222,放电痕迹,一般 ,2025年11月8日,处理完成,17.9,33.4
REC-0478,DEV_0126,异物,危急,06/02/2025,已处理,26.9,334.8
REC-1142,DEV_0119,渗漏油,较重,2025/07/11,未处理,12.5,97.6
REC-0927,DEV_0093,放电痕迹,一般 ,2025/02/17,处理中,24.1,87.6
REC-0844,DEV_0225,破损,一般,2025-09-06,在办,27.2,27.1
REC-0097,DEV_0079,破损,一般 ,09/27/2025,在办,25.7,43.1
REC-0359,DEV_0299,异物,严重,2025-01-27,未处理,13.8,572.2
REC-0849,DEV_0226,渗漏油,较重,2025-04-02,已处理 ,40.6,561.3
REC-0479,DEV_0278,异物,一般 ,2025/06/19,处理完成,10.2,30.6
REC-0439,DEV_0055,异物,轻微,2025年7月28日,已处理,6.0,69.7
REC-0157,DEV_0104,破损,较重,2025/10/24,已处理 ,44.6,340.3
REC-0459,DEV_0252,异物,紧急,09/08/2025,已处理 ,11.4,93.5
REC-1121,DEV_0030,异物,危急,2025-07-14,已处理,11.6,156.9
REC-0343,DEV_0027,异物,一般,06/13/2025,处理中,32.0,146.8
REC-1008,DEV_0252,异物,严重,11/06/2025,未处理,18.6,72.6
REC-0116,DEV_0090,破损,轻微,2025/01/09,处理中,18.5,55.4
REC-0416,DEV_0052,渗漏油,轻微,2025/10/02,在办,22.9,60.9
REC-0859,DEV_0119,放电痕迹,一般 ,2025/10/20,处理中,10.6,103.50 kW
REC-0482,DEV_0004,异物,较重,2025-05-20,已处理,44.8,583.3
REC-1195,DEV_0142,放电痕迹,轻微,12/30/2025,已处理 ,31.2,23.2
REC-0744,DEV_0010,破损,一般 ,2025-03-31,处理完成,27.3,64.3
REC-0309,DEV_0259,放电痕迹,轻微,2025-07-16,已处理 ,16.8,42.1
REC-0644,DEV_0254,放电痕迹,一般 ,12/20/2025,已处理 ,16.3,241.1
REC-0487,DEV_0129,破损,轻微,2025-09-25,未处理 ,10.9,43.8
REC-1089,DEV_0281,渗漏油,严重,2025-12-03,已处理 ,42.1,239.9
REC-0673,DEV_0182,锈蚀,一般,2025/10/25,在办,11.5,33.4
REC-1095,DEV_0215,破损,轻微,01/09/2025,未处理 ,29.1,64.6
REC-0616,DEV_0034,锈蚀,较重,2025/02/24,已处理,7.4,168.9
REC-1044,DEV_0034,渗漏油,轻微,11/08/2025,在办,27.5,192.9
REC-0179,DEV_0151,异物,严重,2025-01-05,处理完成,15.8,77.3
REC-0288,DEV_0001,放电痕迹,轻微,2025年4月9日,处理完成,9.5,37.8
REC-0632,DEV_0286,异物,较重,06/18/2025,未处理,17.6,25.4
REC-1093,DEV_0071,锈蚀,严重,2025-10-05,在办,30.3,154.7
REC-0295,DEV_0124,锈蚀,较重,2025年11月13日,在办,22.0,909.7
REC-0347,DEV_0207,破损,较重,2025-04-25,已处理 ,43.9,53.8
REC-0562,DEV_0123,锈蚀,较重,2025年7月12日,处理完成,11.2,97.8
REC-0906,DEV_0083,锈蚀,一般 ,06/02/2025,已处理 ,,111.7
REC-1120,DEV_0233,发热,轻微,10/27/2025,已处理 ,22.9,59.4
REC-0089,DEV_0031,锈蚀,一般,05/03/2025,已处理,14.8,53.4
REC-1200,DEV_0221,破损,较重,2025/06/14,处理中,15.8,347.3
REC-1098,DEV_0148,发热,一般 ,07/10/2025,已处理 ,59.0,194.6
REC-1091,DEV_0119,发热,轻微,2025/08/19,已处理 ,25.7,199.6
REC-0712,DEV_0267,发热,一般,2025/10/10,未处理,28.2,64.5
REC-0965,DEV_0287,渗漏油,较重,04/02/2025,已处理 ,8.6,615.6
REC-1035,DEV_0177,锈蚀,一般,02/04/2025,已处理,13.1,59.1
REC-0291,DEV_0083,破损,一般,2025年11月20日,处理完成,,84.8
REC-0286,DEV_0259,锈蚀,一般 ,2025/02/15,处理完成,28.7,32.3
REC-0655,DEV_0033,破损,轻微,2025/06/06,处理中,18.7,54.1
REC-1244,DEV_0064,发热,轻微,2025年6月14日,已处理,17.2,152.0
REC-0839,DEV_0297,异物,轻微,2025-09-04,已处理 ,12.2,83.0
REC-0267,DEV_0191,发热,严重,2025-02-13,已处理,3.1,589.8
REC-0328,DEV_0042,破损,一般,2025-02-27,已处理,8.0,113.9
REC-0533,DEV_0210,渗漏油,一般 ,2025年3月2日,已处理,14.5,76.6
REC-0060,DEV_0241,放电痕迹,严重,06/21/2025,未处理 ,7.7,199.8
REC-0382,DEV_0065,渗漏油,一般 ,2025-05-10,已处理 ,5.2,68.1
REC-1240,DEV_0020,发热,严重,2025/09/16,已处理,21.7,412.4
REC-0621,DEV_0094,锈蚀,一般,05/25/2025,在办,25.4,105.8
REC-0845,DEV_0084,放电痕迹,一般 ,12/18/2025,已处理,13.1,76.0
REC-1025,DEV_0121,发热,危急,2025-10-04,已处理 ,17.8,403.9
REC-1251,DEV_0252,渗漏油,较重,2025-05-24,处理中,28.8,73.9
REC-0334,DEV_0057,渗漏油,一般 ,2025/10/30,未处理 ,24.3,35.9
REC-0788,DEV_0064,放电痕迹,一般,2025/04/26,处理完成,24.6,149.4
REC-0429,DEV_0117,放电痕迹,轻微,2025/04/03,处理完成,22.4,30.5
REC-0932,DEV_0293,渗漏油,严重,09/20/2025,处理完成,14.5,49.4
REC-0968,DEV_0253,锈蚀,一般 ,07/28/2025,已处理 ,11.1,96.1
REC-0863,DEV_0045,锈蚀,轻微,08/17/2025,已处理 ,5.3,44.6
REC-0537,DEV_0151,发热,一般 ,2025-08-05,已处理,39.0,72.5
REC-0381,DEV_0089,发热,一般 ,2025-11-27,处理中,8.1,66.7
REC-0789,DEV_0064,锈蚀,轻微,07/16/2025,处理中,10.0,203.3
REC-0480,DEV_0155,放电痕迹,一般,07/17/2025,在办,14.4,51.7
REC-0329,DEV_0007,发热,一般,01/04/2025,在办,18.0,192.3
REC-0954,DEV_0164,发热,轻微,2025年10月29日,处理完成,9.8,55.8
REC-0319,DEV_0149,破损,危急,07/11/2025,已处理,9.2,236.9
REC-1102,DEV_0044,渗漏油,一般 ,05/02/2025,未处理 ,36.8,66.5
REC-0084,DEV_0241,发热,一般 ,2025/05/23,已处理,28.3,149.6
REC-0130,DEV_0103,异物,严重,01/23/2025,已处理 ,10.8,448.7
REC-0746,DEV_0036,异物,一般,2025年5月6日,已处理 ,31.8,38.2
REC-0472,DEV_0171,异物,轻微,2025/09/09,处理中,,53.8
REC-0172,DEV_0103,破损,严重,11/15/2025,已处理 ,32.4,533.9
REC-0615,DEV_0266,破损,一般,2025/04/23,处理中,4.9,35.2
REC-0261,DEV_0238,渗漏油,一般 ,2025-01-24,已处理 ,24.3,493.0
REC-1078,DEV_0016,锈蚀,轻微,04/17/2025,已处理 ,,61.9
REC-1010,DEV_0042,放电痕迹,一般 ,06/01/2025,处理中,19.2,72.1
REC-1285,DEV_0104,渗漏油,严重,2025/12/25,未处理 ,11.8,446.0
REC-0668,DEV_0229,渗漏油,一般,2025-09-03,已处理 ,26.1,134.0
REC-0333,DEV_0280,破损,一般 ,2025-09-17,处理完成,20.7,27.3
REC-0356,DEV_0049,渗漏油,轻微,2025-08-17,在办,6.0,57.7
REC-0139,DEV_0233,发热,一般,2025-05-16,已处理 ,20.1,41.8
REC-0293,DEV_0009,锈蚀,一般,01/25/2025,未处理,42.9,49.9
REC-1070,DEV_0293,破损,紧急,02/26/2025,已处理 ,32.3,64.8
REC-0576,DEV_0040,发热,严重,2025-11-21,已处理 ,9.5,119.6
REC-0142,DEV_0042,发热,严重,2025-03-05,处理完成,36.0,102.5
REC-0731,DEV_0027,渗漏油,较重,08/27/2025,已处理 ,23.7,
REC-0882,DEV_0028,破损,轻微,2025/05/09,已处理,9.6,224.2
REC-0528,DEV_0171,放电痕迹,轻微,2025/11/10,已处理,23.0,68.1
REC-0140,DEV_0123,锈蚀,严重,04/04/2025,未处理 ,20.4,99.3
REC-1151,DEV_0162,放电痕迹,轻微,2025-02-11,在办,5.1,121.9
REC-1016,DEV_0118,放电痕迹,一般 ,11/11/2025,处理完成,9.2,64.8
REC-0225,DEV_0077,渗漏油,轻微,2025年9月1日,已处理 ,12.4,42.3
REC-0622,DEV_0230,异物,严重,2025年6月12日,处理中,29.6,533.0
REC-0275,DEV_0294,放电痕迹,一般,2025-10-13,已处理,42.1,98.7
REC-0324,DEV_0046,放电痕迹,严重,2025-02-23,已处理,52.5,112.2
REC-0498,DEV_0045,锈蚀,一般,2025年4月15日,处理中,,23.8
REC-0326,DEV_0015,渗漏油,一般,2025/03/05,在办,14.2,68.8
REC-0669,DEV_0010,破损,轻微,08/12/2025,未处理,12.7,79.2
REC-1192,DEV_0058,异物,轻微,2025/08/15,在办,4.9,28.4
REC-0819,DEV_0216,放电痕迹,一般,2025/01/26,在办,5.2,108.3
REC-1179,DEV_0297,渗漏油,轻微,2025-08-11,已处理 ,55.8,37.7
REC-1219,DEV_0087,渗漏油,轻微,2025-08-26,已处理,41.9,45.1
REC-1122,DEV_0011,异物,较重,2025/07/26,未处理 ,32.8,92.2
REC-0696,DEV_0256,锈蚀,严重,2025/03/28,已处理 ,43.9,101.7
REC-0742,DEV_0076,锈蚀,一般,10/13/2025,未处理 ,49.4,33.8
REC-0888,DEV_0199,发热,一般,04/20/2025,处理完成,12.7,111.4
REC-0942,DEV_0263,异物,较重,2025/09/18,已处理 ,13.7,615.3
REC-0706,DEV_0074,锈蚀,危急,06/11/2025,未处理,20.4,344.9
REC-0595,DEV_0144,锈蚀,一般 ,05/26/2025,已处理,53.9,182.0
REC-0694,DEV_0214,发热,轻微,2025/07/22,在办,7.1,187.6
REC-0571,DEV_0102,发热,一般 ,2025/04/26,处理完成,31.0,54.6
REC-0902,DEV_0201,渗漏油,较重,2025-09-24,未处理 ,22.1,483.6
REC-0584,DEV_0287,破损,严重,07/25/2025,处理完成,23.3,498.9
REC-0711,DEV_0023,破损,紧急,2025-08-14,处理完成,30.8,512.0
REC-0322,DEV_0214,发热,一般 ,2025/11/05,处理中,8.9,137.6
REC-1172,DEV_0247,锈蚀,较重,04/23/2025,未处理 ,25.4,437.9
REC-1126,DEV_0247,锈蚀,严重,2025-07-08,未处理,24.0,658.6
REC-0662,DEV_0089,锈蚀,一般,2025-10-18,未处理,11.7,36.0
REC-1214,DEV_0181,破损,一般 ,2025/05/24,已处理,,76.6
REC-0978,DEV_0145,放电痕迹,一般,2025/08/12,处理完成,5.5,34.7
REC-0040,DEV_0013,异物,一般,2025-01-26,已处理,3.5,49.0
REC-0031,DEV_0247,破损,较重,11/29/2025,在办,14.5,696.7
REC-0243,DEV_0281,异物,较重,2025-01-10,处理中,58.9,990.0
REC-1250,DEV_0052,破损,一般,03/09/2025,在办,34.3,32.3
REC-0919,DEV_0164,破损,轻微,08/31/2025,处理完成,16.4,81.0
REC-0137,DEV_0192,异物,一般 ,2025-08-15,已处理,20.3,55.9
REC-0311,DEV_0101,破损,较重,2025-10-13,已处理 ,13.4,53.3
REC-1097,DEV_0051,发热,轻微,03/01/2025,处理中,18.9,75.6
REC-0599,DEV_0144,渗漏油,紧急,2025/03/22,在办,19.0,194.3
REC-0431,DEV_0172,锈蚀,一般,2025-01-01,在办,14.8,59.3
REC-1161,DEV_0195,渗漏油,一般,2025年7月10日,未处理 ,16.1,54.3
REC-0661,DEV_0222,放电痕迹,一般 ,2025年11月8日,处理完成,17.9,33.4
REC-0523,DEV_0196,发热,一般,2025/02/13,已处理,61.8,122.7
REC-0004,DEV_0229,放电痕迹,一般 ,07/17/2025,未处理,9.1,47.9
REC-0112,DEV_0105,锈蚀,严重,09/10/2025,未处理 ,19.0,681.8
REC-0725,DEV_0109,异物,一般 ,2025/01/23,在办,15.0,49.6
REC-1134,DEV_0247,异物,较重,2025/03/31,处理中,27.2,428.4
REC-0860,DEV_0121,渗漏油,较重,2025/03/17,在办,14.7,483.3
REC-0992,DEV_0123,渗漏油,严重,07/11/2025,处理中,31.0,82.9
REC-0890,DEV_0006,锈蚀,一般,06/13/2025,已处理 ,23.6,74.5
REC-1262,DEV_0065,锈蚀,一般,01/24/2025,在办,30.6,60.6
REC-0377,DEV_0165,锈蚀,一般,2025-02-24,未处理 ,23.1,122.1
REC-0586,DEV_0074,锈蚀,较重,09/19/2025,在办,19.2,—
REC-0507,DEV_0296,渗漏油,轻微,2025/11/29,已处理 ,41.8,—
REC-0315,DEV_0075,破损,一般,2025年4月6日,处理完成,33.4,24.8
REC-0440,DEV_0082,破损,较重,2025/09/12,已处理,9.3,466.8
REC-0443,DEV_0135,放电痕迹,一般 ,2025/09/03,处理完成,6.8,200.7
REC-1229,DEV_0227,异物,轻微,2025/05/19,在办,12.2,34.3
REC-0320,DEV_0139,异物,一般 ,2025/03/05,处理中,17.7,32.5
REC-0629,DEV_0185,异物,轻微,04/04/2025,已处理,8.3,76.7
REC-0887,DEV_0220,渗漏油,一般,2025-07-16,已处理,30.7,96.7
REC-0006,DEV_0271,锈蚀,轻微,2025-02-15,已处理,,86.9
REC-0101,DEV_0228,破损,一般,2025年7月18日,已处理,15.8,105.4
REC-0425,DEV_0167,破损,危急,09/06/2025,已处理,27.5,45.1
REC-1138,DEV_0246,异物,较重,2025/04/20,在办,,618.9
REC-0862,DEV_0169,破损,紧急,04/09/2025,处理中,15.7,362.7
REC-0591,DEV_0176,放电痕迹,一般 ,2025-12-27,在办,5.2,92.4
REC-0913,DEV_0275,发热,一般 ,2025/01/02,已处理 ,27.6,83.5
REC-0424,DEV_0005,渗漏油,轻微,12/05/2025,处理完成,14.9,118.2
REC-0980,DEV_0137,破损,轻微,03/08/2025,处理中,6.1,45.5
REC-0833,DEV_0028,异物,轻微,2025/04/28,已处理 ,31.8,216.6
REC-0603,DEV_0137,放电痕迹,轻微,2025-10-02,未处理 ,9.3,54.2
REC-0463,DEV_0056,异物,一般 ,2025-01-14,已处理,,79.1
REC-0228,DEV_0271,发热,轻微,2025-07-12,处理完成,73.1,66.4
REC-0847,DEV_0136,放电痕迹,一般 ,2025/04/05,已处理 ,30.2,30.0
REC-1166,DEV_0026,发热,一般 ,2025年4月24日,已处理 ,26.8,175.7
REC-1108,DEV_0047,放电痕迹,轻微,2025/10/20,已处理 ,7.1,85.3
REC-0535,DEV_0259,渗漏油,一般,2025-10-06,处理中,16.9,39.2
REC-0067,DEV_0017,发热,较重,2025-10-26,已处理 ,7.5,251.4
REC-0967,DEV_0095,放电痕迹,较重,2025/04/11,已处理 ,2.4,941.8
REC-0068,DEV_0112,渗漏油,轻微,2025/11/13,处理中,2.5,32.7
REC-1053,DEV_0074,锈蚀,严重,2025-08-12,处理完成,23.3,616.6
REC-0212,DEV_0169,渗漏油,轻微,2025-09-22,在办,42.8,402.9
REC-0013,DEV_0139,发热,一般 ,2025-03-26,处理完成,7.1,55.2
REC-0794,DEV_0192,放电痕迹,一般,2025-12-16,未处理 ,22.6,44.0
REC-1264,DEV_0176,渗漏油,一般 ,2025/09/30,已处理,3.1,95.5
REC-0300,DEV_0253,破损,一般 ,08/28/2025,已处理 ,13.1,51.4
REC-0555,DEV_0188,渗漏油,一般 ,2025年1月22日,未处理,15.3,34.8
REC-0536,DEV_0240,锈蚀,轻微,03/09/2025,已处理 ,19.3,115.6
REC-1088,DEV_0247,发热,严重,2025/06/30,在办,20.4,405.3
REC-1180,DEV_0197,破损,较重,2025-05-28,未处理,8.5,98.1
REC-0803,DEV_0120,异物,轻微,2025-09-27,处理完成,10.2,59.5
REC-0679,DEV_0219,锈蚀,轻微,2025-01-31,已处理,2.3,32.7
REC-0716,DEV_0156,破损,严重,06/20/2025,已处理 ,,73.7
REC-1246,DEV_0269,渗漏油,一般,2025/01/17,已处理 ,74.5,35.1
REC-1171,DEV_0014,放电痕迹,一般,12/03/2025,处理完成,15.0,218.0
REC-1228,DEV_0116,放电痕迹,轻微,2025/06/07,处理完成,12.3,52.8
REC-1199,DEV_0076,发热,一般,2025-09-01,处理完成,25.1,27.9
REC-1115,DEV_0069,破损,一般,2025/12/11,处理完成,20.4,94.4
REC-0821,DEV_0091,锈蚀,轻微,2025-07-10,已处理,54.0,92.9
REC-1227,DEV_0048,锈蚀,轻微,2025年7月18日,处理中,45.6,61.2
REC-0651,DEV_0025,发热,轻微,03/13/2025,处理完成,2.3,48.8
REC-0986,DEV_0087,放电痕迹,一般 ,09/29/2025,已处理,19.1,47.8
REC-1274,DEV_0063,渗漏油,较重,2025/11/16,在办,4.4,659.4
REC-0274,DEV_0063,锈蚀,危急,10/27/2025,处理完成,24.7,354.0
REC-1275,DEV_0032,放电痕迹,一般 ,2025/05/18,已处理 ,21.8,264.7
REC-0807,DEV_0131,锈蚀,一般,2025/06/12,处理完成,16.3,45.2
REC-0363,DEV_0075,渗漏油,一般,10/24/2025,未处理,23.0,45.4
REC-0238,DEV_0196,锈蚀,轻微,2025年3月14日,处理中,32.1,207.6
REC-1204,DEV_0166,破损,一般 ,2025/01/05,处理完成,9.3,37.7
REC-0553,DEV_0189,破损,一般 ,2025/01/23,在办,21.5,42.7
REC-0003,DEV_0296,发热,一般 ,11/13/2025,已处理,21.9,27.1
REC-0007,DEV_0155,锈蚀,一般,2025-06-22,已处理,15.4,59.3
REC-0371,DEV_0024,异物,一般 ,2025/11/16,处理中,39.6,58.0
REC-0312,DEV_0069,放电痕迹,一般 ,02/26/2025,已处理,22.8,121.7
REC-1129,DEV_0008,异物,危急,2025-02-05,未处理,15.3,33.8
REC-1266,DEV_0059,破损,严重,2025/05/03,处理完成,23.9,480.8
REC-0598,DEV_0056,渗漏油,一般,03/15/2025,处理完成,20.6,34.5
REC-0896,DEV_0234,破损,危急,05/24/2025,已处理 ,5.6,551.7
REC-1296,DEV_0062,放电痕迹,轻微,2025/04/20,已处理,20.6,41.3
REC-0216,DEV_0236,发热,一般,01/12/2025,未处理 ,23.7,55.4
REC-0717,DEV_0085,破损,危急,10/06/2025,处理完成,9.2,321.3
REC-0666,DEV_0122,锈蚀,轻微,07/25/2025,已处理 ,10.5,57.1
REC-0028,DEV_0296,破损,一般 ,2025/02/01,未处理,,34.0
REC-1059,DEV_0001,锈蚀,一般 ,05/04/2025,在办,23.1,53.7
REC-1254,DEV_0141,渗漏油,一般,06/20/2025,已处理 ,25.0,130.3
REC-0755,DEV_0292,异物,一般,2025-08-12,未处理,11.7,39.9
REC-0645,DEV_0223,渗漏油,较重,2025/04/12,在办,17.9,580.5
REC-0708,DEV_0049,破损,紧急,2025/02/16,已处理 ,11.0,120.0
REC-0257,DEV_0296,发热,一般,2025-10-07,未处理 ,,46.4
REC-0026,DEV_0291,发热,较重,2025-12-25,未处理 ,35.9,803.0
REC-0337,DEV_0047,渗漏油,一般 ,2025年6月18日,已处理 ,13.6,38.7
REC-0048,DEV_0140,渗漏油,一般 ,2025-04-01,在办,29.9,92.5
REC-0107,DEV_0077,破损,一般,2025-06-13,已处理,40.1,48.5
REC-0970,DEV_0294,渗漏油,较重,2025-02-27,未处理 ,56.0,N/A
REC-0056,DEV_0026,锈蚀,严重,05/10/2025,处理完成,34.1,212.5
REC-0631,DEV_0107,异物,危急,07/27/2025,处理完成,11.1,360.3
REC-0214,DEV_0238,渗漏油,一般 ,2025-06-29,已处理,25.7,673.0
REC-0121,DEV_0035,异物,较重,2025-04-09,已处理,17.7,583.6
REC-0677,DEV_0070,异物,严重,02/08/2025,在办,8.7,692.8
REC-0574,DEV_0119,发热,轻微,2025/04/10,已处理,17.0,115.3
REC-0073,DEV_0280,放电痕迹,一般,2025年1月19日,已处理,36.2,31.0
REC-0625,DEV_0232,渗漏油,严重,2025/04/08,处理中,21.1,272.3
REC-0046,DEV_0296,发热,一般 ,08/10/2025,处理完成,32.3,39.3
REC-0950,DEV_0257,发热,严重,2025年12月8日,未处理 ,17.9,214.9
REC-0524,DEV_0220,渗漏油,一般,2025-06-18,已处理,31.4,"1,023.60"
REC-0683,DEV_0054,锈蚀,一般,2025-02-01,处理完成,48.0,58.3
REC-0671,DEV_0013,放电痕迹,一般,2025-05-22,已处理 ,,25.6
REC-0977,DEV_0032,渗漏油,一般 ,2025/08/13,已处理 ,,220.6
REC-0534,DEV_0260,异物,轻微,01/18/2025,处理完成,22.8,98.3
REC-0466,DEV_0119,渗漏油,轻微,2025-10-19,在办,1.1,"1,996.80"
REC-0637,DEV_0283,渗漏油,较重,2025-07-26,已处理 ,16.5,50.1
REC-0722,DEV_0161,破损,较重,2025-08-03,已处理,13.1,814.9
REC-0850,DEV_0198,渗漏油,轻微,03/26/2025,未处理 ,6.2,66.7
REC-0061,DEV_0080,异物,紧急,10/10/2025,处理中,48.2,75.6
REC-0093,DEV_0134,锈蚀,轻微,2025-07-25,处理完成,15.4,34.0
REC-0559,DEV_0172,渗漏油,一般 ,2025/01/21,处理完成,45.8,62.6
REC-0195,DEV_0065,发热,一般 ,2025年2月2日,已处理,47.0,59.9
REC-0281,DEV_0046,破损,一般,2025-06-26,处理完成,9.3,163.0
REC-0360,DEV_0257,锈蚀,轻微,06/23/2025,已处理,6.9,179.3
REC-0520,DEV_0156,放电痕迹,一般,2025-09-17,在办,68.8,40.1
REC-0635,DEV_0124,发热,较重,08/03/2025,处理完成,43.9,466.9
REC-0931,DEV_0216,放电痕迹,紧急,2025/02/21,已处理 ,24.7,73.6
REC-0183,DEV_0105,渗漏油,较重,2025/11/29,已处理 ,16.4,615.6
REC-0111,DEV_0158,锈蚀,一般 ,2025年5月3日,未处理 ,25.6,191.9
REC-1147,DEV_0099,发热,较重,04/16/2025,未处理,16.4,807.1
REC-0715,DEV_0099,发热,危急,2025-06-09,处理中,0.4,662.7
REC-0205,DEV_0054,锈蚀,轻微,01/25/2025,在办,10.6,118.1
REC-0941,DEV_0211,异物,紧急,2025-02-02,处理完成,18.6,553.7
REC-0979,DEV_0188,锈蚀,一般,2025年7月23日,处理中,22.8,34.0
REC-0546,DEV_0294,发热,轻微,2025/03/14,已处理,39.5,91.8
REC-0810,DEV_0190,发热,较重,2025/08/08,在办,32.2,509.9
REC-1245,DEV_0180,渗漏油,较重,05/09/2025,处理完成,19.0,53.7
REC-0815,DEV_0195,放电痕迹,一般,2025-11-16,未处理,21.0,63.6
REC-0589,DEV_0142,异物,一般,2025-02-17,处理中,8.8,
REC-0184,DEV_0270,破损,严重,2025-01-08,已处理,26.6,494.1
REC-0138,DEV_0089,渗漏油,一般,2025年5月9日,已处理,468.4,70.2
REC-1040,DEV_0266,异物,一般 ,02/05/2025,处理中,29.9,23.1
REC-0081,DEV_0222,放电痕迹,严重,2025/12/12,在办,26.1,48.4
REC-1068,DEV_0219,渗漏油,一般,01/11/2025,在办,5.1,45.2
REC-1103,DEV_0171,破损,一般 ,2025-04-24,处理中,30.9,41.5
REC-0542,DEV_0224,放电痕迹,一般 ,2025-09-18,已处理 ,24.2,53.7
REC-0585,DEV_0219,渗漏油,严重,05/19/2025,处理完成,23.1,38.4
REC-0481,DEV_0283,渗漏油,一般 ,2025/08/04,处理完成,1.6,42.3
REC-0166,DEV_0006,发热,轻微,2025/03/24,处理中,36.7,90.6
REC-0249,DEV_0222,破损,轻微,2025/05/24,已处理 ,41.8,35.4
REC-0308,DEV_0144,锈蚀,轻微,03/05/2025,已处理,12.9,83.3
REC-0923,DEV_0175,异物,轻微,03/12/2025,已处理 ,,96.5
REC-0583,DEV_0008,锈蚀,轻微,2025/05/09,已处理 ,22.2,54.7
REC-0335,DEV_0245,破损,严重,2025/07/13,未处理,14.9,606.8
REC-0098,DEV_0204,异物,严重,2025/12/19,已处理,4.5,112.7
REC-1197,DEV_0284,破损,一般 ,2025/11/19,已处理 ,10.0,404.10 kW
REC-0738,DEV_0167,放电痕迹,轻微,2025/08/30,处理中,40.9,48.2
REC-0975,DEV_0070,异物,较重,04/21/2025,处理完成,19.9,913.1
REC-0915,DEV_0223,渗漏油,较重,2025-08-20,已处理 ,,585.3
REC-1074,DEV_0139,锈蚀,一般,2025-03-27,在办,13.5,85.1
REC-1174,DEV_0120,锈蚀,轻微,07/27/2025,处理中,9.4,72.4
REC-1160,DEV_0063,异物,危急,2025/01/15,已处理,40.9,812.3
REC-1189,DEV_0287,锈蚀,严重,06/01/2025,已处理,12.7,562.6
REC-0303,DEV_0069,放电痕迹,较重,2025/07/11,未处理 ,,73.7
REC-1079,DEV_0111,渗漏油,一般,2025/03/14,在办,33.4,63.0
REC-0389,DEV_0259,破损,一般,2025/11/22,处理中,28.6,64.1
REC-0236,DEV_0031,渗漏油,一般 ,11/30/2025,已处理,13.2,38.1
REC-0983,DEV_0182,异物,一般 ,2025/02/07,已处理,8.8,42.8
REC-0920,DEV_0211,锈蚀,较重,04/25/2025,已处理 ,,569.4
REC-0306,DEV_0073,锈蚀,一般 ,2025-04-13,处理完成,11.6,26.2
REC-0933,DEV_0156,渗漏油,一般 ,2025/03/12,处理中,19.3,46.1
REC-1067,DEV_0206,锈蚀,一般,2025-07-04,在办,8.5,63.6
REC-0250,DEV_0031,渗漏油,一般,2025/02/22,已处理 ,6.1,51.2
REC-0917,DEV_0289,放电痕迹,紧急,2025/03/19,已处理,13.8,534.5
REC-0900,DEV_0075,发热,一般,03/30/2025,处理完成,51.2,47.6
REC-0072,DEV_0033,放电痕迹,一般 ,2025/09/30,已处理,34.9,64.4
REC-0095,DEV_0286,异物,轻微,2025/03/02,处理中,13.9,20.7
REC-0757,DEV_0159,异物,严重,2025/09/05,已处理,9.7,486.8
REC-0034,DEV_0225,渗漏油,严重,12/26/2025,已处理,17.8,27.1
REC-1208,DEV_0214,破损,一般,03/20/2025,处理完成,17.8,166.4
REC-0449,DEV_0294,发热,一般 ,09/15/2025,已处理,18.2,87.4
REC-0446,DEV_0089,锈蚀,一般 ,2025-03-02,已处理,64.0,62.2
REC-0998,DEV_0259,渗漏油,轻微,2025/07/25,处理完成,22.2,59.2
REC-0924,DEV_0184,发热,紧急,2025/03/23,处理完成,27.3,659.0
REC-1085,DEV_0205,破损,一般,06/15/2025,处理完成,10.3,39.0
REC-0078,DEV_0233,异物,轻微,2025年7月1日,已处理 ,17.8,53.10 kW
REC-0085,DEV_0115,破损,紧急,2025-07-14,已处理,20.4,65.1
REC-0650,DEV_0050,渗漏油,轻微,05/24/2025,处理完成,8.7,119.9
REC-0083,DEV_0119,异物,一般,2025/07/01,处理完成,13.4,115.8
REC-0458,DEV_0263,发热,较重,03/31/2025,处理完成,22.0,332.4
REC-1164,DEV_0036,破损,轻微,2025年6月9日,已处理,3.4,37.0
REC-0894,DEV_0060,破损,轻微,2025/10/14,已处理,14.6,134.3
REC-0437,DEV_0050,放电痕迹,严重,2025-09-25,已处理,14.7,78.1
REC-0707,DEV_0089,异物,一般 ,2025-10-31,已处理,34.7,44.2
REC-1168,DEV_0053,发热,轻微,2025-08-10,处理完成,8.6,224.6
REC-0405,DEV_0038,发热,一般 ,2025-05-16,处理完成,18.9,197.1
REC-1146,DEV_0078,破损,较重,2025-12-21,处理完成,33.7,807.4
REC-1144,DEV_0222,破损,轻微,01/27/2025,处理完成,27.7,49.3
REC-0779,DEV_0018,发热,轻微,09/30/2025,已处理 ,16.2,192.1
REC-0105,DEV_0184,放电痕迹,较重,07/05/2025,处理中,10.0,343.1
REC-0610,DEV_0288,发热,严重,02/26/2025,处理中,23.5,622.8
REC-0667,DEV_0034,破损,严重,2025/07/13,已处理,32.6,220.5
REC-0728,DEV_0038,放电痕迹,一般 ,2025-03-27,未处理 ,16.4,184.8
REC-0063,DEV_0134,渗漏油,轻微,08/01/2025,未处理,18.1,38.0
REC-0282,DEV_0001,破损,一般,2025-05-10,已处理,10.2,33.0
REC-1191,DEV_0137,锈蚀,一般 ,2025/07/18,处理完成,24.3,35.3
REC-0239,DEV_0096,发热,一般,2025/04/12,处理完成,10.9,174.8
REC-0224,DEV_0203,异物,一般 ,2025-05-31,已处理 ,21.4,26.2
REC-0146,DEV_0300,发热,一般 ,2025-06-27,处理完成,14.5,41.9
REC-1226,DEV_0169,发热,严重,06/13/2025,在办,24.1,501.4
REC-0374,DEV_0244,异物,紧急,2025年5月9日,在办,10.7,677.1
REC-0119,DEV_0135,放电痕迹,一般,2025-05-01,未处理 ,21.7,230.1
REC-1282,DEV_0259,破损,一般,2025-11-30,已处理,,83.6
REC-0251,DEV_0089,放电痕迹,一般,2025/03/12,处理中,49.5,79.1
REC-1265,DEV_0140,发热,严重,2025-10-14,已处理,18.7,111.4
REC-0010,DEV_0289,发热,严重,11/17/2025,已处理,28.8,647.4
REC-0450,DEV_0251,破损,一般 ,07/30/2025,处理完成,,148.9
REC-0256,DEV_0020,破损,紧急,10/08/2025,未处理 ,22.1,317.0
REC-0594,DEV_0084,异物,一般 ,08/27/2025,未处理,27.0,90.0
REC-0390,DEV_0009,锈蚀,轻微,2025年2月20日,处理中,32.6,60.4
REC-0756,DEV_0121,渗漏油,较重,2025-01-20,处理完成,18.4,649.9
REC-1056,DEV_0206,锈蚀,一般 ,2025年1月2日,已处理,31.4,39.6
REC-0558,DEV_0183,发热,较重,2025年8月15日,已处理,4.0,530.6
REC-0461,DEV_0186,渗漏油,一般,2025年10月26日,处理完成,9.8,56.3
REC-1210,DEV_0008,破损,一般,12/01/2025,已处理,23.3,53.1
REC-0145,DEV_0057,破损,一般 ,2025/01/22,处理完成,55.0,40.1
REC-0502,DEV_0054,破损,较重,2025/12/29,处理完成,58.2,93.2
REC-1213,DEV_0280,渗漏油,轻微,03/18/2025,已处理,16.5,81.2
REC-0540,DEV_0062,异物,一般 ,2025/04/21,处理完成,-1.0,38.4
REC-0178,DEV_0226,发热,紧急,2025-07-16,处理中,34.8,786.4
REC-1267,DEV_0091,渗漏油,一般,2025/11/16,处理完成,15.4,149.7
REC-0812,DEV_0118,破损,一般 ,2025年3月30日,处理完成,52.6,39.7
REC-0843,DEV_0224,异物,轻微,2025年6月29日,处理中,55.1,39.2
REC-0702,DEV_0160,锈蚀,一般,06/17/2025,已处理,22.4,19.2
REC-0902,DEV_0201,渗漏油,较重,2025-09-24,未处理 ,22.1,483.6
REC-0008,DEV_0217,发热,严重,04/14/2025,已处理 ,10.9,746.3
REC-1000,DEV_0051,发热,一般,2025/06/14,处理中,,98.7
REC-1024,DEV_0127,异物,轻微,2025-11-04,已处理,11.2,43.9
REC-0358,DEV_0232,异物,一般 ,2025-11-02,未处理,7.3,169.2
REC-0330,DEV_0276,放电痕迹,一般,12/13/2025,已处理 ,10.5,58.3
REC-0851,DEV_0052,发热,轻微,06/05/2025,已处理,7.8,41.3
REC-1007,DEV_0041,放电痕迹,严重,2025-06-06,处理完成,47.6,46.2
REC-0916,DEV_0061,锈蚀,较重,2025-05-04,在办,11.4,701.3
REC-0259,DEV_0080,异物,一般 ,2025-03-14,已处理 ,56.0,89.7
REC-1037,DEV_0075,锈蚀,危急,2025-06-29,处理完成,15.7,33.7
REC-0373,DEV_0221,渗漏油,较重,2025/07/01,已处理,13.7,269.7
REC-0938,DEV_0007,渗漏油,严重,2025/05/12,处理中,9.9,220.9
REC-0723,DEV_0248,破损,较重,2025/09/12,处理完成,14.4,515.2
REC-1012,DEV_0233,锈蚀,一般,06/27/2025,处理完成,11.4,64.1
REC-0526,DEV_0235,渗漏油,较重,2025/06/12,已处理,9.7,92.9
REC-0988,DEV_0078,锈蚀,严重,2025-12-11,未处理,15.4,494.9
REC-0945,DEV_0109,异物,严重,2025/06/22,未处理,36.6,72.5
REC-0909,DEV_0085,锈蚀,较重,2025/06/03,已处理,37.4,414.6
REC-1249,DEV_0234,渗漏油,危急,2025-09-09,在办,24.3,498.0
REC-0441,DEV_0217,渗漏油,严重,2025年8月27日,处理中,11.5,486.7
REC-0532,DEV_0272,异物,一般 ,2025-07-12,已处理 ,32.6,144.9
REC-0971,DEV_0007,异物,一般,2025-10-11,处理完成,39.7,110.6
REC-0227,DEV_0202,锈蚀,一般 ,2025/06/19,处理完成,,149.4
REC-0824,DEV_0180,异物,一般 ,2025/06/29,处理完成,6.3,119.0
REC-0229,DEV_0081,渗漏油,一般,2025/06/08,未处理 ,12.1,30.5
REC-1141,DEV_0128,异物,较重,02/13/2025,处理完成,30.6,373.1
REC-0213,DEV_0076,发热,一般,03/18/2025,未处理 ,29.5,56.7
REC-0080,DEV_0260,发热,轻微,2025/03/13,在办,34.3,49.6
REC-0149,DEV_0221,锈蚀,严重,2025年2月7日,在办,15.2,320.1
REC-0713,DEV_0001,渗漏油,一般,12/31/2025,已处理 ,23.0,38.2
REC-0672,DEV_0063,发热,紧急,2025-03-16,已处理 ,21.7,560.3
REC-1109,DEV_0093,破损,危急,01/17/2025,已处理,25.9,123.9
REC-0999,DEV_0172,放电痕迹,较重,2025年9月18日,已处理,8.9,129.2
REC-0709,DEV_0011,放电痕迹,一般,01/22/2025,已处理,52.5,52.6
REC-0134,DEV_0243,放电痕迹,一般 ,2025-10-19,未处理 ,25.7,73.3
REC-0947,DEV_0053,放电痕迹,一般 ,2025/09/04,处理中,16.5,155.5
REC-0409,DEV_0071,破损,一般 ,2025-02-25,已处理 ,26.1,111.4
REC-0809,DEV_0237,锈蚀,一般,02/05/2025,处理完成,8.0,93.3
REC-0508,DEV_0274,渗漏油,一般 ,2025-04-17,处理中,25.1,351.6
REC-1043,DEV_0136,发热,一般 ,2025-09-27,在办,38.8,49.4
REC-0505,DEV_0276,放电痕迹,一般 ,2025/03/03,处理完成,9.7,71.1
REC-0813,DEV_0046,异物,一般,2025年6月16日,在办,20.9,210.9
REC-0348,DEV_0255,发热,一般,2025年2月22日,在办,27.1,187.2
REC-0387,DEV_0247,锈蚀,严重,03/14/2025,处理完成,24.2,512.1
REC-0001,DEV_0264,锈蚀,一般 ,2025年10月3日,处理完成,23.8,21.4
REC-0361,DEV_0088,渗漏油,一般,09/11/2025,处理完成,7.1,39.9
REC-1242,DEV_0001,锈蚀,危急,03/21/2025,处理中,11.1,46.1
REC-0476,DEV_0296,破损,一般 ,2025-02-01,已处理,26.7,57.5
REC-9004,DEV_0157,异物,一般 ,2025/05/19,已处理 ,37.3,571.20
REC-0940,DEV_0121,放电痕迹,较重,2025-01-28,未处理 ,5.7,384.8
REC-0934,DEV_0120,锈蚀,一般,2025/12/13,处理完成,15.5,78.0
REC-0911,DEV_0085,破损,严重,07/24/2025,处理完成,37.2,515.9
REC-0747,DEV_0048,锈蚀,一般 ,03/17/2025,已处理,24.1,62.8
REC-0173,DEV_0135,锈蚀,轻微,2025/11/04,处理中,29.8,255.3
REC-0451,DEV_0057,异物,一般 ,2025/09/15,未处理,16.5,62.8
REC-0126,DEV_0057,发热,一般 ,2025-09-20,已处理,27.2,42.4
REC-1299,DEV_0010,渗漏油,一般,2025-08-26,已处理 ,4.1,N/A
REC-0531,DEV_0234,破损,较重,2025-12-03,处理完成,15.5,627.5
REC-0714,DEV_0234,渗漏油,较重,02/23/2025,处理中,25.9,391.10 kW
REC-0091,DEV_0071,发热,轻微,11/17/2025,在办,22.5,83.9
REC-1270,DEV_0065,锈蚀,轻微,2025/11/11,处理中,11.4,59.4
REC-0182,DEV_0086,破损,一般 ,09/03/2025,已处理 ,20.8,151.6
REC-1009,DEV_0071,渗漏油,轻微,2025-02-04,未处理,48.6,92.2
REC-0415,DEV_0019,异物,较重,02/24/2025,已处理 ,11.2,577.6
REC-0252,DEV_0013,发热,一般 ,2025年11月11日,在办,11.4,45.5
REC-0070,DEV_0015,锈蚀,一般 ,2025/12/07,处理中,30.4,56.2
REC-0132,DEV_0216,破损,紧急,11/30/2025,处理完成,29.4,171.8
REC-0301,DEV_0159,渗漏油,严重,2025/02/28,已处理 ,10.4,324.7
REC-1203,DEV_0224,放电痕迹,轻微,2025年1月10日,在办,23.6,36.5
REC-0327,DEV_0096,渗漏油,一般 ,03/03/2025,在办,27.8,167.3
REC-1284,DEV_0097,渗漏油,一般 ,2025-03-30,已处理,22.0,24.4
REC-1084,DEV_0237,破损,一般,2025-10-19,已处理,27.8,73.0
REC-0500,DEV_0289,渗漏油,严重,09/06/2025,已处理,14.1,503.8
REC-0799,DEV_0085,渗漏油,严重,09/13/2025,在办,23.1,625.3
REC-0365,DEV_0168,异物,一般,03/27/2025,已处理,13.0,32.3
REC-0496,DEV_0205,锈蚀,一般,2025年11月10日,在办,,43.0
REC-1223,DEV_0032,异物,一般 ,2025/04/30,在办,,136.7
REC-0339,DEV_0212,锈蚀,轻微,2025/03/10,处理完成,47.0,76.5
REC-0422,DEV_0002,发热,轻微,2025-03-22,处理完成,38.8,61.0
REC-0165,DEV_0167,渗漏油,一般,2025/02/14,已处理,4.9,48.8
REC-0029,DEV_0047,异物,轻微,2025/02/15,处理中,38.1,96.1
REC-0517,DEV_0194,渗漏油,轻微,2025/03/25,已处理 ,23.3,87.7
REC-0194,DEV_0223,发热,严重,2025-12-08,已处理 ,4.9,624.1
REC-0763,DEV_0043,发热,轻微,2025/07/21,已处理 ,19.5,53.0
REC-0943,DEV_0289,锈蚀,严重,2025-09-07,未处理 ,12.7,570.7
REC-0170,DEV_0191,放电痕迹,危急,2025年11月2日,已处理 ,12.9,496.6
REC-1287,DEV_0074,破损,较重,05/21/2025,处理完成,27.5,607.1
REC-0653,DEV_0137,放电痕迹,轻微,2025-12-06,已处理,7.9,42.4
REC-0174,DEV_0127,渗漏油,一般 ,04/25/2025,处理完成,-1.0,33.2
REC-0519,DEV_0124,放电痕迹,较重,2025-11-08,处理完成,19.6,489.7
REC-1069,DEV_0036,异物,轻微,2025-10-07,处理中,29.9,61.3
REC-0848,DEV_0160,锈蚀,一般 ,2025年12月7日,已处理,13.3,72.9
REC-0492,DEV_0267,异物,一般,10/08/2025,已处理 ,16.0,153.3
REC-0074,DEV_0203,破损,一般,2025-10-29,在办,8.2,59.6
REC-1101,DEV_0081,锈蚀,轻微,2025-10-22,处理完成,,620.40
REC-0588,DEV_0030,锈蚀,一般 ,2025年1月12日,处理中,27.7,203.7
REC-0937,DEV_0164,渗漏油,一般 ,01/03/2025,未处理 ,4.4,88.4
REC-0658,DEV_0176,发热,一般 ,2025-03-13,处理完成,,76.9
REC-0235,DEV_0096,异物,较重,2025-04-07,处理完成,10.3,165.2
REC-0733,DEV_0251,破损,一般 ,2025年11月30日,已处理 ,23.2,72.9
REC-0215,DEV_0176,放电痕迹,严重,2025-05-19,处理中,29.7,108.1
REC-0163,DEV_0106,放电痕迹,较重,2025-10-25,处理中,42.4,70.1
REC-0133,DEV_0128,破损,严重,12/23/2025,处理完成,14.2,569.8
REC-0939,DEV_0162,锈蚀,轻微,2025-01-20,处理完成,30.6,47.3
REC-0886,DEV_0197,锈蚀,危急,10/05/2025,在办,,138.7
REC-1081,DEV_0229,破损,一般 ,2025年8月29日,已处理,23.3,124.7
REC-0186,DEV_0071,发热,一般 ,2025-08-28,已处理,11.6,727.20
REC-0042,DEV_0234,异物,严重,2025/08/09,已处理 ,17.8,436.1
REC-0693,DEV_0264,破损,一般,2025/12/09,已处理,19.6,45.4
REC-0109,DEV_0125,放电痕迹,一般,07/29/2025,已处理 ,17.9,44.7
REC-0039,DEV_0090,锈蚀,一般,2025-06-21,已处理,,36.0
REC-0569,DEV_0021,锈蚀,轻微,2025/06/28,处理完成,14.1,30.3
REC-0781,DEV_0198,放电痕迹,一般,07/22/2025,在办,22.2,61.5
REC-1114,DEV_0016,锈蚀,一般,2025-02-22,未处理,16.9,67.9
REC-1263,DEV_0143,放电痕迹,一般,06/17/2025,已处理 ,12.4,25.5
REC-0484,DEV_0239,发热,严重,06/09/2025,处理完成,11.5,1011.0
REC-0469,DEV_0160,异物,轻微,01/30/2025,已处理,19.6,38.7
REC-0025,DEV_0126,破损,严重,2025-03-15,已处理 ,7.1,618.3
REC-0793,DEV_0087,破损,轻微,2025/01/23,已处理,32.3,58.4
REC-0818,DEV_0218,发热,严重,2025/11/30,已处理,8.5,452.9
REC-0910,DEV_0086,异物,较重,2025/01/13,未处理 ,17.6,91.7
REC-1112,DEV_0021,异物,一般 ,2025-12-17,处理完成,32.2,69.3
REC-0367,DEV_0291,发热,严重,2025-02-05,已处理,13.8,725.5
REC-1183,DEV_0276,锈蚀,轻微,09/12/2025,处理中,30.7,53.0
REC-1156,DEV_0111,渗漏油,轻微,09/30/2025,未处理,18.5,56.1
REC-0384,DEV_0125,渗漏油,一般,2025年12月5日,未处理 ,6.2,48.1
REC-0735,DEV_0045,异物,一般 ,2025/09/07,已处理 ,19.2,35.3
REC-0718,DEV_0148,渗漏油,轻微,2025/03/05,已处理,17.3,160.8
REC-0455,DEV_0047,渗漏油,轻微,11/01/2025,处理中,27.0,64.9
REC-0265,DEV_0256,渗漏油,一般,2025-01-19,已处理,20.4,80.7
REC-0918,DEV_0163,发热,严重,04/15/2025,处理中,14.6,173.2
REC-0233,DEV_0052,异物,危急,2025-02-08,处理中,44.8,86.3
REC-0445,DEV_0040,渗漏油,严重,2025/07/20,处理中,10.7,111.1
REC-0396,DEV_0050,破损,一般 ,07/23/2025,已处理,25.4,80.8
REC-0899,DEV_0226,异物,较重,06/21/2025,处理完成,28.9,671.1
REC-0177,DEV_0289,放电痕迹,较重,2025/04/25,在办,44.2,430.8
REC-0019,DEV_0243,锈蚀,一般,05/29/2025,处理完成,5.2,64.6
REC-1152,DEV_0226,锈蚀,严重,2025/09/15,已处理,7.8,787.0
REC-0870,DEV_0126,渗漏油,较重,2025/10/20,处理完成,7.1,543.6
REC-0989,DEV_0139,渗漏油,一般 ,2025年3月16日,已处理,16.3,46.2
REC-0827,DEV_0185,发热,轻微,2025-08-21,已处理,23.0,77.7
REC-0596,DEV_0061,发热,严重,2025/04/10,已处理 ,46.2,680.5
REC-0062,DEV_0278,渗漏油,轻微,2025/01/31,已处理 ,24.2,45.3
REC-0273,DEV_0135,锈蚀,严重,07/26/2025,已处理 ,,230.2
REC-1064,DEV_0155,渗漏油,一般 ,2025/05/29,处理中,5.2,101.7
REC-1234,DEV_0095,放电痕迹,较重,10/13/2025,未处理 ,16.3,457.4
REC-0279,DEV_0070,渗漏油,较重,2025年9月25日,处理完成,16.5,436.8
REC-1023,DEV_0008,放电痕迹,一般 ,06/14/2025,未处理,3.9,59.3
REC-0695,DEV_0041,发热,轻微,2025-05-30,处理完成,21.1,39.5
REC-0369,DEV_0273,锈蚀,危急,2025-02-23,处理完成,22.7,606.6
REC-1209,DEV_0140,异物,轻微,2025-05-05,处理中,50.8,138.9
REC-0037,DEV_0002,渗漏油,一般 ,2025/07/16,已处理,,59.0
REC-0736,DEV_0050,锈蚀,一般 ,12/27/2025,未处理,26.8,157.6
REC-0994,DEV_0066,渗漏油,一般 ,08/06/2025,未处理 ,20.9,50.9
REC-0663,DEV_0255,发热,一般 ,2025-06-20,在办,26.5,220.8
REC-0869,DEV_0100,锈蚀,严重,2025-01-21,未处理,62.7,376.5
REC-0935,DEV_0133,异物,轻微,2025-04-15,处理完成,11.0,81.3
REC-0548,DEV_0114,渗漏油,危急,2025-09-27,已处理 ,17.6,36.2
REC-1051,DEV_0152,渗漏油,紧急,01/23/2025,已处理,,594.4
REC-0689,DEV_0019,锈蚀,严重,2025/09/17,在办,16.6,615.6
REC-0739,DEV_0288,渗漏油,危急,2025-08-11,在办,13.6,316.2
REC-0192,DEV_0159,放电痕迹,危急,2025-07-05,已处理,9.1,631.7
REC-0457,DEV_0255,异物,轻微,08/10/2025,已处理 ,27.3,175.6
REC-0394,DEV_0006,破损,轻微,2025/08/28,处理完成,36.8,63.4
REC-0676,DEV_0037,发热,较重,2025/04/03,在办,9.2,209.5
REC-0761,DEV_0252,异物,较重,2025/07/27,已处理 ,,61.8
REC-1293,DEV_0279,异物,轻微,2025-09-19,已处理,5.1,91.9
REC-0729,DEV_0055,锈蚀,轻微,2025-11-13,在办,46.6,42.5
REC-0420,DEV_0298,渗漏油,危急,07/04/2025,在办,10.0,517.5
REC-0376,DEV_0096,破损,一般,2025年1月6日,处理完成,8.0,158.4
REC-0413,DEV_0202,破损,严重,2025-08-24,已处理 ,4.8,N/A
REC-0075,DEV_0229,发热,一般,2025/08/28,已处理 ,22.4,157.7
REC-1230,DEV_0082,放电痕迹,紧急,02/18/2025,已处理 ,16.3,639.7
REC-1034,DEV_0042,异物,危急,2025-09-30,已处理,15.9,73.1
REC-0501,DEV_0080,渗漏油,一般 ,2025-02-14,未处理 ,3.5,67.8
REC-0826,DEV_0142,破损,一般,05/01/2025,已处理 ,39.4,48.9
REC-0974,DEV_0230,破损,危急,2025/09/20,已处理,8.6,456.1
REC-0617,DEV_0071,发热,危急,2025/10/24,处理中,32.4,110.9
REC-0115,DEV_0271,破损,一般,2025年7月24日,未处理 ,5.3,58.0
REC-0418,DEV_0153,锈蚀,严重,2025-06-08,已处理,23.2,412.1
REC-0602,DEV_0141,放电痕迹,一般 ,2025/10/27,已处理,12.3,79.1
REC-0605,DEV_0039,放电痕迹,一般,10/16/2025,在办,16.1,51.5
REC-1014,DEV_0035,放电痕迹,危急,2025/03/23,已处理 ,17.9,611.6
REC-0090,DEV_0187,异物,严重,05/24/2025,已处理 ,30.6,642.2
REC-1001,DEV_0110,放电痕迹,一般,2025/02/17,已处理 ,12.5,47.1
REC-1257,DEV_0253,渗漏油,一般 ,08/28/2025,处理完成,29.1,79.1
REC-0754,DEV_0140,破损,较重,2025/03/20,处理中,11.8,87.8
REC-0499,DEV_0108,破损,一般,2025/09/29,已处理,16.0,71.8
REC-1042,DEV_0200,渗漏油,严重,2025/10/28,处理中,10.8,43.1
REC-1048,DEV_0053,放电痕迹,一般,2025年9月2日,处理完成,15.3,144.5
REC-1206,DEV_0249,放电痕迹,一般 ,2025-10-24,在办,20.4,46.9
REC-0012,DEV_0235,放电痕迹,较重,2025-04-15,已处理 ,11.7,104.2
REC-0397,DEV_0198,发热,一般,2025/05/01,处理完成,45.1,65.0
REC-0912,DEV_0203,发热,一般 ,2025/11/15,已处理,19.7,63.3
REC-0556,DEV_0096,锈蚀,一般 ,2025-04-23,处理中,25.6,395.3
REC-0043,DEV_0289,异物,严重,2025/02/02,已处理,6.4,645.9
REC-0842,DEV_0268,破损,严重,2025-05-18,已处理 ,21.0,106.0
REC-0168,DEV_0136,渗漏油,一般,2025/06/15,已处理,2.4,20.2
REC-0417,DEV_0239,破损,较重,11/08/2025,已处理,30.0,369.5
REC-0577,DEV_0100,破损,一般,2025/05/09,已处理,19.6,326.8
REC-0835,DEV_0296,发热,一般,2025年11月30日,已处理 ,24.4,46.3
REC-0268,DEV_0116,放电痕迹,轻微,2025-07-16,在办,57.6,52.7
REC-1041,DEV_0068,放电痕迹,严重,2025/01/20,在办,13.5,120.2
REC-0427,DEV_0174,锈蚀,轻微,12/28/2025,处理中,11.4,29.8
REC-0691,DEV_0056,异物,一般 ,2025-12-06,已处理 ,30.7,71.4
REC-0545,DEV_0064,锈蚀,一般 ,04/07/2025,未处理,8.7,134.9
REC-1231,DEV_0040,放电痕迹,一般,2025/04/01,处理完成,19.5,—
REC-0675,DEV_0123,渗漏油,一般,11/26/2025,在办,14.8,58.1
REC-0690,DEV_0135,渗漏油,一般 ,2025/12/05,已处理 ,4.0,173.6
REC-1159,DEV_0188,发热,轻微,12/06/2025,已处理,4.6,43.6
REC-0852,DEV_0091,放电痕迹,一般 ,2025/05/02,已处理 ,4.6,85.7
REC-1286,DEV_0109,破损,一般,01/24/2025,已处理,15.2,84.7
REC-0160,DEV_0110,破损,一般 ,02/10/2025,已处理,19.9,38.3
REC-1049,DEV_0047,破损,一般 ,05/18/2025,已处理 ,14.9,62.4
REC-0258,DEV_0137,锈蚀,轻微,2025-01-02,已处理,23.5,61.7
REC-1027,DEV_0264,锈蚀,一般,2025/09/01,处理完成,21.7,63.5
REC-0336,DEV_0010,异物,危急,2025/03/17,已处理 ,15.6,100.5
REC-1235,DEV_0136,破损,一般 ,2025年5月16日,已处理 ,22.6,55.8
REC-0016,DEV_0035,发热,较重,2025/01/25,已处理,3.9,609.3
REC-0516,DEV_0264,破损,轻微,2025/01/10,已处理 ,12.7,45.5
REC-0325,DEV_0182,渗漏油,一般,2025年7月10日,未处理,13.1,34.7
REC-0769,DEV_0252,异物,轻微,2025/02/23,在办,10.2,90.8
REC-0608,DEV_0145,放电痕迹,一般,2025-01-22,已处理 ,31.8,55.8
REC-1157,DEV_0124,发热,严重,07/11/2025,在办,29.7,382.1
REC-1278,DEV_0053,锈蚀,一般 ,2025-09-16,未处理,8.5,147.9
REC-0893,DEV_0242,异物,严重,11/04/2025,处理完成,,66.6
REC-0223,DEV_0177,放电痕迹,一般,2025-04-28,已处理 ,59.2,53.0
REC-0180,DEV_0163,发热,严重,2025/05/23,处理完成,15.6,102.4
REC-0966,DEV_0278,放电痕迹,轻微,2025-09-17,已处理 ,15.0,40.5
REC-0100,DEV_0009,异物,一般,05/10/2025,未处理 ,30.7,100.8
REC-0837,DEV_0176,锈蚀,危急,2025-03-13,处理完成,13.2,111.6
REC-0758,DEV_0160,渗漏油,一般 ,12/18/2025,已处理,10.4,41.3
REC-0522,DEV_0223,发热,较重,2025-01-24,处理完成,14.2,671.8
REC-0762,DEV_0297,异物,轻微,01/16/2025,未处理,17.5,74.4
REC-0023,DEV_0289,渗漏油,较重,2025-01-08,已处理,6.0,523.9
REC-0357,DEV_0270,破损,严重,2025/05/24,处理完成,,523.7
REC-0734,DEV_0286,渗漏油,一般 ,2025/09/04,处理完成,55.3,34.9
REC-1092,DEV_0097,异物,一般 ,2025/07/14,未处理 ,18.3,39.2
REC-1217,DEV_0186,渗漏油,较重,2025-06-12,处理中,25.0,39.2
REC-0612,DEV_0196,放电痕迹,一般 ,2025-05-23,处理完成,2.2,217.4
REC-1119,DEV_0256,锈蚀,一般,2025/01/28,处理中,52.5,96.8
REC-0341,DEV_0143,异物,一般 ,2025年3月15日,未处理 ,17.8,30.6
REC-0432,DEV_0270,异物,较重,2025-01-30,已处理 ,9.7,527.8
REC-0948,DEV_0281,发热,危急,08/26/2025,已处理,3.3,399.2
REC-0218,DEV_0132,发热,一般,04/06/2025,已处理 ,3.3,46.3
REC-0204,DEV_0097,渗漏油,轻微,01/02/2025,已处理,10.4,59.5
REC-1177,DEV_0257,异物,轻微,2025-01-26,处理完成,569.2,104.0
REC-1071,DEV_0097,异物,一般 ,2025/04/14,处理完成,11.7,51.2
REC-0094,DEV_0002,异物,轻微,2025/07/01,已处理,18.2,63.6
REC-0969,DEV_0281,异物,严重,05/17/2025,已处理 ,13.1,308.7
REC-0069,DEV_0286,锈蚀,轻微,01/10/2025,未处理 ,13.9,N/A
REC-1148,DEV_0226,破损,危急,04/27/2025,已处理,29.5,393.2
REC-0285,DEV_0125,锈蚀,一般,2025年10月15日,在办,,54.9
REC-0697,DEV_0173,锈蚀,紧急,12/21/2025,处理完成,22.6,417.9
REC-0086,DEV_0015,发热,一般,2025年11月1日,已处理 ,32.2,34.3
REC-0435,DEV_0125,破损,一般 ,05/26/2025,未处理,20.9,42.8
REC-0964,DEV_0274,破损,严重,2025/12/11,处理完成,8.1,599.4
REC-0154,DEV_0275,放电痕迹,一般,2025-10-22,处理完成,12.5,65.3
REC-0076,DEV_0214,发热,轻微,2025/04/21,未处理,26.7,226.7
REC-1143,DEV_0164,放电痕迹,轻微,2025/12/02,已处理 ,42.3,93.9
REC-9003,DEV_0001,锈蚀,一般,2025-08-22,已处理,17.9,53.6
REC-0790,DEV_0278,异物,一般 ,2025-04-03,已处理,24.7,48.3
REC-0581,DEV_0015,锈蚀,一般 ,06/08/2025,在办,10.7,26.8
REC-0447,DEV_0104,渗漏油,较重,2025/01/13,已处理,11.0,1014.5
REC-0704,DEV_0075,锈蚀,严重,2025/01/05,已处理,18.9,60.0
REC-0189,DEV_0268,锈蚀,轻微,2025-05-14,已处理,18.8,85.0
REC-0272,DEV_0210,锈蚀,轻微,11/22/2025,处理中,13.4,71.7
REC-1106,DEV_0029,放电痕迹,一般 ,04/14/2025,已处理 ,20.2,55.6
REC-0885,DEV_0040,锈蚀,严重,2025年2月19日,在办,18.9,54.2
REC-0237,DEV_0129,放电痕迹,轻微,2025/10/03,处理中,20.4,54.8
REC-0488,DEV_0123,破损,一般,2025/04/13,处理完成,11.4,78.4
REC-1276,DEV_0127,异物,一般,2025/01/05,处理完成,12.5,45.0
REC-0560,DEV_0175,发热,一般 ,2025/05/18,已处理 ,22.6,145.1
REC-0118,DEV_0178,放电痕迹,严重,08/07/2025,已处理,8.7,384.9
REC-0638,DEV_0092,异物,一般,2025年5月7日,已处理 ,39.6,48.0
REC-1182,DEV_0135,发热,一般,04/02/2025,处理中,16.0,130.1
REC-0802,DEV_0019,破损,严重,2025-10-19,已处理,14.0,"6,524.40"
REC-0751,DEV_0275,渗漏油,轻微,2025/09/28,已处理 ,7.1,36.6
REC-0513,DEV_0264,放电痕迹,轻微,2025/09/06,已处理 ,25.9,34.6
REC-0634,DEV_0022,放电痕迹,一般 ,2025年11月25日,已处理 ,17.9,43.9
REC-1154,DEV_0140,渗漏油,轻微,11/27/2025,处理完成,12.0,80.7
REC-1116,DEV_0001,发热,一般,2025/12/26,已处理 ,14.7,59.5
REC-0908,DEV_0042,破损,一般 ,2025年2月1日,未处理 ,18.3,91.1
REC-1190,DEV_0262,破损,一般,2025/04/04,已处理 ,20.9,74.0
REC-0127,DEV_0204,异物,较重,2025年10月12日,已处理,9.2,72.0
REC-0791,DEV_0160,异物,一般 ,2025-09-28,处理中,37.0,30.4
REC-0830,DEV_0103,渗漏油,较重,02/20/2025,在办,27.1,419.9
REC-0117,DEV_0213,异物,一般,01/26/2025,已处理 ,27.9,26.6
REC-0474,DEV_0228,发热,一般 ,04/12/2025,未处理 ,10.4,96.5
REC-0741,DEV_0050,发热,严重,2025/03/10,处理中,11.2,95.6
REC-1111,DEV_0085,锈蚀,严重,2025/11/20,处理中,16.1,266.8
REC-0951,DEV_0099,放电痕迹,较重,2025-12-09,未处理,5.3,616.0
REC-0058,DEV_0167,渗漏油,一般,2025-10-29,在办,49.0,67.5
REC-0604,DEV_0078,放电痕迹,严重,08/25/2025,已处理,24.4,675.2
REC-0787,DEV_0249,破损,轻微,2025-01-11,处理完成,29.7,79.3
REC-0831,DEV_0167,渗漏油,轻微,07/31/2025,已处理,17.4,30.6
REC-0120,DEV_0120,破损,轻微,05/20/2025,处理完成,55.0,64.7
REC-0657,DEV_0113,发热,危急,2025-01-10,未处理 ,24.4,57.4
REC-1145,DEV_0177,异物,轻微,09/09/2025,已处理,,84.2
REC-0670,DEV_0232,渗漏油,轻微,2025/10/12,处理完成,24.1,185.2
REC-0106,DEV_0202,锈蚀,一般 ,2025/04/17,未处理 ,1.0,251.2
REC-0636,DEV_0042,放电痕迹,轻微,2025/04/04,已处理 ,30.0,108.3
REC-0370,DEV_0296,渗漏油,一般,2025年11月22日,处理完成,43.4,37.0
REC-0269,DEV_0234,锈蚀,较重,11/26/2025,已处理 ,27.7,537.0
REC-0656,DEV_0256,渗漏油,较重,2025-08-29,处理完成,15.6,96.1
REC-0820,DEV_0139,锈蚀,轻微,2025-01-18,在办,21.3,40.3
REC-0936,DEV_0206,渗漏油,一般,02/03/2025,处理中,21.8,46.6
REC-0823,DEV_0198,放电痕迹,一般,03/17/2025,已处理,29.5,52.7
REC-0867,DEV_0218,渗漏油,紧急,2025年10月20日,已处理 ,9.5,582.8
REC-0047,DEV_0258,破损,较重,2025/12/25,已处理 ,26.6,687.9
REC-0350,DEV_0002,异物,一般 ,2025-10-25,已处理,5.8,32.6
REC-1135,DEV_0166,发热,轻微,2025/11/11,处理中,3.8,68.5
REC-0877,DEV_0140,放电痕迹,轻微,09/07/2025,未处理 ,24.9,95.1
REC-0774,DEV_0103,破损,紧急,09/25/2025,处理中,8.9,419.5
REC-0196,DEV_0178,破损,较重,07/14/2025,处理中,41.2,600.4
REC-0103,DEV_0210,放电痕迹,轻微,2025/11/19,未处理 ,9.1,85.0
REC-0005,DEV_0196,锈蚀,轻微,2025/05/30,处理中,16.9,128.8
REC-0620,DEV_0089,异物,一般,2025/04/08,在办,56.8,67.4
REC-0572,DEV_0114,异物,一般 ,2025-11-08,未处理 ,13.8,63.2
REC-0053,DEV_0023,渗漏油,危急,2025年5月16日,未处理,6.0,411.5
REC-0264,DEV_0016,渗漏油,一般,02/17/2025,已处理,7.7,29.9
REC-1198,DEV_0087,锈蚀,轻微,05/25/2025,在办,16.6,93.3
REC-0444,DEV_0179,破损,一般 ,07/30/2025,已处理 ,27.3,110.0
REC-9000,DEV_0148,发热,轻微,2025/12/18,处理中,6.2,151.5
REC-0783,DEV_0017,放电痕迹,轻微,2025-11-01,未处理,29.5,196.0
REC-0838,DEV_0013,异物,一般 ,2025-10-02,已处理 ,57.7,31.9
REC-1173,DEV_0019,渗漏油,较重,11/07/2025,已处理,22.3,331.4
REC-0692,DEV_0074,发热,严重,08/10/2025,已处理,23.0,375.7
REC-0305,DEV_0180,锈蚀,一般 ,2025/05/30,已处理 ,41.0,82.4
REC-0342,DEV_0073,异物,一般,2025/02/28,已处理,14.7,37.7
REC-1036,DEV_0238,发热,较重,2025-02-13,处理完成,7.1,720.7
REC-0314,DEV_0100,渗漏油,严重,03/18/2025,已处理 ,33.3,495.8
REC-0150,DEV_0179,发热,较重,04/11/2025,未处理,57.8,229.1
REC-0125,DEV_0260,破损,一般,07/14/2025,已处理 ,10.1,192.3
REC-1167,DEV_0102,渗漏油,一般 ,2025/02/13,已处理 ,8.0,41.7
REC-0575,DEV_0231,破损,较重,2025-03-31,未处理 ,13.4,195.9
REC-0698,DEV_0263,放电痕迹,严重,2025/09/28,已处理 ,5.2,599.8
REC-0665,DEV_0251,渗漏油,严重,11/16/2025,已处理 ,9.9,134.1
REC-0051,DEV_0073,放电痕迹,一般 ,03/27/2025,处理完成,22.1,44.4
REC-1033,DEV_0282,异物,一般,2025年8月13日,未处理 ,7.2,57.8
REC-0959,DEV_0244,放电痕迹,严重,2025-03-06,未处理,24.6,478.2
REC-0727,DEV_0108,渗漏油,一般,12/27/2025,处理完成,4.1,42.0
REC-0800,DEV_0085,异物,一般,2025-08-16,已处理,16.7,518.5
REC-0834,DEV_0204,破损,轻微,08/06/2025,已处理 ,13.6,103.5
REC-0354,DEV_0186,锈蚀,轻微,08/22/2025,处理完成,32.2,62.8
REC-1261,DEV_0103,异物,严重,2025-04-25,已处理,24.2,403.3
REC-0143,DEV_0036,渗漏油,一般,2025/01/02,在办,83.9,40.5
REC-0471,DEV_0229,异物,紧急,2025-10-19,未处理 ,9.9,75.2
REC-0883,DEV_0098,破损,一般 ,2025/11/20,已处理 ,27.7,76.6
REC-0972,DEV_0224,破损,较重,2025/01/24,已处理,24.5,45.2
REC-0654,DEV_0049,破损,轻微,2025/04/02,已处理 ,18.9,108.8
REC-0400,DEV_0213,渗漏油,轻微,09/07/2025,在办,39.6,46.0
REC-1006,DEV_0240,破损,轻微,2025-08-09,已处理 ,4.2,59.4
REC-0512,DEV_0141,发热,一般 ,2025-11-07,未处理 ,8.2,92.5
REC-1258,DEV_0281,破损,严重,10/16/2025,未处理 ,37.4,460.6
REC-0321,DEV_0260,锈蚀,一般 ,2025/06/09,处理完成,23.9,157.9
REC-0020,DEV_0133,渗漏油,一般,2025/04/12,已处理,26.9,92.2
REC-0685,DEV_0186,锈蚀,一般 ,02/06/2025,处理完成,27.6,52.9
REC-0036,DEV_0104,放电痕迹,紧急,06/23/2025,已处理 ,25.3,336.0
REC-0825,DEV_0022,破损,轻微,2025-12-14,未处理,19.0,45.4
REC-0903,DEV_0052,发热,一般 ,2025年9月13日,未处理 ,29.2,45.8
REC-0506,DEV_0258,发热,较重,2025/06/09,在办,12.3,"4,290.00"
REC-0828,DEV_0286,异物,一般,2025/03/31,未处理,4.9,54.1
REC-1176,DEV_0298,发热,严重,2025/12/14,已处理,28.7,513.5
REC-0408,DEV_0179,渗漏油,一般 ,04/21/2025,已处理,41.2,182.4
REC-0921,DEV_0231,异物,轻微,07/27/2025,处理中,13.4,143.9
REC-0538,DEV_0030,破损,严重,2025/01/01,已处理 ,50.9,151.4
REC-0759,DEV_0199,锈蚀,一般,2025-05-08,已处理,15.7,185.4
REC-0246,DEV_0011,发热,一般 ,2025/01/02,处理完成,38.6,99.5
REC-0785,DEV_0192,渗漏油,一般 ,2025年6月30日,处理中,30.9,51.7
REC-0490,DEV_0029,异物,一般,2025年10月8日,已处理,30.0,31.3
REC-0155,DEV_0066,发热,轻微,12/04/2025,已处理,4.7,63.8
REC-0962,DEV_0074,渗漏油,较重,03/03/2025,处理完成,15.3,527.6
REC-0854,DEV_0285,异物,一般,10/22/2025,已处理,38.9,89.2
REC-0626,DEV_0271,破损,一般,04/16/2025,处理完成,7.9,46.6
REC-0686,DEV_0054,破损,轻微,2025年8月21日,在办,16.5,66.6
REC-0570,DEV_0060,锈蚀,一般 ,2025/01/29,处理完成,43.4,136.7
REC-1252,DEV_0268,发热,一般 ,04/21/2025,已处理 ,2.9,72.5
REC-0018,DEV_0220,放电痕迹,轻微,11/14/2025,未处理,24.0,65.7
REC-0128,DEV_0026,放电痕迹,一般,2025/08/23,处理完成,3.4,202.9
REC-0928,DEV_0188,破损,一般 ,2025/06/23,处理中,12.9,41.0
REC-0981,DEV_0210,渗漏油,严重,2025/07/24,已处理,26.0,94.5
REC-1289,DEV_0158,异物,一般,2025-05-23,处理中,35.0,238.7
REC-0191,DEV_0092,破损,一般 ,2025/08/22,处理中,14.8,38.2
REC-0993,DEV_0086,发热,轻微,09/05/2025,处理完成,10.9,79.2
REC-1283,DEV_0055,锈蚀,轻微,2025-06-19,已处理,28.5,58.0
REC-0607,DEV_0003,破损,轻微,01/05/2025,处理完成,8.2,24.9
REC-0181,DEV_0295,发热,轻微,2025-03-03,处理完成,28.1,26.6
REC-0302,DEV_0079,发热,较重,2025/08/01,未处理 ,28.0,63.6
REC-0497,DEV_0141,锈蚀,轻微,2025/09/26,未处理 ,8.4,76.5
REC-1136,DEV_0162,渗漏油,轻微,2025-06-19,已处理,14.8,74.0
REC-1090,DEV_0125,放电痕迹,轻微,2025/07/25,已处理 ,8.6,39.8
REC-0518,DEV_0114,异物,轻微,02/26/2025,已处理 ,10.2,44.6
REC-0477,DEV_0045,异物,一般 ,2025/09/30,在办,24.8,38.7
REC-0158,DEV_0041,渗漏油,严重,2025/05/01,未处理 ,21.8,56.8
REC-0017,DEV_0153,发热,一般 ,06/17/2025,未处理 ,21.0,445.8
REC-0547,DEV_0297,破损,轻微,2025-05-30,处理完成,21.4,43.2
REC-0659,DEV_0158,锈蚀,轻微,2025-03-23,已处理,15.3,151.5
REC-1080,DEV_0202,破损,轻微,07/22/2025,已处理 ,25.5,159.7
REC-1020,DEV_0058,破损,一般 ,2025/02/16,处理中,13.6,70.1
REC-1104,DEV_0264,放电痕迹,一般 ,2025/10/05,未处理,23.0,50.4
REC-0960,DEV_0101,放电痕迹,紧急,04/04/2025,已处理 ,36.7,42.7
REC-1237,DEV_0192,异物,一般 ,08/28/2025,处理中,28.0,51.7
REC-0284,DEV_0034,发热,一般,2025-08-24,未处理,9999.0,130.4
REC-0798,DEV_0299,破损,严重,2025/02/26,已处理 ,14.7,855.3
REC-0226,DEV_0245,放电痕迹,严重,2025-10-19,未处理 ,42.0,711.7
REC-0027,DEV_0033,锈蚀,一般,03/24/2025,处理中,16.1,85.8
REC-0438,DEV_0187,放电痕迹,一般 ,2025年5月31日,已处理,21.2,742.7
REC-1277,DEV_0157,破损,一般 ,2025/02/06,已处理 ,,56.5
REC-0230,DEV_0237,锈蚀,较重,2025-03-06,在办,43.1,134.6
REC-0038,DEV_0038,异物,紧急,2025/11/16,处理完成,34.8,275.2
REC-0750,DEV_0097,发热,一般,2025-03-02,在办,4.8,42.1
REC-1046,DEV_0250,破损,轻微,01/28/2025,处理完成,24.1,52.5
REC-0470,DEV_0218,锈蚀,危急,2025-07-01,已处理,35.3,733.5
REC-1125,DEV_0225,发热,一般 ,04/17/2025,处理完成,11.2,60.4
REC-1291,DEV_0103,锈蚀,严重,01/27/2025,已处理 ,32.2,731.3
REC-0688,DEV_0125,渗漏油,一般,11/05/2025,已处理 ,33.9,60.7
REC-1207,DEV_0112,渗漏油,轻微,05/26/2025,处理完成,27.5,35.6
REC-0640,DEV_0166,放电痕迹,较重,2025-09-19,已处理,37.9,54.3
REC-1139,DEV_0014,破损,轻微,2025/04/02,处理中,4.7,178.1
REC-1100,DEV_0268,放电痕迹,一般,2025/07/20,已处理,24.1,91.4
REC-1193,DEV_0186,发热,一般 ,2025/01/30,处理完成,13.8,65.1
REC-0801,DEV_0264,放电痕迹,轻微,2025/08/26,已处理,65.3,70.2
REC-0161,DEV_0025,发热,一般,2025-04-23,处理中,6.2,44.7
REC-0957,DEV_0133,发热,严重,2025-12-27,已处理 ,8.4,70.9
REC-0822,DEV_0198,放电痕迹,轻微,02/19/2025,已处理 ,28.4,73.7
REC-1118,DEV_0131,破损,一般 ,2025/12/02,处理完成,53.3,29.1
REC-0878,DEV_0133,渗漏油,一般,2025年11月12日,未处理,21.7,107.3
REC-0914,DEV_0274,破损,较重,2025/01/06,未处理 ,11.3,449.1
REC-0153,DEV_0149,发热,轻微,2025-07-06,已处理,13.7,131.3
REC-1202,DEV_0170,异物,较重,2025/12/28,在办,18.0,263.2
REC-0510,DEV_0064,锈蚀,一般 ,2025/03/01,未处理,6.1,308.4
REC-1224,DEV_0248,放电痕迹,较重,2025/02/01,已处理 ,24.4,561.8
REC-0104,DEV_0269,放电痕迹,轻微,05/27/2025,已处理,24.6,66.7
REC-0587,DEV_0060,放电痕迹,轻微,11/04/2025,处理中,18.2,178.0
REC-1165,DEV_0228,放电痕迹,一般 ,11/10/2025,已处理 ,27.9,91.1
REC-0054,DEV_0239,异物,紧急,05/01/2025,已处理 ,21.1,625.9
REC-0152,DEV_0118,渗漏油,一般 ,05/01/2025,处理中,36.9,66.7
REC-0404,DEV_0096,破损,一般,2025/08/25,已处理 ,17.8,109.4
REC-0208,DEV_0263,异物,紧急,2025-08-03,已处理,16.0,490.4
REC-1243,DEV_0003,锈蚀,轻微,10/16/2025,未处理 ,30.5,59.5
REC-0009,DEV_0086,异物,一般 ,2025-06-29,处理完成,26.6,101.0
REC-1015,DEV_0035,渗漏油,较重,02/22/2025,未处理,48.3,959.0
REC-1061,DEV_0008,放电痕迹,一般 ,2025-09-16,处理完成,50.6,62.2
REC-0453,DEV_0016,放电痕迹,一般 ,2025年10月28日,未处理,32.6,47.9
REC-0254,DEV_0074,渗漏油,严重,2025-04-24,处理完成,14.0,355.3
REC-0897,DEV_0282,锈蚀,轻微,12/29/2025,处理中,38.8,100.4
REC-1150,DEV_0152,渗漏油,较重,2025年7月23日,处理完成,34.9,594.9
REC-0881,DEV_0249,破损,一般 ,2025-11-22,已处理 ,7.7,92.4
REC-1241,DEV_0109,破损,一般 ,2025-04-26,未处理,33.2,53.5
REC-0624,DEV_0264,放电痕迹,一般 ,02/26/2025,处理完成,4.5,41.9
REC-0346,DEV_0178,渗漏油,一般,2025年5月20日,已处理 ,16.4,499.2
REC-9001,DEV_0280,渗漏油,轻微,03/18/2025,已处理,16.5,81.2
REC-0263,DEV_0015,锈蚀,一般 ,2025/08/29,已处理,4.7,80.9
REC-0151,DEV_0019,锈蚀,严重,2025-03-31,已处理,19.4,467.6
REC-0473,DEV_0081,放电痕迹,轻微,12/11/2025,处理中,,38.7
REC-0641,DEV_0128,发热,较重,2025/03/24,已处理,5.6,594.0
REC-0479,DEV_0278,异物,一般 ,2025/06/19,处理完成,10.2,30.6
REC-1238,DEV_0203,锈蚀,一般,10/15/2025,已处理 ,17.5,53.6
REC-0551,DEV_0280,渗漏油,一般 ,07/31/2025,处理中,8.1,33.5
REC-0929,DEV_0020,放电痕迹,较重,09/04/2025,处理中,4.8,1108.7
REC-0489,DEV_0282,异物,严重,01/14/2025,处理完成,8.4,"1,123.20"
REC-1186,DEV_0263,锈蚀,较重,2025/09/03,未处理 ,12.9,613.2
REC-0147,DEV_0257,渗漏油,一般 ,2025-04-11,处理完成,6.5,161.9
REC-0403,DEV_0248,锈蚀,紧急,2025年9月1日,处理中,10.7,1175.9
REC-0955,DEV_0212,放电痕迹,一般 ,2025/11/06,已处理 ,3.6,73.2
REC-1233,DEV_0049,渗漏油,一般 ,2025-07-23,在办,25.2,81.0
REC-0660,DEV_0221,异物,较重,06/01/2025,已处理 ,21.5,372.2
REC-0464,DEV_0167,发热,轻微,2025/02/23,在办,16.6,49.8
REC-0187,DEV_0169,异物,危急,12/16/2025,在办,23.6,724.1
REC-0609,DEV_0027,破损,较重,04/05/2025,已处理,13.4,253.4
REC-0144,DEV_0173,渗漏油,严重,2025-05-25,已处理,24.0,451.2
REC-0752,DEV_0183,渗漏油,紧急,2025-06-17,未处理,7.0,595.7
REC-0982,DEV_0073,放电痕迹,一般 ,2025-12-30,已处理,36.3,26.8
REC-0198,DEV_0197,锈蚀,严重,11/25/2025,处理完成,33.6,168.0
REC-0884,DEV_0201,渗漏油,较重,2025/02/17,处理完成,22.9,415.1
REC-0280,DEV_0125,锈蚀,轻微,2025年4月20日,处理中,6.8,33.3
REC-0294,DEV_0100,破损,紧急,2025/07/29,已处理,28.0,513.8
REC-1194,DEV_0067,异物,轻微,06/04/2025,已处理,19.6,54.3
REC-0401,DEV_0091,发热,一般 ,2025-07-13,已处理 ,41.2,74.4
REC-0123,DEV_0165,锈蚀,一般,2025年9月21日,未处理 ,4.9,205.2
REC-0203,DEV_0090,放电痕迹,一般,2025/06/26,处理完成,48.1,84.0
REC-0836,DEV_0254,破损,一般 ,2025/07/02,处理完成,18.4,131.4
REC-0247,DEV_0282,锈蚀,轻微,07/06/2025,处理中,17.0,117.9
REC-1248,DEV_0194,异物,一般,2025-03-08,已处理,13.0,62.3
REC-1236,DEV_0170,放电痕迹,一般 ,2025/05/22,已处理 ,50.1,226.4
REC-0385,DEV_0191,破损,紧急,06/22/2025,已处理,15.6,808.8
REC-0855,DEV_0215,破损,一般 ,05/18/2025,处理完成,21.1,52.2
REC-0220,DEV_0143,异物,较重,05/01/2025,已处理 ,6.1,28.5
REC-0642,DEV_0030,锈蚀,较重,2025/08/04,处理完成,8.4,148.3
REC-0002,DEV_0144,放电痕迹,一般 ,05/09/2025,已处理,17.2,122.4
REC-0113,DEV_0234,发热,严重,2025/11/15,已处理,22.8,564.4
REC-0699,DEV_0225,渗漏油,一般 ,2025-12-01,在办,23.8,52.5
REC-1255,DEV_0250,破损,一般 ,2025-10-05,已处理 ,23.7,54.2
REC-0952,DEV_0097,异物,一般,2025/02/15,已处理,10.3,63.8
REC-1158,DEV_0066,锈蚀,轻微,2025/08/31,处理中,38.0,42.1
REC-1184,DEV_0118,放电痕迹,较重,04/29/2025,未处理 ,,57.0
REC-0442,DEV_0016,渗漏油,轻微,08/13/2025,已处理 ,16.5,29.0
REC-1137,DEV_0137,破损,一般,2025/01/08,处理完成,6.2,54.0
REC-0664,DEV_0112,异物,一般 ,2025年12月6日,未处理 ,14.8,99.6
REC-1201,DEV_0002,锈蚀,一般,02/12/2025,处理中,10.8,61.4
REC-0318,DEV_0015,破损,轻微,2025/11/12,未处理,36.6,49.1
REC-0649,DEV_0157,发热,一般 ,2025/04/24,处理中,31.3,—
REC-0710,DEV_0283,放电痕迹,轻微,2025-12-24,处理中,23.7,82.3
REC-0973,DEV_0300,渗漏油,轻微,2025/09/28,未处理,31.9,43.5
REC-0628,DEV_0296,破损,一般 ,2025/02/07,处理中,19.5,45.1
REC-0633,DEV_0177,放电痕迹,轻微,2025/04/21,处理完成,12.5,60.6
REC-1281,DEV_0196,渗漏油,一般,07/29/2025,未处理,53.3,244.3
REC-1212,DEV_0015,破损,轻微,2025年2月14日,未处理 ,26.8,61.8
REC-0796,DEV_0001,锈蚀,一般,2025-08-22,已处理,17.9,53.6
REC-0646,DEV_0186,渗漏油,一般,2025-07-16,在办,26.3,40.6
REC-1013,DEV_0182,锈蚀,轻微,12/29/2025,已处理 ,,46.9
REC-0557,DEV_0105,锈蚀,较重,2025年6月23日,已处理 ,10.1,458.3
REC-0682,DEV_0080,异物,轻微,2025-08-12,未处理,30.9,76.5
REC-0578,DEV_0049,破损,一般,2025-01-26,处理完成,,89.8
REC-1110,DEV_0161,破损,危急,12/28/2025,已处理,12.2,521.7
REC-0525,DEV_0161,放电痕迹,严重,10/05/2025,未处理,8.4,413.4
REC-1060,DEV_0298,发热,较重,2025-02-09,已处理,17.4,670.6
REC-0541,DEV_0130,锈蚀,一般,2025/08/11,已处理,11.0,61.2
REC-0749,DEV_0001,异物,轻微,2025-10-20,处理完成,8.2,41.7
REC-1215,DEV_0112,破损,一般 ,06/15/2025,已处理,12.1,59.7
REC-0485,DEV_0108,发热,一般,2025-10-01,未处理,10.0,36.9
REC-0096,DEV_0155,渗漏油,一般,03/16/2025,处理中,15.2,54.4
REC-1021,DEV_0284,发热,紧急,2025/07/23,已处理,60.0,401.5
REC-0564,DEV_0181,异物,一般 ,2025-06-15,未处理,38.0,95.5
REC-0743,DEV_0263,破损,严重,03/06/2025,已处理,8.4,670.5
REC-0864,DEV_0216,放电痕迹,较重,2025-11-25,处理完成,12.6,91.4
REC-0892,DEV_0098,放电痕迹,一般,2025-02-04,在办,4.0,52.0
REC-1039,DEV_0143,渗漏油,较重,11/30/2025,已处理,6.1,54.40 kW
REC-0207,DEV_0105,锈蚀,严重,2025/07/10,处理中,33.4,489.3
REC-0393,DEV_0116,破损,一般 ,2025/10/09,未处理 ,30.2,51.9
REC-0795,DEV_0227,异物,一般 ,10/11/2025,在办,0.9,62.8
REC-0871,DEV_0057,锈蚀,一般 ,2025年5月18日,未处理 ,6.0,59.9
REC-0398,DEV_0218,渗漏油,紧急,09/09/2025,已处理,14.9,484.5
REC-0767,DEV_0112,渗漏油,轻微,03/19/2025,已处理,32.6,62.9
REC-1205,DEV_0116,异物,一般 ,09/12/2025,已处理 ,26.9,53.5
REC-1029,DEV_0087,发热,危急,2025/03/01,已处理 ,8.1,40.6
REC-0643,DEV_0245,异物,较重,2025-03-05,已处理 ,20.9,496.00 kW
REC-0613,DEV_0203,发热,一般 ,2025/09/06,已处理 ,25.0,76.3
REC-0961,DEV_0243,渗漏油,一般,2025年11月2日,已处理,19.0,98.9
REC-0726,DEV_0040,发热,一般,2025-06-18,处理完成,25.9,71.9
REC-0684,DEV_0254,放电痕迹,轻微,2025/10/20,已处理,8.4,204.3
REC-0099,DEV_0160,放电痕迹,轻微,2025-07-22,处理完成,30.3,37.2
REC-0805,DEV_0240,放电痕迹,轻微,2025-07-04,已处理,15.3,105.9
REC-0407,DEV_0045,破损,轻微,2025-12-05,处理中,11.6,52.9
REC-0503,DEV_0205,锈蚀,一般 ,02/11/2025,已处理 ,4.0,38.2
REC-1072,DEV_0096,发热,严重,10/25/2025,处理完成,11.3,199.3
REC-1057,DEV_0239,发热,较重,05/14/2025,在办,20.5,584.3
REC-0930,DEV_0097,异物,轻微,2025/04/19,处理中,12.2,50.3
REC-0780,DEV_0239,锈蚀,紧急,2025-08-06,处理完成,36.9,681.4
REC-0201,DEV_0257,发热,严重,2025-04-24,已处理,16.7,264.0
REC-0135,DEV_0161,锈蚀,紧急,07/20/2025,在办,4.9,672.0
REC-1052,DEV_0166,放电痕迹,一般 ,06/22/2025,已处理 ,15.7,56.1
REC-0041,DEV_0153,放电痕迹,紧急,08/16/2025,处理完成,11.9,424.4
REC-1018,DEV_0300,发热,一般 ,2025/09/18,处理中,35.1,33.3
REC-0231,DEV_0142,发热,轻微,04/20/2025,已处理,44.6,43.2
REC-0379,DEV_0034,破损,较重,2025年11月26日,未处理,15.8,171.4
REC-0289,DEV_0034,放电痕迹,较重,2025-08-03,处理完成,25.0,260.9
REC-0419,DEV_0037,发热,轻微,2025/09/16,已处理 ,14.3,187.5
REC-0392,DEV_0104,破损,较重,2025/10/02,已处理,10.4,760.6
REC-0593,DEV_0104,破损,较重,08/05/2025,未处理 ,35.7,594.3
REC-1163,DEV_0289,异物,较重,2025-05-31,处理中,10.7,598.9
REC-1087,DEV_0272,破损,轻微,2025年2月24日,已处理 ,45.8,156.9
REC-0648,DEV_0163,发热,危急,2025/06/20,未处理,31.9,66.4
REC-1153,DEV_0215,放电痕迹,一般,2025-04-14,已处理,8.9,61.6
REC-0521,DEV_0027,渗漏油,一般 ,2025/12/28,已处理,24.0,155.8
REC-0065,DEV_0072,渗漏油,一般,2025-11-12,已处理,14.7,49.8
REC-0015,DEV_0023,渗漏油,严重,04/09/2025,处理完成,19.1,608.2
REC-1181,DEV_0054,锈蚀,较重,2025-07-18,处理完成,15.5,70.2
REC-1065,DEV_0032,放电痕迹,轻微,2025/11/18,在办,26.2,154.5
REC-0493,DEV_0198,锈蚀,轻微,11/02/2025,在办,35.1,52.8
REC-0380,DEV_0181,破损,轻微,2025年9月15日,已处理,71.6,73.4
REC-0188,DEV_0098,渗漏油,轻微,2025-04-05,已处理,25.0,54.8
REC-0764,DEV_0246,渗漏油,较重,11/07/2025,已处理,9999.0,552.6
REC-0217,DEV_0191,异物,危急,2025/10/29,已处理 ,18.0,482.00 kW
REC-0792,DEV_0132,破损,一般,2025-12-03,已处理 ,12.0,82.2
REC-1077,DEV_0063,破损,较重,2025/03/12,在办,22.7,589.3
REC-0879,DEV_0078,放电痕迹,紧急,10/19/2025,未处理 ,16.5,539.6
REC-0338,DEV_0034,异物,一般,2025/07/14,处理完成,17.8,147.0
REC-0720,DEV_0159,破损,严重,08/29/2025,未处理,35.7,747.0
REC-0296,DEV_0130,锈蚀,轻微,2025-01-06,处理中,29.2,46.7
REC-1017,DEV_0136,锈蚀,一般,2025/06/19,已处理,,51.5
REC-0456,DEV_0070,锈蚀,危急,2025-03-18,处理完成,32.2,427.6
REC-0816,DEV_0096,锈蚀,轻微,2025-06-12,已处理 ,22.8,157.4
REC-0270,DEV_0019,渗漏油,严重,2025-09-28,处理完成,19.6,570.3
REC-0996,DEV_0245,异物,一般 ,12/06/2025,已处理,12.7,460.5
REC-0202,DEV_0073,锈蚀,轻微,2025/08/05,已处理 ,15.4,35.4
REC-0162,DEV_0021,破损,紧急,2025/08/23,处理完成,25.7,66.4
REC-0730,DEV_0286,渗漏油,轻微,2025/10/10,处理中,15.1,24.4
REC-0402,DEV_0222,渗漏油,一般,2025-11-24,处理中,17.9,52.2
REC-0703,DEV_0216,锈蚀,一般,2025/03/17,处理完成,8.7,75.7
REC-1130,DEV_0045,发热,一般 ,2025/09/16,未处理,5.6,42.7
REC-0566,DEV_0281,放电痕迹,危急,12/07/2025,已处理,24.2,783.1
REC-1022,DEV_0047,异物,一般,2025年3月26日,在办,61.6,44.8
REC-1026,DEV_0186,锈蚀,一般,09/26/2025,已处理,24.0,55.1
REC-1105,DEV_0275,放电痕迹,轻微,2025-03-05,处理完成,21.1,84.1
REC-0206,DEV_0047,渗漏油,一般,12/24/2025,已处理,35.4,60.5
REC-0035,DEV_0192,渗漏油,轻微,2025-11-04,处理完成,8.2,57.2
REC-0776,DEV_0016,渗漏油,轻微,08/22/2025,处理完成,11.6,30.7
REC-0509,DEV_0074,异物,严重,2025/04/23,未处理 ,6.2,431.9
REC-1294,DEV_0184,破损,危急,2025年2月1日,未处理,18.5,575.0
REC-0092,DEV_0258,异物,一般 ,2025/07/26,处理中,19.4,259.6
REC-0898,DEV_0259,异物,一般,06/21/2025,已处理 ,45.4,51.7
REC-0565,DEV_0173,异物,轻微,04/29/2025,已处理,6.5,379.9
REC-0777,DEV_0280,发热,轻微,2025年12月17日,未处理,11.4,50.2
REC-0242,DEV_0154,破损,一般 ,2025-03-23,处理中,35.8,87.2
REC-0014,DEV_0261,破损,严重,06/07/2025,在办,29.0,76.6
REC-0316,DEV_0280,发热,轻微,2025/07/28,已处理 ,13.5,53.5
REC-0601,DEV_0018,锈蚀,紧急,2025-08-16,处理完成,17.6,188.8
REC-0388,DEV_0024,发热,一般 ,10/04/2025,处理完成,14.8,82.4
REC-0167,DEV_0091,发热,严重,2025年5月29日,处理完成,6.3,126.9
REC-0841,DEV_0087,异物,一般,2025-02-22,已处理 ,18.4,66.5
REC-0021,DEV_0195,放电痕迹,一般 ,07/07/2025,处理中,5.9,65.8
REC-0647,DEV_0121,发热,严重,08/14/2025,已处理,21.0,624.8
REC-1155,DEV_0093,渗漏油,轻微,2025/01/25,已处理 ,23.1,
REC-0832,DEV_0054,破损,一般 ,12/03/2025,处理完成,9.4,68.1
REC-1268,DEV_0204,放电痕迹,轻微,2025/04/26,已处理,34.8,70.3
REC-0563,DEV_0004,放电痕迹,严重,2025/08/11,在办,10.1,356.6
REC-1280,DEV_0041,破损,轻微,2025/08/04,未处理 ,27.5,36.4
REC-0687,DEV_0196,锈蚀,较重,2025-12-27,已处理 ,10.5,154.1
REC-0958,DEV_0190,锈蚀,严重,08/26/2025,已处理 ,18.6,384.6
REC-0190,DEV_0273,锈蚀,严重,2025/04/03,在办,10.7,453.1
REC-0976,DEV_0229,放电痕迹,一般,2025-11-14,处理中,29.4,105.0
REC-0700,DEV_0102,放电痕迹,一般,05/05/2025,已处理,22.8,19.9
REC-0511,DEV_0103,渗漏油,紧急,12/24/2025,未处理 ,22.8,713.0
REC-1083,DEV_0098,发热,一般 ,2025/10/05,已处理,10.6,123.3
REC-0475,DEV_0216,异物,一般 ,2025年10月27日,已处理,26.7,86.5
REC-0857,DEV_0221,放电痕迹,紧急,01/15/2025,未处理 ,18.0,472.5
REC-0748,DEV_0276,放电痕迹,一般 ,2025/04/10,在办,30.8,50.1
REC-0253,DEV_0016,破损,一般 ,2025/01/22,已处理,5.3,31.4
REC-0022,DEV_0166,发热,一般,03/21/2025,已处理,10.7,36.0
REC-0460,DEV_0077,破损,一般,2025年7月1日,处理完成,21.0,68.1
REC-1185,DEV_0056,破损,一般,2025-04-10,处理完成,29.6,50.1
REC-0277,DEV_0148,发热,轻微,2025/12/18,处理中,6.2,151.5
REC-0956,DEV_0147,异物,一般,04/19/2025,未处理 ,42.6,50.5
REC-1216,DEV_0146,放电痕迹,紧急,2025/08/31,已处理,,299.8
REC-0386,DEV_0096,锈蚀,危急,06/01/2025,已处理,11.4,133.5
REC-0806,DEV_0039,破损,一般 ,2025/01/21,未处理,17.3,51.4
REC-0344,DEV_0171,异物,一般,03/09/2025,在办,21.8,55.9
REC-0770,DEV_0046,异物,紧急,2025-01-01,已处理 ,17.3,167.7
REC-0131,DEV_0135,发热,较重,2025-06-03,处理完成,5.1,134.8
REC-0872,DEV_0195,异物,一般,08/14/2025,处理中,8.1,74.6
REC-1124,DEV_0196,破损,一般,2025/09/17,处理中,34.6,227.4
REC-0088,DEV_0071,发热,轻微,2025/08/01,处理完成,30.5,50.2
REC-0331,DEV_0027,破损,一般,2025-08-09,未处理,605.2,263.7
REC-1239,DEV_0254,破损,较重,2025/02/15,已处理,15.9,209.4
REC-0467,DEV_0226,异物,较重,2025年12月11日,在办,13.9,341.6
REC-0122,DEV_0083,异物,较重,2025-10-30,未处理 ,18.3,151.5
REC-1045,DEV_0214,破损,一般 ,2025/12/22,处理完成,3.0,243.9
REC-1096,DEV_0241,放电痕迹,较重,2025/12/28,处理完成,11.3,193.7
REC-1131,DEV_0020,渗漏油,较重,12/20/2025,已处理 ,11.5,652.7
REC-1295,DEV_0126,渗漏油,较重,2025/01/07,在办,35.5,670.0
REC-0861,DEV_0269,发热,轻微,2025-09-11,已处理,59.4,N/A
REC-1127,DEV_0103,渗漏油,严重,2025年11月21日,已处理 ,37.7,786.9
