设备编号,台区编号,线路名称,设备类型,投运年份
DEV_0204,STATION_C_01,LINE_DELTA_4,互感器,2007
DEV_0267,STATION_B_02,LINE_ALPHA_1,互感器,2005
DEV_0153,STATION_C_04,LINE_BETA_2,变压器,2014
DEV_0010,STATION_A_02,LINE_ALPHA_1,互感器,2006
DEV_0234,STATION_C_02,LINE_BETA_2,变压器,2019
DEV_0227,STATION_C_02,LINE_DELTA_4,避雷器,2021
DEV_0197,STATION_B_01,LINE_ALPHA_1,互感器,2020
DEV_0110,STATION_C_01,LINE_ALPHA_1,绝缘子,2014
DEV_0006,STATION_C_03,LINE_ALPHA_1,绝缘子,2018
DEV_0176,STATION_B_02,LINE_DELTA_4,互感器,2008
DEV_0238,STATION_B_02,LINE_ALPHA_1,变压器,2011
DEV_0058,STATION_A_02,LINE_DELTA_4,避雷器,2017
DEV_0219,STATION_B_02,LINE_BETA_2,避雷器,2018
DEV_0046,STATION_C_04,LINE_BETA_2,断路器,2007
DEV_0183,STATION_B_02,LINE_BETA_2,变压器,2023
DEV_0222,STATION_B_02,LINE_ALPHA_1,避雷器,2006
DEV_0290,STATION_B_02,LINE_DELTA_4,断路器,2005
DEV_0212,STATION_C_01,LINE_GAMMA_3,互感器,2009
DEV_0149,STATION_C_02,LINE_GAMMA_3,断路器,2017
DEV_0166,STATION_C_02,LINE_DELTA_4,避雷器,2012
DEV_0079,STATION_B_03,LINE_BETA_2,绝缘子,2011
DEV_0114,STATION_B_02,LINE_ALPHA_1,避雷器,2010
DEV_0250,STATION_A_01,LINE_GAMMA_3,避雷器,2021
DEV_0251,STATION_A_03,LINE_DELTA_4,互感器,2012
DEV_0105,STATION_C_02,LINE_BETA_2,变压器,2007
DEV_0043,STATION_C_01,LINE_GAMMA_3,互感器,2022
DEV_0282,STATION_B_02,LINE_DELTA_4,互感器,2022
DEV_0296,STATION_B_03,LINE_DELTA_4,避雷器,2017
DEV_0158,STATION_B_03,LINE_GAMMA_3,断路器,2019
DEV_0239,STATION_A_04,LINE_GAMMA_3,变压器,2019
DEV_0018,STATION_A_02,LINE_GAMMA_3,断路器,2019
DEV_0165,STATION_B_02,LINE_ALPHA_1,断路器,2019
DEV_0034,STATION_B_03,LINE_DELTA_4,断路器,2017
DEV_0025,STATION_C_02,LINE_DELTA_4,避雷器,2009
DEV_0216,STATION_A_04,LINE_ALPHA_1,互感器,2014
DEV_0120,STATION_A_02,LINE_GAMMA_3,绝缘子,2007
DEV_0008,STATION_C_01,LINE_GAMMA_3,绝缘子,2008
DEV_0091,STATION_B_02,LINE_GAMMA_3,互感器,2011
DEV_0047,STATION_B_02,LINE_DELTA_4,绝缘子,2023
DEV_0074,STATION_A_02,LINE_BETA_2,变压器,2014
DEV_0094,STATION_B_01,LINE_GAMMA_3,互感器,2013
DEV_0077,STATION_A_04,LINE_GAMMA_3,绝缘子,2006
DEV_0287,STATION_A_02,LINE_GAMMA_3,变压器,2007
DEV_0061,STATION_C_04,LINE_DELTA_4,变压器,2007
DEV_0078,STATION_A_03,LINE_GAMMA_3,变压器,2015
DEV_0064,STATION_C_04,LINE_DELTA_4,断路器,2009
DEV_0235,STATION_B_02,LINE_GAMMA_3,互感器,2016
DEV_0230,STATION_A_03,LINE_DELTA_4,变压器,2017
DEV_0112,STATION_C_02,LINE_ALPHA_1,绝缘子,2020
DEV_0232,STATION_C_03,LINE_ALPHA_1,断路器,2017
DEV_0181,STATION_C_04,LINE_BETA_2,互感器,2022
DEV_0145,STATION_C_04,LINE_GAMMA_3,避雷器,2018
DEV_0240,STATION_B_04,LINE_ALPHA_1,互感器,2015
DEV_0076,STATION_B_02,LINE_ALPHA_1,避雷器,2009
DEV_0298,STATION_B_02,LINE_DELTA_4,变压器,2023
DEV_0279,STATION_A_01,LINE_DELTA_4,绝缘子,2009
DEV_0098,STATION_C_01,LINE_ALPHA_1,绝缘子,2011
DEV_0093,STATION_C_03,LINE_BETA_2,互感器,2008
DEV_0193,STATION_B_04,LINE_DELTA_4,避雷器,2021
DEV_0026,STATION_B_04,LINE_ALPHA_1,断路器,2022
DEV_0233,STATION_A_01,LINE_ALPHA_1,绝缘子,2020
DEV_0060,STATION_C_01,LINE_GAMMA_3,断路器,2012
DEV_0007,STATION_A_02,LINE_BETA_2,断路器,2012
DEV_0186,STATION_B_02,LINE_ALPHA_1,绝缘子,2020
DEV_0174,STATION_C_01,LINE_BETA_2,避雷器,2014
DEV_0031,STATION_B_02,LINE_GAMMA_3,避雷器,2015
DEV_0023,STATION_A_03,LINE_GAMMA_3,变压器,2013
DEV_0257,STATION_C_01,LINE_GAMMA_3,断路器,2007
DEV_0057,STATION_B_03,LINE_ALPHA_1,避雷器,2012
DEV_0187,STATION_A_02,LINE_BETA_2,变压器,2020
DEV_0109,STATION_B_02,LINE_DELTA_4,绝缘子,2018
DEV_0127,STATION_A_01,LINE_DELTA_4,避雷器,2006
DEV_0231,STATION_B_02,LINE_GAMMA_3,断路器,2012
DEV_0194,STATION_B_01,LINE_GAMMA_3,互感器,2012
DEV_0130,STATION_B_04,LINE_GAMMA_3,避雷器,2011
DEV_0283,STATION_C_01,LINE_ALPHA_1,绝缘子,2018
DEV_0083,STATION_A_02,LINE_DELTA_4,互感器,2015
DEV_0085,STATION_B_04,LINE_ALPHA_1,变压器,2016
DEV_0067,STATION_C_03,LINE_BETA_2,绝缘子,2016
DEV_0289,STATION_B_03,LINE_DELTA_4,变压器,2015
DEV_0164,STATION_B_01,LINE_BETA_2,互感器,2018
DEV_0155,STATION_B_02,LINE_GAMMA_3,绝缘子,2006
DEV_0020,STATION_B_02,LINE_DELTA_4,变压器,2017
DEV_0125,STATION_C_03,LINE_BETA_2,避雷器,2020
DEV_0080,STATION_C_01,LINE_BETA_2,互感器,2015
DEV_0115,STATION_B_03,LINE_ALPHA_1,互感器,2014
DEV_0119,STATION_A_03,LINE_BETA_2,断路器,2005
DEV_0073,STATION_B_02,LINE_BETA_2,避雷器,2014
DEV_0016,STATION_C_02,LINE_GAMMA_3,避雷器,2013
DEV_0011,STATION_B_03,LINE_GAMMA_3,互感器,2019
DEV_0195,STATION_C_04,LINE_BETA_2,绝缘子,2011
DEV_0102,STATION_A_03,LINE_DELTA_4,避雷器,2018
DEV_0069,STATION_A_01,LINE_ALPHA_1,互感器,2022
DEV_0225,STATION_C_01,LINE_BETA_2,避雷器,2020
DEV_0038,STATION_C_02,LINE_BETA_2,断路器,2007
DEV_0017,STATION_B_03,LINE_GAMMA_3,断路器,2015
DEV_0180,STATION_B_03,LINE_ALPHA_1,互感器,2020
DEV_0148,STATION_A_03,LINE_DELTA_4,断路器,2016
DEV_0275,STATION_B_02,LINE_ALPHA_1,避雷器,2005
DEV_0068,STATION_B_01,LINE_BETA_2,互感器,2011
DEV_0229,STATION_B_03,LINE_DELTA_4,互感器,2015
DEV_0070,STATION_B_02,LINE_DELTA_4,变压器,2005
DEV_0032,STATION_A_03,LINE_BETA_2,断路器,2018
DEV_0184,STATION_C_01,LINE_DELTA_4,变压器,2015
DEV_0266,STATION_B_03,LINE_ALPHA_1,避雷器,2006
DEV_0226,STATION_A_04,LINE_BETA_2,变压器,2021
DEV_0141,STATION_C_04,LINE_DELTA_4,互感器,2018
DEV_0019,STATION_C_03,LINE_DELTA_4,变压器,2009
DEV_0182,STATION_A_02,LINE_DELTA_4,避雷器,2023
DEV_0097,STATION_A_03,LINE_ALPHA_1,避雷器,2015
DEV_0133,STATION_A_02,LINE_DELTA_4,互感器,2018
DEV_0263,STATION_A_04,LINE_BETA_2,变压器,2021
DEV_0087,STATION_A_02,LINE_ALPHA_1,绝缘子,2016
DEV_0249,STATION_C_02,LINE_GAMMA_3,互感器,2018
DEV_0246,STATION_A_02,LINE_ALPHA_1,变压器,2014
DEV_0117,STATION_A_01,LINE_DELTA_4,绝缘子,2012
DEV_0147,STATION_A_01,LINE_BETA_2,绝缘子,2009
DEV_0293,STATION_C_04,LINE_ALPHA_1,绝缘子,2008
DEV_0198,STATION_A_02,LINE_BETA_2,绝缘子,2019
DEV_0207,STATION_C_02,LINE_GAMMA_3,绝缘子,2009
DEV_0056,STATION_A_01,LINE_DELTA_4,绝缘子,2016
DEV_0173,STATION_C_02,LINE_BETA_2,变压器,2019
DEV_0185,STATION_B_02,LINE_BETA_2,绝缘子,2008
DEV_0168,STATION_A_03,LINE_GAMMA_3,绝缘子,2017
DEV_0140,STATION_B_02,LINE_BETA_2,互感器,2020
DEV_0254,STATION_A_04,LINE_BETA_2,断路器,2022
DEV_0039,STATION_A_04,LINE_ALPHA_1,避雷器,2013
DEV_0126,STATION_B_03,LINE_ALPHA_1,变压器,2006
DEV_0196,STATION_A_02,LINE_BETA_2,断路器,2006
DEV_0284,STATION_B_02,LINE_ALPHA_1,变压器,2013
DEV_0138,STATION_A_01,LINE_DELTA_4,断路器,2005
DEV_0113,STATION_B_03,LINE_BETA_2,避雷器,2009
DEV_0169,STATION_B_01,LINE_ALPHA_1,变压器,2011
DEV_0118,STATION_A_02,LINE_ALPHA_1,绝缘子,2014
DEV_0278,STATION_C_02,LINE_GAMMA_3,避雷器,2008
DEV_0272,STATION_A_01,LINE_BETA_2,断路器,2016
DEV_0156,STATION_B_04,LINE_GAMMA_3,绝缘子,2023
DEV_0177,STATION_C_01,LINE_DELTA_4,绝缘子,2018
DEV_0179,STATION_C_03,LINE_GAMMA_3,断路器,2012
DEV_0003,STATION_B_04,LINE_ALPHA_1,避雷器,2009
DEV_0116,STATION_B_03,LINE_GAMMA_3,避雷器,2020
DEV_0144,STATION_B_01,LINE_BETA_2,断路器,2012
DEV_0178,STATION_A_02,LINE_ALPHA_1,变压器,2008
DEV_0121,STATION_B_02,LINE_DELTA_4,变压器,2006
DEV_0211,STATION_A_04,LINE_DELTA_4,变压器,2017
DEV_0261,STATION_C_02,LINE_GAMMA_3,互感器,2016
DEV_0128,STATION_C_02,LINE_DELTA_4,变压器,2010
DEV_0075,STATION_C_01,LINE_DELTA_4,避雷器,2007
DEV_0030,STATION_B_02,LINE_GAMMA_3,断路器,2015
DEV_0084,STATION_C_02,LINE_ALPHA_1,互感器,2017
DEV_0270,STATION_B_04,LINE_GAMMA_3,变压器,2022
DEV_0108,STATION_B_04,LINE_ALPHA_1,绝缘子,2014
DEV_0224,STATION_A_03,LINE_DELTA_4,避雷器,2009
DEV_0159,STATION_B_03,LINE_DELTA_4,变压器,2013
DEV_0281,STATION_A_04,LINE_ALPHA_1,变压器,2016
DEV_0247,STATION_C_02,LINE_BETA_2,变压器,2015
DEV_0223,STATION_C_01,LINE_ALPHA_1,变压器,2010
DEV_0066,STATION_A_04,LINE_GAMMA_3,避雷器,2016
DEV_0199,STATION_B_01,LINE_DELTA_4,断路器,2005
DEV_0086,STATION_C_01,LINE_ALPHA_1,互感器,2017
DEV_0214,STATION_B_02,LINE_DELTA_4,断路器,2010
DEV_0160,STATION_C_02,LINE_ALPHA_1,避雷器,2010
DEV_0013,STATION_C_01,LINE_ALPHA_1,避雷器,2012
DEV_0036,STATION_A_01,LINE_DELTA_4,避雷器,2022
DEV_0029,STATION_B_03,LINE_ALPHA_1,绝缘子,2012
DEV_0143,STATION_A_04,LINE_ALPHA_1,避雷器,2012
DEV_0285,STATION_B_02,LINE_BETA_2,互感器,2012
DEV_0255,STATION_B_04,LINE_DELTA_4,断路器,2010
DEV_0171,STATION_A_02,LINE_GAMMA_3,避雷器,2017
DEV_0052,STATION_A_03,LINE_ALPHA_1,避雷器,2010
DEV_0096,STATION_A_04,LINE_DELTA_4,断路器,2016
DEV_0209,STATION_A_04,LINE_BETA_2,断路器,2022
DEV_0248,STATION_B_01,LINE_GAMMA_3,变压器,2019
DEV_0042,STATION_C_02,LINE_BETA_2,互感器,2012
DEV_0090,STATION_C_02,LINE_ALPHA_1,避雷器,2019
DEV_0245,STATION_B_04,LINE_DELTA_4,变压器,2011
DEV_0137,STATION_B_04,LINE_GAMMA_3,避雷器,2022
DEV_0027,STATION_B_01,LINE_ALPHA_1,断路器,2015
DEV_0294,STATION_A_04,LINE_DELTA_4,互感器,2018
DEV_0142,STATION_A_03,LINE_BETA_2,避雷器,2021
DEV_0201,STATION_B_01,LINE_ALPHA_1,变压器,2014
DEV_0001,STATION_A_02,LINE_BETA_2,避雷器,2005
DEV_0269,STATION_B_04,LINE_GAMMA_3,绝缘子,2023
DEV_0273,STATION_A_02,LINE_BETA_2,变压器,2012
DEV_0101,STATION_C_02,LINE_DELTA_4,绝缘子,2020
DEV_0260,STATION_B_04,LINE_DELTA_4,互感器,2011
DEV_0256,STATION_A_02,LINE_GAMMA_3,互感器,2016
DEV_0172,STATION_A_02,LINE_DELTA_4,互感器,2008
DEV_0099,STATION_B_04,LINE_BETA_2,变压器,2023
DEV_0037,STATION_C_03,LINE_DELTA_4,断路器,2008
DEV_0062,STATION_C_01,LINE_DELTA_4,避雷器,2012
DEV_0151,STATION_C_03,LINE_DELTA_4,互感器,2014
DEV_0237,STATION_B_04,LINE_BETA_2,互感器,2018
DEV_0203,STATION_B_02,LINE_DELTA_4,绝缘子,2022
DEV_0243,STATION_A_02,LINE_ALPHA_1,互感器,2022
DEV_0012,STATION_C_04,LINE_GAMMA_3,绝缘子,2008
DEV_0297,STATION_C_03,LINE_GAMMA_3,绝缘子,2018
DEV_0268,STATION_B_01,LINE_ALPHA_1,互感器,2012
DEV_0028,STATION_C_02,LINE_ALPHA_1,断路器,2010
DEV_0220,STATION_C_03,LINE_GAMMA_3,互感器,2014
DEV_0005,STATION_B_02,LINE_GAMMA_3,互感器,2013
DEV_0123,STATION_B_04,LINE_DELTA_4,互感器,2021
DEV_0033,STATION_A_02,LINE_BETA_2,绝缘子,2009
DEV_0205,STATION_B_02,LINE_BETA_2,避雷器,2010
DEV_0163,STATION_B_01,LINE_GAMMA_3,互感器,2007
DEV_0210,STATION_C_02,LINE_ALPHA_1,互感器,2005
DEV_0286,STATION_C_04,LINE_DELTA_4,避雷器,2010
DEV_0139,STATION_B_01,LINE_ALPHA_1,避雷器,2013
DEV_0063,STATION_B_01,LINE_ALPHA_1,变压器,2020
DEV_0136,STATION_A_04,LINE_ALPHA_1,避雷器,2019
DEV_0129,STATION_B_03,LINE_ALPHA_1,绝缘子,2015
DEV_0291,STATION_C_02,LINE_DELTA_4,变压器,2012
DEV_0009,STATION_A_03,LINE_BETA_2,互感器,2012
DEV_0071,STATION_C_02,LINE_BETA_2,互感器,2010
DEV_0265,STATION_C_04,LINE_DELTA_4,互感器,2014
DEV_0065,STATION_B_01,LINE_ALPHA_1,绝缘子,2023
DEV_0045,STATION_A_01,LINE_DELTA_4,避雷器,2007
DEV_0280,STATION_A_01,LINE_ALPHA_1,避雷器,2005
DEV_0157,STATION_A_02,LINE_ALPHA_1,避雷器,2013
DEV_0041,STATION_A_02,LINE_GAMMA_3,避雷器,2018
DEV_0124,STATION_B_02,LINE_GAMMA_3,变压器,2020
DEV_0276,STATION_B_02,LINE_BETA_2,绝缘子,2011
DEV_0217,STATION_A_01,LINE_DELTA_4,变压器,2023
DEV_0154,STATION_A_04,LINE_ALPHA_1,互感器,2023
DEV_0024,STATION_C_04,LINE_DELTA_4,绝缘子,2007
DEV_0262,STATION_A_03,LINE_ALPHA_1,互感器,2014
DEV_0111,STATION_A_04,LINE_ALPHA_1,避雷器,2010
DEV_0082,STATION_B_02,LINE_DELTA_4,变压器,2018
DEV_0208,STATION_C_04,LINE_ALPHA_1,变压器,2022
DEV_0213,STATION_C_02,LINE_DELTA_4,避雷器,2008
DEV_0040,STATION_B_04,LINE_DELTA_4,互感器,2014
DEV_0241,STATION_A_02,LINE_GAMMA_3,断路器,2021
DEV_0292,STATION_A_04,LINE_DELTA_4,避雷器,2010
DEV_0259,STATION_A_03,LINE_DELTA_4,避雷器,2012
DEV_0200,STATION_C_04,LINE_BETA_2,绝缘子,2013
DEV_0015,STATION_C_01,LINE_ALPHA_1,避雷器,2016
DEV_0048,STATION_C_03,LINE_DELTA_4,绝缘子,2007
DEV_0095,STATION_C_03,LINE_GAMMA_3,变压器,2015
DEV_0264,STATION_C_04,LINE_ALPHA_1,避雷器,2015
DEV_0228,STATION_B_03,LINE_ALPHA_1,互感器,2017
DEV_0274,STATION_C_04,LINE_ALPHA_1,变压器,2008
DEV_0202,STATION_C_03,LINE_GAMMA_3,断路器,2013
DEV_0162,STATION_B_04,LINE_ALPHA_1,绝缘子,2018
DEV_0044,STATION_B_01,LINE_GAMMA_3,绝缘子,2014
DEV_0218,STATION_A_02,LINE_ALPHA_1,变压器,2016
DEV_0146,STATION_C_03,LINE_GAMMA_3,断路器,2007
DEV_0191,STATION_C_01,LINE_DELTA_4,变压器,2014
DEV_0221,STATION_A_02,LINE_BETA_2,变压器,2005
DEV_0252,STATION_B_02,LINE_BETA_2,互感器,2014
DEV_0004,STATION_B_02,LINE_DELTA_4,变压器,2021
DEV_0106,STATION_C_02,LINE_GAMMA_3,绝缘子,2022
DEV_0054,STATION_B_02,LINE_BETA_2,互感器,2013
DEV_0134,STATION_B_03,LINE_ALPHA_1,避雷器,2010
DEV_0002,STATION_C_02,LINE_DELTA_4,避雷器,2005
DEV_0132,STATION_B_03,LINE_GAMMA_3,绝缘子,2008
DEV_0104,STATION_A_01,LINE_DELTA_4,变压器,2021
DEV_0050,STATION_C_02,LINE_ALPHA_1,互感器,2010
DEV_0081,STATION_C_04,LINE_ALPHA_1,避雷器,2016
DEV_0206,STATION_A_04,LINE_BETA_2,避雷器,2008
DEV_0035,STATION_C_03,LINE_BETA_2,变压器,2013
DEV_0092,STATION_C_02,LINE_ALPHA_1,避雷器,2015
DEV_0053,STATION_B_01,LINE_BETA_2,断路器,2016
DEV_0242,STATION_B_04,LINE_ALPHA_1,避雷器,2011
DEV_0014,STATION_C_02,LINE_BETA_2,断路器,2023
DEV_0089,STATION_C_02,LINE_DELTA_4,绝缘子,2009
DEV_0167,STATION_A_04,LINE_ALPHA_1,避雷器,2022
DEV_0295,STATION_B_03,LINE_BETA_2,避雷器,2014
DEV_0135,STATION_C_02,LINE_BETA_2,断路器,2006
DEV_0288,STATION_B_03,LINE_ALPHA_1,变压器,2016
DEV_0244,STATION_B_04,LINE_ALPHA_1,变压器,2021
DEV_0055,STATION_B_02,LINE_DELTA_4,绝缘子,2019
DEV_0051,STATION_C_02,LINE_GAMMA_3,绝缘子,2006
DEV_0175,STATION_C_01,LINE_GAMMA_3,互感器,2013
DEV_0190,STATION_A_04,LINE_GAMMA_3,变压器,2007
DEV_0299,STATION_A_04,LINE_GAMMA_3,变压器,2020
DEV_0188,STATION_B_01,LINE_GAMMA_3,避雷器,2023
DEV_0170,STATION_A_01,LINE_DELTA_4,断路器,2005
DEV_0059,STATION_C_01,LINE_ALPHA_1,变压器,2023
DEV_0049,STATION_C_01,LINE_ALPHA_1,互感器,2023
DEV_0236,STATION_C_01,LINE_ALPHA_1,避雷器,2006
DEV_0253,STATION_A_03,LINE_DELTA_4,互感器,2013
DEV_0022,STATION_B_01,LINE_ALPHA_1,绝缘子,2015
DEV_0161,STATION_C_04,LINE_GAMMA_3,变压器,2019
DEV_0277,STATION_B_02,LINE_DELTA_4,绝缘子,2011
DEV_0192,STATION_B_04,LINE_DELTA_4,绝缘子,2013
DEV_0258,STATION_A_02,LINE_DELTA_4,变压器,2021
DEV_0150,STATION_A_01,LINE_BETA_2,变压器,2007
DEV_0131,STATION_B_03,LINE_ALPHA_1,避雷器,2014
