 时间戳 ,台区编号,负荷值(kW),温度(℃)
2025-03-01 00:00:00,STATION_A_01,362.77,5.9
2025/03/01 01:00,STATION_A_01,362.77,1.2
2025年3月1日 2时,STATION_A_01,362.83,3.1
2025-03-01 03:00:00,STATION_A_01,363.34,4.8
2025/03/01 04:00,STATION_A_01,366.40,3.7
2025年3月1日 5时,STATION_A_01,378.22,1.2
2025-03-01 06:00:00,STATION_A_01,406.30,6.4
2025/03/01 07:00,STATION_A_01,444.25,6.6
2025年3月1日 8时,STATION_A_01,465.12,6.8
2025-03-01 09:00:00,STATION_A_01,452.53,6.9
2025/03/01 10:00,STATION_A_01,426.29,11.4
2025年3月1日 11时,STATION_A_01,413.42,7.4
2025-03-01 12:00:00,STATION_A_01,415.59,8.9
2025/03/01 13:00,STATION_A_01,418.42,11.1
2025年3月1日 14时,STATION_A_01,412.99,13.5
2025-03-01 15:00:00,STATION_A_01,403.57,10.7
2025/03/01 16:00,STATION_A_01,405.27,12.0
2025年3月1日 17时,STATION_A_01,9999,11.9
2025-03-01 18:00:00,STATION_A_01,492.64,12.3
2025/03/01 19:00,STATION_A_01,542.72,10.2
2025年3月1日 20时,STATION_A_01,541.95,9.1
2025-03-01 21:00:00,STATION_A_01,489.26,7.0
2025/03/01 22:00,STATION_A_01,425.92,9.0
2025年3月1日 23时,STATION_A_01,385.05,7.1
2025-03-02 00:00:00,STATION_A_01,361.80,6.2
2025/03/02 01:00,STATION_A_01,361.81,2.9
2025年3月2日 2时,STATION_A_01,361.86,2.9
2025-03-02 03:00:00,STATION_A_01,362.37,4.5
2025/03/02 04:00,STATION_A_01,365.43,2.7
2025年3月2日 5时,STATION_A_01,377.22,2.6
2025-03-02 06:00:00,STATION_A_01,405.22,5.6
2025/03/02 07:00,STATION_A_01,443.06,3.7
2025年3月2日 8时,STATION_A_01,463.89,6.8
2025-03-02 09:00:00,STATION_A_01,451.32,10.0
2025/03/02 10:00,STATION_A_01,425.15,9.9
2025年3月2日 11时,STATION_A_01,412.32,9.0
2025-03-02 12:00:00,STATION_A_01,414.49,12.7
2025/03/02 13:00,STATION_A_01,417.31,11.5
2025年3月2日 14时,STATION_A_01,411.89,14.6
2025-03-02 15:00:00,STATION_A_01,402.50,14.2
2025/03/02 16:00,STATION_A_01,404.19,12.5
2025年3月2日 17时,STATION_A_01,434.04,11.2
2025-03-02 18:00:00,STATION_A_01,491.33,10.3
2025/03/02 19:00,STATION_A_01,541.27,15.5
2025年3月2日 20时,STATION_A_01,540.51,5.6
2025-03-02 21:00:00,STATION_A_01,487.96,5.3
2025/03/02 22:00,STATION_A_01,424.79,9.2
2025年3月2日 23时,STATION_A_01,384.03,7.6
2025-03-03 00:00:00,STATION_A_01,360.86,5.8
2025/03/03 01:00,STATION_A_01,360.87,0.8
2025年3月3日 2时,STATION_A_01,360.92,4.9
2025-03-03 03:00:00,STATION_A_01,361.43,2.0
2025/03/03 04:00,STATION_A_01,364.48,3.8
2025年3月3日 5时,STATION_A_01,376.24,5.1
2025-03-03 06:00:00,STATION_A_01,404.17,6.1
2025/03/03 07:00,STATION_A_01,441.91,5.0
2025年3月3日 8时,STATION_A_01,462.68,9.6
2025-03-03 09:00:00,STATION_A_01,450.15,10.0
2025/03/03 10:00,STATION_A_01,424.05,8.1
2025年3月3日 11时,STATION_A_01,411.25,10.1
2025-03-03 12:00:00,STATION_A_01,413.41,10.6
2025/03/03 13:00,STATION_A_01,416.22,12.6
2025年3月3日 14时,STATION_A_01,410.82,14.3
2025-03-03 15:00:00,STATION_A_01,401.45,10.0
2025/03/03 16:00,STATION_A_01,403.14,9.6
2025年3月3日 17时,STATION_A_01,432.92,11.2
2025-03-03 18:00:00,STATION_A_01,--,14.4
2025/03/03 19:00,STATION_A_01,539.87,11.4
2025年3月3日 20时,STATION_A_01,539.10,12.7
2025-03-03 21:00:00,STATION_A_01,N/A,8.3
2025/03/03 22:00,STATION_A_01,423.68,5.8
2025年3月3日 23时,STATION_A_01,383.03,3.2
2025-03-04 00:00:00,STATION_A_01,359.95,3.8
2025/03/04 01:00,STATION_A_01,359.95,3.4
2025年3月4日 2时,STATION_A_01,360.01,-0.3
2025-03-04 03:00:00,STATION_A_01,360.51,2.4
2025/03/04 04:00,STATION_A_01,363.56,2.5
2025年3月4日 5时,STATION_A_01,375.28,4.6
2025-03-04 06:00:00,STATION_A_01,403.14,5.2
2025/03/04 07:00,STATION_A_01,"1,234.5",6.9
2025年3月4日 8时,STATION_A_01, 632.1 ,4.5
2025-03-04 09:00:00,STATION_A_01,449.01,6.7
2025/03/04 10:00,STATION_A_01,422.97,11.6
2025年3月4日 11时,STATION_A_01,410.21,10.6
2025-03-04 12:00:00,STATION_A_01,412.36,13.6
2025/03/04 13:00,STATION_A_01,415.17,12.6
2025年3月4日 14时,STATION_A_01,409.78,13.7
2025-03-04 15:00:00,STATION_A_01,400.43,14.5
2025/03/04 16:00,STATION_A_01,402.12,12.3
2025年3月4日 17时,STATION_A_01,431.82,11.7
2025-03-04 18:00:00,STATION_A_01,488.81,10.9
2025/03/04 19:00,STATION_A_01,538.50,11.0
2025年3月4日 20时,STATION_A_01,537.74,11.0
2025-03-04 21:00:00,STATION_A_01,485.46,8.0
2025/03/04 22:00,STATION_A_01,422.61,9.5
2025年3月4日 23时,STATION_A_01,382.06,9.5
2025-03-05 00:00:00,STATION_A_01,359.06,3.9
2025/03/05 01:00,STATION_A_01,359.07,6.8
2025年3月5日 2时,STATION_A_01,359.12,4.2
2025-03-05 03:00:00,STATION_A_01,359.62,4.7
2025/03/05 04:00,STATION_A_01,362.66,4.0
2025年3月5日 5时,STATION_A_01,374.36,6.9
2025-03-05 06:00:00,STATION_A_01,402.15,6.1
2025/03/05 07:00,STATION_A_01,439.71,5.8
2025年3月5日 8时,STATION_A_01,460.37,6.8
2025-03-05 09:00:00,STATION_A_01,447.90,6.7
2025/03/05 10:00,STATION_A_01,421.93,9.1
2025年3月5日 11时,STATION_A_01,409.20,13.4
2025-03-05 12:00:00,STATION_A_01,411.35,14.2
2025/03/05 13:00,STATION_A_01,414.15,11.8
2025年3月5日 14时,STATION_A_01,408.77,11.5
2025-03-05 15:00:00,STATION_A_01,399.45,15.4
2025/03/05 16:00,STATION_A_01,401.13,14.2
2025年3月5日 17时,STATION_A_01,430.76,9.4
2025-03-05 18:00:00,STATION_A_01,487.60,17.4
2025/03/05 19:00,STATION_A_01,537.17,11.3
2025年3月5日 20时,STATION_A_01,536.41,13.1
2025-03-05 21:00:00,STATION_A_01,484.27,9.2
2025/03/05 22:00,STATION_A_01,421.57,5.7
2025年3月5日 23时,STATION_A_01,381.12,6.8
2025-03-06 00:00:00,STATION_A_01,358.20,2.9
2025/03/06 01:00,STATION_A_01,358.21,4.6
2025年3月6日 2时,STATION_A_01,358.26,2.4
2025-03-06 03:00:00,STATION_A_01,358.76,3.8
2025/03/06 04:00,STATION_A_01,361.79,4.8
2025年3月6日 5时,STATION_A_01,373.46,5.4
2025-03-06 06:00:00,STATION_A_01,401.19,3.0
2025/03/06 07:00,STATION_A_01,438.66,5.4
2025年3月6日 8时,STATION_A_01,459.27,4.2
2025-03-06 09:00:00,STATION_A_01,446.83,10.1
2025/03/06 10:00,STATION_A_01,420.92,10.6
2025年3月6日 11时,STATION_A_01,408.22,9.3
2025-03-06 12:00:00,STATION_A_01,410.36,14.9
2025/03/06 13:00,STATION_A_01,413.16,14.0
2025年3月6日 14时,STATION_A_01,407.79,13.4
2025-03-06 15:00:00,STATION_A_01,398.49,12.9
2025/03/06 16:00,STATION_A_01,400.17,12.5
2025年3月6日 17时,STATION_A_01,429.73,11.7
2025-03-06 18:00:00,STATION_A_01,486.44,14.5
2025/03/06 19:00,STATION_A_01,535.89,11.9
2025年3月6日 20时,STATION_A_01,535.13,8.3
2025-03-06 21:00:00,STATION_A_01,483.11,11.3
2025/03/06 22:00,STATION_A_01,420.56,7.6
2025年3月6日 23时,STATION_A_01,380.21,4.9
2025-03-07 00:00:00,STATION_A_01,357.38,9.3
2025/03/07 01:00,STATION_A_01,357.38,3.0
2025年3月7日 2时,STATION_A_01,357.43,3.0
2025-03-07 03:00:00,STATION_A_01,"1,234.5",4.3
2025/03/07 04:00,STATION_A_01,360.96,5.1
2025年3月7日 5时,STATION_A_01,372.60,3.6
2025-03-07 06:00:00,STATION_A_01,400.26,1.7
2025/03/07 07:00,STATION_A_01,437.64,6.8
2025年3月7日 8时,STATION_A_01,458.21,6.0
2025-03-07 09:00:00,STATION_A_01,445.80,8.5
2025/03/07 10:00,STATION_A_01,419.95,8.9
2025年3月7日 11时,STATION_A_01,407.27,9.6
2025-03-07 12:00:00,STATION_A_01,409.41,12.0
2025/03/07 13:00,STATION_A_01,412.20,12.1
2025年3月7日 14时,STATION_A_01,406.85,12.2
2025-03-07 15:00:00,STATION_A_01,397.57,15.7
2025/03/07 16:00,STATION_A_01,399.24,12.0
2025年3月7日 17时,STATION_A_01,428.73,12.8
2025-03-07 18:00:00,STATION_A_01,485.31,12.4
2025/03/07 19:00,STATION_A_01,534.65,8.5
2025年3月7日 20时,STATION_A_01,533.89,8.3
2025-03-07 21:00:00,STATION_A_01,481.99,9.0
2025/03/07 22:00,STATION_A_01,419.59,7.7
2025年3月7日 23时,STATION_A_01,379.33,5.3
2025-03-08 00:00:00,STATION_A_01,356.57,5.8
2025/03/08 01:00,STATION_A_01,356.58,5.6
2025年3月8日 2时,STATION_A_01,356.63,5.7
2025-03-08 03:00:00,STATION_A_01,357.13,5.7
2025/03/08 04:00,STATION_A_01,360.15,6.8
2025年3月8日 5时,STATION_A_01,371.77,5.3
2025-03-08 06:00:00,STATION_A_01,399.36,3.4
2025/03/08 07:00,STATION_A_01,436.66,6.3
2025年3月8日 8时,STATION_A_01,457.18,5.7
2025-03-08 09:00:00,STATION_A_01,444.80,10.8
2025/03/08 10:00,STATION_A_01,419.01,13.0
2025年3月8日 11时,STATION_A_01,406.36,11.6
2025-03-08 12:00:00,STATION_A_01,408.50,14.7
2025/03/08 13:00,STATION_A_01,411.28,15.4
2025年3月8日 14时,STATION_A_01,405.94,14.4
2025-03-08 15:00:00,STATION_A_01,396.68,15.0
2025/03/08 16:00,STATION_A_01,398.35,15.6
2025年3月8日 17时,STATION_A_01,427.77,10.9
2025-03-08 18:00:00,STATION_A_01,484.22,13.1
2025/03/08 19:00,STATION_A_01,533.45,12.7
2025年3月8日 20时,STATION_A_01,532.70,7.9
2025-03-08 21:00:00,STATION_A_01,480.91,12.7
2025/03/08 22:00,STATION_A_01,418.65,10.0
2025年3月8日 23时,STATION_A_01,378.48,8.8
2025-03-09 00:00:00,STATION_A_01,355.80,6.7
2025/03/09 01:00,STATION_A_01,355.81,3.5
2025年3月9日 2时,STATION_A_01,355.86,2.5
2025-03-09 03:00:00,STATION_A_01,356.36,4.4
2025/03/09 04:00,STATION_A_01,359.37,6.0
2025年3月9日 5时,STATION_A_01,370.96,6.2
2025-03-09 06:00:00,STATION_A_01,398.50,9.1
2025/03/09 07:00,STATION_A_01,435.71,6.4
2025年3月9日 8时,STATION_A_01,456.19,7.5
2025-03-09 09:00:00,STATION_A_01,443.84,9.4
2025/03/09 10:00,STATION_A_01,418.10,8.6
2025年3月9日 11时,STATION_A_01,9999,14.5
2025-03-09 12:00:00,STATION_A_01,407.61,12.3
2025/03/09 13:00,STATION_A_01,410.39,14.0
2025年3月9日 14时,STATION_A_01,405.06,15.5
2025-03-09 15:00:00,STATION_A_01,395.82,12.8
2025/03/09 16:00,STATION_A_01,--,14.5
2025年3月9日 17时,STATION_A_01,426.85,13.5
2025-03-09 18:00:00,STATION_A_01,483.18,14.6
2025/03/09 19:00,STATION_A_01,532.30,11.8
2025年3月9日 20时,STATION_A_01,531.54,5.5
2025-03-09 21:00:00,STATION_A_01,479.87,7.7
2025/03/09 22:00,STATION_A_01,417.74,5.5
2025年3月9日 23时,STATION_A_01,377.66,10.5
2025-03-10 00:00:00,STATION_A_01,355.06,8.7
2025/03/10 01:00,STATION_A_01,355.07,1.5
2025年3月10日 2时,STATION_A_01,355.12,3.1
2025-03-10 03:00:00,STATION_A_01,355.62,2.3
2025/03/10 04:00,STATION_A_01,358.62,5.3
2025年3月10日 5时,STATION_A_01,370.19,3.7
2025-03-10 06:00:00,STATION_A_01,397.67,5.7
2025/03/10 07:00,STATION_A_01,434.81,4.7
2025年3月10日 8时,STATION_A_01,455.24,9.1
2025-03-10 09:00:00,STATION_A_01,442.91,6.5
2025/03/10 10:00,STATION_A_01,417.23,15.3
2025年3月10日 11时,STATION_A_01,404.64,14.7
2025-03-10 12:00:00,STATION_A_01,406.76,17.4
2025/03/10 13:00,STATION_A_01,409.53,14.8
2025年3月10日 14时,STATION_A_01,404.22,17.0
2025-03-10 15:00:00,STATION_A_01,395.00,16.0
2025/03/10 16:00,STATION_A_01,396.66,12.4
2025年3月10日 17时,STATION_A_01,425.96,13.0
2025-03-10 18:00:00,STATION_A_01,482.17,13.7
2025/03/10 19:00,STATION_A_01,531.19,14.0
2025年3月10日 20时,STATION_A_01,530.44,10.8
2025-03-10 21:00:00,STATION_A_01,478.87,10.5
2025/03/10 22:00,STATION_A_01,416.87,7.7
2025年3月10日 23时,STATION_A_01,376.87,6.4
2025-03-11 00:00:00,STATION_A_01,354.35,3.7
2025/03/11 01:00,STATION_A_01,354.35,6.3
2025年3月11日 2时,STATION_A_01,354.41,4.2
2025-03-11 03:00:00,STATION_A_01,354.90,2.6
2025/03/11 04:00,STATION_A_01,357.90,4.0
2025年3月11日 5时,STATION_A_01, 632.1 ,6.1
2025-03-11 06:00:00,STATION_A_01,,7.5
2025/03/11 07:00,STATION_A_01,433.94,7.0
2025年3月11日 8时,STATION_A_01,454.33,10.4
2025-03-11 09:00:00,STATION_A_01,442.03,12.4
2025/03/11 10:00,STATION_A_01,416.39,10.4
2025年3月11日 11时,STATION_A_01,403.83,13.8
2025-03-11 12:00:00,STATION_A_01,405.95,11.9
2025/03/11 13:00,STATION_A_01,408.71,11.5
2025年3月11日 14时,STATION_A_01,403.41,12.6
2025-03-11 15:00:00,STATION_A_01,394.21,12.9
2025/03/11 16:00,STATION_A_01,395.87,13.5
2025年3月11日 17时,STATION_A_01,425.10,17.4
2025-03-11 18:00:00,STATION_A_01,481.20,12.1
2025/03/11 19:00,STATION_A_01,530.12,11.4
2025年3月11日 20时,STATION_A_01,529.37,11.2
2025-03-11 21:00:00,STATION_A_01,477.91,7.3
2025/03/11 22:00,STATION_A_01,416.03,8.7
2025年3月11日 23时,STATION_A_01,376.12,8.5
2025-03-12 00:00:00,STATION_A_01,353.67,9.1
2025/03/12 01:00,STATION_A_01,353.67,8.1
2025年3月12日 2时,STATION_A_01,353.73,5.9
2025-03-12 03:00:00,STATION_A_01,354.22,4.6
2025/03/12 04:00,STATION_A_01,357.21,4.9
2025年3月12日 5时,STATION_A_01,368.73,6.4
2025-03-12 06:00:00,STATION_A_01,396.11,6.4
2025/03/12 07:00,STATION_A_01,433.10,7.3
2025年3月12日 8时,STATION_A_01,453.46,6.9
2025-03-12 09:00:00,STATION_A_01,441.18,11.1
2025/03/12 10:00,STATION_A_01,415.59,11.6
2025年3月12日 11时,STATION_A_01,403.05,10.9
2025-03-12 12:00:00,STATION_A_01,405.17,15.9
2025/03/12 13:00,STATION_A_01,407.92,14.4
2025年3月12日 14时,STATION_A_01,402.63,11.9
2025-03-12 15:00:00,STATION_A_01,393.45,16.3
2025/03/12 16:00,STATION_A_01,395.10,13.3
2025年3月12日 17时,STATION_A_01,424.28,13.3
2025-03-12 18:00:00,STATION_A_01,480.28,12.9
2025/03/12 19:00,STATION_A_01,529.10,13.8
2025年3月12日 20时,STATION_A_01,528.35,11.0
2025-03-12 21:00:00,STATION_A_01,476.99,11.0
2025/03/12 22:00,STATION_A_01,415.23,5.8
2025年3月12日 23时,STATION_A_01,9999,5.5
2025-03-13 00:00:00,STATION_A_01,353.02,6.7
2025/03/13 01:00,STATION_A_01,353.02,4.5
2025年3月13日 2时,STATION_A_01,353.07,5.0
2025-03-13 03:00:00,STATION_A_01,353.57,6.5
2025/03/13 04:00,STATION_A_01,356.55,3.9
2025年3月13日 5时,STATION_A_01,N/A,4.5
2025-03-13 06:00:00,STATION_A_01,395.38,6.8
2025/03/13 07:00,STATION_A_01,432.30,3.8
2025年3月13日 8时,STATION_A_01,--,10.6
2025-03-13 09:00:00,STATION_A_01,440.36,10.2
2025/03/13 10:00,STATION_A_01,414.82,11.4
2025年3月13日 11时,STATION_A_01,402.31,11.4
2025-03-13 12:00:00,STATION_A_01,404.42,14.6
2025/03/13 13:00,STATION_A_01,407.17,13.9
2025年3月13日 14时,STATION_A_01,401.89,16.8
2025-03-13 15:00:00,STATION_A_01,392.72,11.7
2025/03/13 16:00,STATION_A_01,394.37,14.7
2025年3月13日 17时,STATION_A_01,423.50,14.2
2025-03-13 18:00:00,STATION_A_01,479.39,14.0
2025/03/13 19:00,STATION_A_01,528.13,14.9
2025年3月13日 20时,STATION_A_01,527.38,8.8
2025-03-13 21:00:00,STATION_A_01,476.11,7.5
2025/03/13 22:00,STATION_A_01,414.47,8.1
2025年3月13日 23时,STATION_A_01,374.70,4.2
2025-03-14 00:00:00,STATION_A_01,352.39,10.9
2025/03/14 01:00,STATION_A_01,352.40,7.7
2025年3月14日 2时,STATION_A_01,352.45,6.4
2025-03-14 03:00:00,STATION_A_01,352.94,6.8
2025/03/14 04:00,STATION_A_01,355.92,7.8
2025年3月14日 5时,STATION_A_01,367.40,4.9
2025-03-14 06:00:00,STATION_A_01,394.68,6.1
2025/03/14 07:00,STATION_A_01,431.54,8.4
2025年3月14日 8时,STATION_A_01,451.82,8.0
2025-03-14 09:00:00,STATION_A_01,439.58,8.5
2025/03/14 10:00,STATION_A_01,414.09,10.4
2025年3月14日 11时,STATION_A_01,401.60,13.2
2025-03-14 12:00:00,STATION_A_01,403.70,15.2
2025/03/14 13:00,STATION_A_01,406.45,12.0
2025年3月14日 14时,STATION_A_01,401.18,14.4
2025-03-14 15:00:00,STATION_A_01,392.03,14.9
2025/03/14 16:00,STATION_A_01,,12.3
2025年3月14日 17时,STATION_A_01,422.75,15.1
2025-03-14 18:00:00,STATION_A_01,478.55,13.4
2025/03/14 19:00,STATION_A_01,527.19,10.9
2025年3月14日 20时,STATION_A_01,N/A,10.5
2025-03-14 21:00:00,STATION_A_01,475.27,11.1
2025/03/14 22:00,STATION_A_01,413.74,10.7
2025年3月14日 23时,STATION_A_01,374.04,8.4
